date,corr_30_BTC_NASDAQ,corr_30_BTC_GOLD,corr_30_BTC_DXY,corr_90_BTC_NASDAQ,corr_90_BTC_GOLD,corr_90_BTC_DXY,realized_vol_20,btc_momentum_20,dxy_change_20,real_yield_change_20,fng_level,fng_change_14,regime_RISK_ASSET,regime_HARD_ASSET,regime_IDIOSYNCRATIC,regime_MIXED,current_regime_label,target_regime_label
2018-06-12,-0.057040504124201356,0.0844332192376295,-0.14425238294204376,0.12507347600207863,-0.11328119365650319,-0.061781540057888065,0.47159199329884943,-0.28085773248692636,1.2100067138671733,-0.020000000000000018,19.0,-11.0,0,0,1,0,IDIOSYNCRATIC,IDIOSYNCRATIC
2018-06-13,-0.03938619311474144,0.06331178752071841,-0.13511873507774733,0.11641751639360048,-0.1349921138224203,-0.04905043780441056,0.47656845950977944,-0.2928475317974803,0.48999786376953125,-0.040000000000000036,19.0,-7.0,0,0,1,0,IDIOSYNCRATIC,IDIOSYNCRATIC
2018-06-14,0.049407717751182696,0.08649375842760434,0.07604783418055996,-0.03396739299106389,-0.12188439308190933,0.030550965089249243,0.5261894924751385,-0.2260924471215703,1.3799972534179688,-0.10000000000000009,17.0,-10.0,0,0,1,0,IDIOSYNCRATIC,IDIOSYNCRATIC
2018-06-15,0.12690426224106283,0.07216022387258439,0.12307712558488139,-0.07766929100637081,-0.0576279932914384,0.03354159277842696,0.52617384086924,-0.2260627814719398,1.3199996948242188,-0.1399999999999999,26.0,1.0,0,0,1,0,IDIOSYNCRATIC,IDIOSYNCRATIC
2018-06-18,0.08388252130309193,0.0523805898372731,0.09537317028764929,-0.0815598943212139,-0.0628427845642626,0.03808241985704502,0.5485277410690707,-0.2030396787057248,1.1100006103515625,-0.10999999999999999,27.0,11.0,0,0,1,0,IDIOSYNCRATIC,IDIOSYNCRATIC
2018-06-19,0.09230467350245147,0.05282671417264172,0.11563988259680927,-0.015186362760963206,-0.070778225633032,0.04489585258948251,0.5404954574841192,-0.21799768080347204,1.4099960327148438,-0.13,32.0,-6.0,0,0,1,0,IDIOSYNCRATIC,IDIOSYNCRATIC
2018-06-20,0.1003916509042472,0.04557583297766057,0.11722857557725695,-0.031517127013015615,-0.06883454800867515,0.03837981153091952,0.5264502313493665,-0.17118233094084345,1.4499969482422017,-0.09999999999999998,34.0,9.0,0,0,1,0,IDIOSYNCRATIC,IDIOSYNCRATIC
2018-06-21,0.06100315729734092,0.04924555734055549,0.12336924116924718,-0.038626465772620806,-0.07417050133446122,0.04420998895770284,0.4890727559539752,-0.11604622081071886,0.8600006103515625,-0.07999999999999996,37.0,13.0,0,0,1,0,IDIOSYNCRATIC,IDIOSYNCRATIC
2018-06-22,0.1397193637868259,0.012600179835599976,0.18887932486141137,-0.02737589074466164,-0.07583467427380454,0.05698598712143934,0.5874464259951355,-0.22086963810768545,0.7399978637695312,-0.07999999999999996,28.0,-13.0,0,0,1,0,IDIOSYNCRATIC,IDIOSYNCRATIC
2018-06-25,-0.011826174967572073,-0.005905718748944672,0.1314594382633736,-0.08353655137352108,-0.16302166077540575,0.10303378284313681,0.6016516883243836,-0.1798012433968112,0.08999633789063921,-0.06999999999999995,16.0,-10.0,0,0,1,0,IDIOSYNCRATIC,IDIOSYNCRATIC
2018-06-26,-0.021842829452863925,0.027475930522462947,0.12049558572316421,-0.11251115816405685,-0.1671690948489955,0.135339438867754,0.6034272194004008,-0.20399112370356562,-0.15000152587889204,0.030000000000000027,21.0,-21.0,0,0,1,0,IDIOSYNCRATIC,IDIOSYNCRATIC
2018-06-27,-0.08110905243896116,-0.03394755717126289,0.17385118767814697,-0.11621760002784488,-0.16870161844997691,0.1369470367213035,0.6076144660498712,-0.18474995515180628,1.1399993896484375,-0.06000000000000005,18.0,-20.0,0,0,1,0,IDIOSYNCRATIC,IDIOSYNCRATIC
2018-06-28,-0.10499200432605339,-0.020356079427302408,0.17084120797583732,-0.12335065335927974,-0.10890200973003696,0.09058325268488496,0.6126976362685427,-0.23859015257827798,1.4000015258789205,-0.020000000000000018,20.0,-20.0,0,0,1,0,IDIOSYNCRATIC,IDIOSYNCRATIC
2018-06-29,-0.10566364953162329,0.05173382300344492,0.028430625014087777,-0.12630486390371107,-0.10763686092543927,0.06589879099619886,0.6491037857456298,-0.192917971033782,0.43999481201171875,-0.06000000000000005,16.0,1.0,0,0,1,0,IDIOSYNCRATIC,IDIOSYNCRATIC
2018-07-02,-0.028780173731417766,-0.08061851069610289,0.05105447065610087,-0.11695499561827412,-0.1187405278106194,0.05688388173195979,0.6945198426779672,-0.12761466792893472,0.8500061035156392,-0.08999999999999997,27.0,8.0,0,0,1,0,IDIOSYNCRATIC,IDIOSYNCRATIC
2018-07-03,-0.038329632136136146,-0.09286511921810375,0.05422003987859653,-0.13042283443070726,-0.11990676277423873,0.05673881980821461,0.6900735602390182,-0.15623635457275586,0.6999969482421875,-0.08000000000000007,31.0,12.0,0,0,1,0,IDIOSYNCRATIC,IDIOSYNCRATIC
2018-07-05,-0.021380149305693503,-0.07142344577084668,0.03725080830705551,-0.12778347007305527,-0.11735669686255802,0.0547876094963226,0.6944297942769826,-0.14224331381481203,0.80999755859375,-0.12,37.0,20.0,0,0,1,0,IDIOSYNCRATIC,IDIOSYNCRATIC
2018-07-06,0.02836776548380891,-0.05446310844680096,0.08054692600997981,-0.11341479489602795,-0.10274634881685012,0.03580835664172429,0.6948365043108266,-0.14024592482272455,0.6399993896484375,-0.10000000000000009,34.0,8.0,0,0,1,0,IDIOSYNCRATIC,IDIOSYNCRATIC
2018-07-09,0.04131699852909511,-0.06253815787691736,0.08669569453543445,-0.11586252735960222,-0.10125197721072955,0.04033760423260643,0.6973770114921841,-0.12310228524966643,0.529998779296875,-0.08999999999999997,39.0,12.0,0,0,1,0,IDIOSYNCRATIC,IDIOSYNCRATIC
2018-07-10,0.046194059110649464,-0.05650802380948374,0.09052174242425955,-0.09777801654730144,-0.09340001467494352,0.05630688513966001,0.6464535328577978,-0.08723142819002214,0.5299987792968892,-0.08999999999999997,37.0,5.0,0,0,1,0,IDIOSYNCRATIC,IDIOSYNCRATIC
2018-07-11,0.037387009315841824,-0.07970972573013084,0.1067820186587377,-0.10487171172420642,-0.10473660087942196,0.06935738544606428,0.6279220120156663,-0.028922242910746826,0.9199981689453267,-0.08999999999999997,29.0,-5.0,0,0,1,0,IDIOSYNCRATIC,IDIOSYNCRATIC
2018-07-12,0.01201003894015785,-0.09648333340087387,0.10283214560398775,-0.1223094537289043,-0.10708335819833165,0.06571554778203673,0.6220910070887499,-0.019253736644592637,1.099998474121108,-0.10999999999999999,33.0,-4.0,0,0,1,0,IDIOSYNCRATIC,IDIOSYNCRATIC
2018-07-13,0.019191200519643667,-0.09784770708568875,0.11025566849310654,-0.11639911650836782,-0.07774874569755744,0.039055195145927486,0.5940440071188736,-0.06775404976481468,-0.01999664306640625,-0.09999999999999998,29.0,1.0,0,0,1,0,IDIOSYNCRATIC,IDIOSYNCRATIC
2018-07-16,-0.03081198156605854,-0.07309495766681057,0.04718768959323479,-0.11749566909281402,-0.09593587120723641,0.017269126939813362,0.6454370229352558,0.04321975719750661,-0.2799987792968608,-0.06000000000000005,36.0,20.0,0,0,1,0,IDIOSYNCRATIC,IDIOSYNCRATIC
2018-07-17,0.01454364215647288,-0.17670538034042732,0.12268283834202247,-0.09940243393905944,-0.1359845199929299,0.06347865459757995,0.6903384874803309,0.08346134237278183,0.220001220703125,-0.030000000000000027,39.0,18.0,0,0,1,0,IDIOSYNCRATIC,IDIOSYNCRATIC
2018-07-18,0.008724074948389796,-0.191445217295845,0.1305807937915062,-0.09948385258731968,-0.13525043293593136,0.06364011602628653,0.6903893135341017,0.08503129031650677,-0.00999450683595171,0.020000000000000018,42.0,24.0,0,0,1,0,IDIOSYNCRATIC,IDIOSYNCRATIC
2018-07-19,0.0005874833306483217,-0.19730919081579298,0.13525513371137637,-0.10002421887933832,-0.13687855405717161,0.06182825734849698,0.6909163759892428,0.09700645033964948,0.1100006103515625,-0.06000000000000005,44.0,24.0,0,0,1,0,IDIOSYNCRATIC,IDIOSYNCRATIC
2018-07-20,0.005741024178289178,-0.206609156504071,0.1515390976877068,-0.0998562533022826,-0.14012033276355196,0.06811117275473513,0.693285591735204,0.08872549949186914,-0.4100036621093892,-0.010000000000000009,47.0,31.0,0,0,1,0,IDIOSYNCRATIC,IDIOSYNCRATIC
2018-07-23,0.014959115247414572,-0.2193275430410963,0.16654738164563723,-0.10589707342307919,-0.15124364011300062,0.07467041744569533,0.5917515888085403,0.23705071820679724,0.15000152587892046,0.06999999999999995,44.0,17.0,0,0,1,0,IDIOSYNCRATIC,IDIOSYNCRATIC
2018-07-24,0.018263769663248067,-0.14481679387428442,0.15307541044820988,-0.10450366833343099,-0.14250364468254373,0.06436944532608178,0.6472121977473293,0.2986664866877624,0.3300018310546875,0.06999999999999995,49.0,18.0,0,0,1,0,IDIOSYNCRATIC,IDIOSYNCRATIC
2018-07-25,0.006112203045907917,-0.19119212689575302,0.1981436795339419,-0.11132840317683568,-0.14909464406871348,0.07044997675628725,0.6505239468913158,0.29461156488803364,-0.31999969482421875,0.050000000000000044,54.0,17.0,0,0,1,0,IDIOSYNCRATIC,IDIOSYNCRATIC
2018-07-26,0.035913323164887066,-0.13217503058070615,0.15895705881435496,-0.08898286503176628,-0.14420270007859873,0.07410255237946067,0.6674791149378929,0.2557599200307519,-0.5400009155273438,0.15000000000000002,53.0,19.0,0,0,1,0,IDIOSYNCRATIC,IDIOSYNCRATIC
2018-07-27,-0.024987353120869846,-0.149259352050187,0.07329713818965582,-0.0999433400621602,-0.1376135056805467,0.06093198109025537,0.6379697519142972,0.3243227005309497,-0.7099990844726562,0.09999999999999998,47.0,8.0,0,0,1,0,IDIOSYNCRATIC,IDIOSYNCRATIC
2018-07-30,-0.023500140183388262,-0.2711733779550196,0.08028776391618796,-0.0997935586386584,-0.147938622161943,0.06249059478953306,0.6260286007338175,0.2742543001239575,-0.26999664306639204,0.10999999999999999,53.0,16.0,0,0,1,0,IDIOSYNCRATIC,IDIOSYNCRATIC
2018-07-31,-0.05404649012428396,-0.3003976636389688,0.06197980378831741,-0.12139342036338509,-0.15877913377794817,0.05967382420775482,0.6374635964008073,0.16239702856593907,-0.3800048828125284,0.10999999999999999,48.0,19.0,0,0,1,0,IDIOSYNCRATIC,IDIOSYNCRATIC
2018-08-01,-0.06381684282532578,-0.2702039897417062,0.05351737346789765,-0.11513203819804176,-0.17000377274049516,0.06667708806111747,0.6409944183547976,0.15507640938584927,0.03000640869142046,0.16000000000000003,39.0,6.0,0,0,1,0,IDIOSYNCRATIC,IDIOSYNCRATIC
2018-08-02,-0.07282539669806991,-0.2634868107400557,0.03641300391041839,-0.05991748951589852,-0.14835513898998148,0.03449184741022011,0.6422467668670495,0.13083403990521195,0.6999969482422017,0.15000000000000002,39.0,10.0,0,0,1,0,IDIOSYNCRATIC,IDIOSYNCRATIC
2018-08-03,-0.08386385462152639,-0.2749225007515826,0.033560489268739814,-0.10497079392791916,-0.16448771634008122,0.047161171516368235,0.6477129984190402,0.10797209061960045,1.0999984741210938,0.13,36.0,0.0,0,0,1,0,IDIOSYNCRATIC,IDIOSYNCRATIC
2018-08-06,-0.15552044258131234,-0.1848284441932524,-0.09431329864585418,-0.10858575386039337,-0.14332009127042714,0.030221038004032853,0.6940723777637978,0.030681055614886238,1.2799987792968892,0.09999999999999998,25.0,-14.0,0,0,1,0,IDIOSYNCRATIC,IDIOSYNCRATIC
2018-08-07,-0.1261890385485569,-0.19470488626726842,-0.06529508786083658,-0.06875894755542647,-0.1443247374705595,0.03890764656962685,0.6635000886712943,0.06471226958193398,1.1100006103515625,0.10999999999999999,25.0,-17.0,0,0,1,0,IDIOSYNCRATIC,IDIOSYNCRATIC
2018-08-08,-0.10855281632519581,-0.24669213332025755,-0.014941034545508042,-0.08001718569986487,-0.15332974763850932,0.046857130479971414,0.707547979122921,-0.014001266145678773,0.37999725341796875,0.10999999999999999,23.0,-21.0,0,0,1,0,IDIOSYNCRATIC,IDIOSYNCRATIC
2018-08-09,-0.10552344949778135,-0.2422964287391241,0.009219926314495686,-0.09683916044046978,-0.13805260857889262,0.05426749812051089,0.7149940513153878,0.05305907410847967,0.6900024414062358,0.06999999999999995,19.0,-28.0,0,0,1,0,IDIOSYNCRATIC,IDIOSYNCRATIC
2018-08-10,-0.021347683789477774,-0.25731801071182914,-0.09661983308649212,-0.04838607553162485,-0.13170436704413666,0.007013716418179605,0.7473450957424815,-0.008587491435324723,1.6100006103515625,0.06000000000000005,21.0,-23.0,0,0,1,0,IDIOSYNCRATIC,IDIOSYNCRATIC
2018-08-13,-0.02587215401490738,-0.3067005469465975,-0.008703546129668928,-0.049945547327895044,-0.1415374370199072,0.007554193595218747,0.6955496860510434,-0.06815571834714951,1.8799972534179545,0.030000000000000027,21.0,-28.0,0,0,1,0,IDIOSYNCRATIC,IDIOSYNCRATIC
2018-08-14,-0.07808074881393251,-0.25481809544287526,-0.047674596741441894,-0.07587517617290536,-0.1365645264408663,-0.00466898597017781,0.6219119782263083,-0.16624988925683779,1.7600021362304688,0.030000000000000027,16.0,-38.0,0,0,1,0,IDIOSYNCRATIC,IDIOSYNCRATIC
2018-08-15,-0.1151279043642687,-0.26461565390178277,-0.06300481888449999,-0.0856916230087886,-0.14982633990079242,-8.156181997731817e-05,0.6262316038085097,-0.1556224021147857,1.6199951171875284,-0.010000000000000009,18.0,-35.0,0,0,1,0,IDIOSYNCRATIC,IDIOSYNCRATIC
2018-08-16,-0.13637547788630605,-0.28277540218044134,-0.05624507010745759,-0.09479798013189052,-0.15206558825199623,0.002303988239388791,0.6232927650905824,-0.16442735498617497,1.4800033569335795,0.040000000000000036,21.0,-26.0,0,0,1,0,IDIOSYNCRATIC,IDIOSYNCRATIC
2018-08-17,-0.14776390677779078,-0.20303587448384425,-0.10618791699160056,-0.09119732861354117,-0.13929515619103694,-0.015625184908444036,0.6427320375244043,-0.11113157661545656,1.6399993896484375,0.010000000000000009,19.0,-34.0,0,0,1,0,IDIOSYNCRATIC,IDIOSYNCRATIC
2018-08-20,-0.16089927459826592,-0.24045838314434892,-0.07680086836968532,-0.13672923363774217,-0.0935544923752078,-0.01968268360090832,0.6242213241552742,-0.20075947654730408,1.2300033569335795,-0.09999999999999998,26.0,-22.0,0,0,1,0,IDIOSYNCRATIC,IDIOSYNCRATIC
2018-08-21,-0.1491567979709093,-0.2279052513317473,-0.12285119032509749,-0.13163357563481762,-0.08852370718309087,-0.036791089267061886,0.5324711118165644,-0.26104535679045116,0.6500015258789205,-0.06999999999999995,19.0,-20.0,0,0,1,0,IDIOSYNCRATIC,IDIOSYNCRATIC
2018-08-22,-0.14990615191701745,-0.23161068322013334,-0.13657298642708704,-0.13844909852315815,-0.09464273890275222,-0.02631288284716676,0.5294995528998659,-0.24920979529592324,0.7900009155273438,-0.07000000000000006,21.0,-18.0,0,0,1,0,IDIOSYNCRATIC,IDIOSYNCRATIC
2018-08-23,-0.12042932857640747,-0.23361798362686914,-0.10327325859693923,-0.13352618501401586,-0.10267195818401673,-0.016792236207705022,0.5409035327021339,-0.19621669457070776,0.8700027465820455,-0.14,18.0,-18.0,0,0,1,0,IDIOSYNCRATIC,IDIOSYNCRATIC
2018-08-24,-0.09099221475827866,-0.14652711080626737,-0.1283725349195298,-0.1257444167662294,-0.07273667268246796,-0.030811305702794604,0.5421434839952508,-0.19477572613313457,0.470001220703125,-0.10999999999999999,19.0,-6.0,0,0,1,0,IDIOSYNCRATIC,IDIOSYNCRATIC
2018-08-27,-0.0391130908206562,-0.1444806919537324,-0.10896652461759486,-0.11200862476745647,-0.06529307090119599,-0.04385960472492352,0.5535551973636538,-0.17245796312173345,0.4199981689453125,-0.10999999999999999,18.0,-7.0,0,0,1,0,IDIOSYNCRATIC,IDIOSYNCRATIC
2018-08-28,-0.10116339421768529,-0.07560263577226804,-0.22516351458380784,-0.07945079889183365,-0.05576090150945173,-0.06675456719859724,0.5474489877682303,-0.09204221152682106,0.23000335693360796,-0.06999999999999995,19.0,-4.0,0,0,1,0,IDIOSYNCRATIC,IDIOSYNCRATIC
2018-08-29,-0.10407003745595235,-0.07988147464859564,-0.22632273031966058,-0.07869609108040604,-0.05304172750393044,-0.07336870581660362,0.5446068042790635,-0.0787958186809485,-0.02000427246095171,-0.09999999999999998,19.0,0.0,0,0,1,0,IDIOSYNCRATIC,IDIOSYNCRATIC
2018-08-30,-0.09122579995346336,-0.0681216503547395,-0.2335151758870977,-0.017809072624264333,-0.07943325462738439,-0.05969502226926989,0.5448498324793147,-0.08102119736967425,-0.4499969482422017,-0.09999999999999998,22.0,1.0,0,0,1,0,IDIOSYNCRATIC,IDIOSYNCRATIC
2018-08-31,-0.09255255904095941,-0.05696398025616537,-0.2599054104301771,-0.02579854120133557,-0.1076518229166434,-0.02823143067989167,0.5441118642725203,-0.054852178376175495,0.0,-0.04999999999999993,17.0,-4.0,0,0,1,0,IDIOSYNCRATIC,IDIOSYNCRATIC
2018-09-04,-0.1241542912638403,-0.05774635160040077,-0.2519318570804183,-0.06613052402820015,-0.11125842159026941,-0.03473701313165,0.5144583910715554,0.05728488125840418,0.05999755859376421,-0.029999999999999916,26.0,10.0,0,0,1,0,IDIOSYNCRATIC,IDIOSYNCRATIC
2018-09-05,0.01716320782035062,-0.12062107220103951,-0.1698214832903447,-0.022513292433855872,-0.11935673865390185,-0.013060864306639434,0.5810370348708704,0.005863017967333253,-0.09000396728517046,-0.039999999999999925,17.0,-1.0,0,0,1,0,IDIOSYNCRATIC,IDIOSYNCRATIC
2018-09-06,0.08967743327131299,-0.11420217006668917,-0.17492516347978393,0.004269772658419101,-0.11538392047936535,-0.015853236431983834,0.5453682253604045,0.0348100037577954,-0.0800018310546875,-0.04999999999999993,14.0,-7.0,0,0,1,0,IDIOSYNCRATIC,IDIOSYNCRATIC
2018-09-07,0.0642586455749228,-0.13761856725187369,-0.15638397718057492,0.008226378946070053,-0.11856790675580496,-0.01270640988447191,0.5274851248267671,-0.01552126742458728,-0.12999725341795454,0.020000000000000018,17.0,-2.0,0,0,1,0,IDIOSYNCRATIC,IDIOSYNCRATIC
2018-09-10,0.1445871833842962,-0.14606226899116737,-0.1392313139944531,0.010843809726228238,-0.11925308953995503,-0.009258891983030634,0.4881122310816899,0.023172761726725485,-1.2099990844726562,0.05999999999999994,15.0,-11.0,0,0,1,0,IDIOSYNCRATIC,IDIOSYNCRATIC
2018-09-11,0.19009228958962282,-0.1434517605097746,-0.13340840620829597,0.019035779695416432,-0.1402265881716618,-0.002855188430821441,0.4842368258282045,0.0037452776584893277,-1.3300018310546733,0.07999999999999996,18.0,-1.0,0,0,1,0,IDIOSYNCRATIC,IDIOSYNCRATIC
2018-09-12,0.21702272787723012,-0.10500230328321519,-0.13124637981720116,0.017879202727499866,-0.13361625279477238,-0.005338450351015926,0.48096512357337606,0.024235696091028436,-1.9300003051757955,0.04999999999999993,14.0,-7.0,0,0,1,0,IDIOSYNCRATIC,IDIOSYNCRATIC
2018-09-13,0.25205221159515384,-0.13395875721821907,-0.14791894694931343,0.034583188715873084,-0.1356887564955463,-0.008587739834454164,0.48533784353123893,0.03256061930635128,-2.159996032714858,0.08999999999999997,20.0,2.0,0,0,1,0,IDIOSYNCRATIC,IDIOSYNCRATIC
2018-09-14,0.271713700350326,-0.1390304109807508,-0.14040899949838717,0.03397733952042122,-0.13533627885738425,-0.0039075251293721885,0.4853109765588131,0.02770845682453397,-1.6699981689453125,0.09999999999999998,23.0,4.0,0,0,1,0,IDIOSYNCRATIC,IDIOSYNCRATIC
2018-09-17,0.31465744929209,-0.15449824025496386,-0.0950249688545856,0.0486594924416221,-0.14367007063780413,0.011079804146069497,0.4825727946255763,-0.04656939150346609,-1.5899963378906108,0.09999999999999998,25.0,7.0,0,0,1,0,IDIOSYNCRATIC,IDIOSYNCRATIC
2018-09-18,0.409609218041237,-0.2136908919413601,-0.04749940571750843,0.06307333950693222,-0.13488000528522193,0.0028943416732536737,0.46289169873346303,0.009900847932948204,-1.2799987792968608,0.17000000000000004,21.0,2.0,0,0,1,0,IDIOSYNCRATIC,IDIOSYNCRATIC
2018-09-19,0.4257457301860232,-0.20079146900866485,-0.05847264010240899,0.06062474306117148,-0.13595093108744005,-0.005644859271289127,0.4521487350428415,-0.014001567720769569,-0.7099990844726847,0.16000000000000003,24.0,5.0,0,0,1,0,IDIOSYNCRATIC,IDIOSYNCRATIC
2018-09-20,0.4750184979082401,-0.1711490854042113,-0.11543433069394879,0.06821159894355695,-0.12518859651869188,-0.019383854813877745,0.45261535399449093,0.022171464933608966,-1.2399978637695312,0.18000000000000005,24.0,2.0,0,0,1,0,IDIOSYNCRATIC,IDIOSYNCRATIC
2018-09-21,0.44426503573573156,-0.19658474752281443,-0.13802837872830645,0.05103967271734367,-0.1586314894957615,0.0017129356500646229,0.45861864764797683,0.030156448617253123,-1.4000015258789205,0.19000000000000006,31.0,14.0,0,0,1,0,IDIOSYNCRATIC,IDIOSYNCRATIC
2018-09-24,0.40054891692050626,-0.21182065113674137,0.040642619489823666,0.05455644043055304,-0.15976692111440433,0.003279175644216649,0.45428920853024596,-0.018708220086532026,-0.8899993896484233,0.19000000000000006,43.0,17.0,0,0,1,0,IDIOSYNCRATIC,IDIOSYNCRATIC
2018-09-25,0.40441358889421897,-0.18932215163509017,0.039377684313479225,0.0499479418993548,-0.1603355665420237,0.00781221549870308,0.45062506493521176,-0.06576013559316743,-0.6500015258789205,0.19999999999999996,37.0,20.0,0,0,1,0,IDIOSYNCRATIC,IDIOSYNCRATIC
2018-09-26,0.42644789743706474,-0.19177905686856692,0.07175685169161726,0.05321114637381933,-0.16403851133586614,0.005086499666005112,0.4358973488545014,-0.08853802268074602,-0.5299987792968892,0.15000000000000002,37.0,23.0,0,0,1,0,IDIOSYNCRATIC,IDIOSYNCRATIC
2018-09-27,0.5203477206057775,-0.20163874421863354,0.13991109247629077,0.055857190730472565,-0.17691951352584234,0.025400680002309647,0.44955287916983433,-0.05399337874641477,0.40000152587890625,0.14,42.0,25.0,0,0,1,0,IDIOSYNCRATIC,IDIOSYNCRATIC
2018-09-28,0.5213997717321807,-0.20557388346584768,0.13311716014039834,0.05063414229654713,-0.17682283053353623,0.021874719993919184,0.44889067363276586,-0.04906155970817533,0.4700012207031108,0.15000000000000002,42.0,27.0,0,0,1,0,IDIOSYNCRATIC,IDIOSYNCRATIC
2018-10-01,0.5372208904999161,-0.28697922307388574,0.20554165594890422,0.06679969407258883,-0.1728250700527881,0.042772084230403684,0.44748805449018275,-0.06576867066595812,0.1600036621093608,0.16999999999999993,35.0,17.0,0,0,1,0,IDIOSYNCRATIC,IDIOSYNCRATIC
2018-10-02,0.5572876208510256,-0.255272913369391,0.17975901511775233,0.06770521446428734,-0.17615579833969575,0.0434396204324435,0.411458692848128,-0.11588954314886582,0.09000396728515625,0.13,33.0,19.0,0,0,1,0,IDIOSYNCRATIC,IDIOSYNCRATIC
2018-10-03,0.5402608153647896,-0.26635396707848863,0.25555486437524344,0.06725513572928875,-0.17650481523231357,0.04680547442123627,0.3097093141941659,-0.043667120588850514,0.6300048828125284,0.17999999999999994,36.0,16.0,0,0,1,0,IDIOSYNCRATIC,IDIOSYNCRATIC
2018-10-04,0.4481972912419864,-0.25899273808880785,0.24685787298045522,0.05460207588357249,-0.1753426075402569,0.04709021740444833,0.28099659502520774,0.007251752769376873,0.7300033569335938,0.22999999999999998,29.0,6.0,0,0,1,0,IDIOSYNCRATIC,IDIOSYNCRATIC
2018-10-05,0.4269580179863433,-0.21702384847351688,0.20787752158801023,0.05252870695836352,-0.17244577976776324,0.04213605233599441,0.27945082174028363,0.02374679979351971,0.25,0.2300000000000001,37.0,12.0,0,0,1,0,IDIOSYNCRATIC,IDIOSYNCRATIC
2018-10-09,0.35799826638616333,-0.42086037298769696,0.3448824642116123,0.04869767814819038,-0.17072863276286027,0.04384764424174003,0.26710759370313375,0.049600400962852856,0.620002746582017,0.18000000000000005,31.0,7.0,0,0,1,0,IDIOSYNCRATIC,IDIOSYNCRATIC
2018-10-10,0.2759300075976422,-0.38394226252998825,0.3732569720289928,0.05346870504813755,-0.17168962993248624,0.044715212334335216,0.2696651682922044,0.03613657873185665,0.7099990844726847,0.21000000000000008,28.0,4.0,0,0,1,0,IDIOSYNCRATIC,IDIOSYNCRATIC
2018-10-11,0.3308161651574316,-0.5023764019726578,0.4391193644668596,0.07151832458422361,-0.22050798735860744,0.06904866457358504,0.3119374037195382,-0.040882319967633286,0.4799957275390625,0.15000000000000002,19.0,-12.0,0,0,1,0,IDIOSYNCRATIC,IDIOSYNCRATIC
2018-10-12,0.31987653152657236,-0.5158391530592481,0.44537893612274876,0.07198574513765986,-0.22136209400856535,0.07112321654002228,0.3123867160052917,-0.0372490832852,0.23999786376953125,0.14,13.0,-30.0,0,0,1,0,IDIOSYNCRATIC,IDIOSYNCRATIC
2018-10-15,0.2549272257453512,-0.4150733978044325,0.37372692008558744,0.05685024613069728,-0.1993511678725225,0.06384344993361195,0.33464926745531076,0.048984198943261746,0.5599975585937358,0.14,20.0,-17.0,0,0,1,0,IDIOSYNCRATIC,IDIOSYNCRATIC
2018-10-16,0.24822439094595986,-0.3901131751220233,0.3396278882169467,0.05558842652988789,-0.19904455007642594,0.06450311268489636,0.33194641225824306,0.03467656086506573,0.43000030517575283,0.10999999999999999,24.0,-13.0,0,0,1,0,IDIOSYNCRATIC,IDIOSYNCRATIC
2018-10-17,0.19758190443051574,-0.4224870359829561,0.26192465620150673,0.06438886112088725,-0.196053106464755,0.06419451629680427,0.33343063631197273,0.022544487601759696,1.029998779296875,0.13,23.0,-19.0,0,0,1,0,IDIOSYNCRATIC,IDIOSYNCRATIC
2018-10-18,0.18832919687782554,-0.4365363078030295,0.23006210223575776,0.07988186592559485,-0.2053728348525793,0.07097000025532932,0.3292421245429224,-0.006611089825615172,1.9899978637695312,0.15000000000000002,26.0,-16.0,0,0,1,0,IDIOSYNCRATIC,IDIOSYNCRATIC
2018-10-19,0.18870644704604186,-0.4483420210993027,0.25273802774038956,0.0796799092091466,-0.20046152815460866,0.06774273745000389,0.3067857821841356,-0.040843962142808075,1.4899978637695312,0.17000000000000004,24.0,-11.0,0,0,1,0,IDIOSYNCRATIC,IDIOSYNCRATIC
2018-10-22,0.20867538649096448,-0.46697898143381367,0.23205630755519063,0.0661326189237076,-0.20891153562864034,0.019787119422353797,0.29935774682118127,-0.016549113510118882,1.75,0.17000000000000004,27.0,-6.0,0,0,1,0,IDIOSYNCRATIC,IDIOSYNCRATIC
2018-10-23,0.21324795920663325,-0.46609715300030613,0.23206137603079116,0.06498942856556258,-0.24493032227486175,0.02022086301740263,0.2885135731889169,0.004530195465319934,1.8300018310547017,0.14000000000000012,24.0,-12.0,0,0,1,0,IDIOSYNCRATIC,IDIOSYNCRATIC
2018-10-24,0.16958089712121127,-0.4826929462217802,0.24095404419108057,0.053271816026492017,-0.24316938728717874,0.024101891287024512,0.28751569545536193,0.00012929783774877964,2.2399978637695455,0.10999999999999999,23.0,-6.0,0,0,1,0,IDIOSYNCRATIC,IDIOSYNCRATIC
2018-10-25,0.11980150885036787,-0.4668532036946279,0.29575280042190205,0.049147821637886134,-0.24235474376022684,0.021712383313524857,0.2694384260336726,-0.030483520636586076,1.6800003051757812,0.18000000000000005,25.0,-12.0,0,0,1,0,IDIOSYNCRATIC,IDIOSYNCRATIC
2018-10-26,0.1176905759505746,-0.47700198185523857,0.2973431412523963,0.047911343977565746,-0.24213410332387603,0.02157303875879376,0.2691855254371131,-0.025823743646461318,1.1699981689453267,0.10999999999999999,29.0,3.0,0,0,1,0,IDIOSYNCRATIC,IDIOSYNCRATIC
2018-10-29,0.11034152861857435,-0.42115875731882224,0.1800409981468193,0.05576739723569996,-0.23759968874318388,0.015818706727663147,0.27791287369331,-0.039780088314928935,1.279998779296875,0.07000000000000006,34.0,3.0,0,0,1,0,IDIOSYNCRATIC,IDIOSYNCRATIC
2018-10-30,0.09191203398565621,-0.4134581271992948,0.17498196488046136,0.053067815908079775,-0.23472231347497483,-0.02349501857806921,0.2777754811769741,-0.03442135148065586,1.5,0.14,31.0,3.0,0,0,1,0,IDIOSYNCRATIC,IDIOSYNCRATIC
2018-10-31,0.08189092756876121,-0.40991358592502136,0.17975025613749623,0.06816155046188047,-0.22936794397809043,-0.016197155766309593,0.2768069180589411,-0.02885958460779044,1.3699951171874716,0.1100000000000001,32.0,13.0,0,0,1,0,IDIOSYNCRATIC,IDIOSYNCRATIC
2018-11-01,0.07754158903911518,-0.377290119509506,0.20181909354930322,0.07570468893852211,-0.22580476848655076,-0.013928350580343191,0.27580241611232137,-0.030711529612412355,0.529998779296875,0.09000000000000008,29.0,16.0,0,0,1,0,IDIOSYNCRATIC,IDIOSYNCRATIC
2018-11-02,0.08984352889473012,-0.33533375779228347,0.16808620753689876,0.08042190317621012,-0.22381457282563885,-0.02009384315601542,0.27436142672870584,-0.03597982124547287,0.9199981689452983,0.08999999999999986,36.0,16.0,0,0,1,0,IDIOSYNCRATIC,IDIOSYNCRATIC
2018-11-06,0.12305368132953003,-0.36522586161064946,0.12500054253460194,0.0922160031619686,-0.2493864099639438,0.0263964890867934,0.27594387963059513,-0.027723879366105618,0.6399993896484375,0.10999999999999988,42.0,19.0,0,0,1,0,IDIOSYNCRATIC,IDIOSYNCRATIC
2018-11-07,0.152638337978823,-0.35736779667104634,0.09517099973002767,0.08570409010991516,-0.22268192204752824,0.007039179908474729,0.2776185531198801,-0.008446381780695109,0.48999786376951704,0.08999999999999986,48.0,22.0,0,0,1,0,IDIOSYNCRATIC,IDIOSYNCRATIC
2018-11-08,0.13559740937002782,-0.2815769485937616,-0.09663144675980982,0.08435890679159325,-0.21678911940649892,-0.005414707009741661,0.21237051197367812,0.03107733888951415,1.6200027465820312,0.1499999999999999,51.0,27.0,0,0,1,0,IDIOSYNCRATIC,IDIOSYNCRATIC
2018-11-09,0.15118194894890669,-0.22553005928374137,-0.10621707038153308,0.0833637703436318,-0.21089384565247032,-0.0054351755460365055,0.21639263712108622,0.017542042748415268,1.69000244140625,0.11999999999999988,47.0,20.0,0,0,1,0,IDIOSYNCRATIC,IDIOSYNCRATIC
2018-11-13,0.1511731711152982,-0.21998122083365984,-0.09668144995262712,0.07784217484464188,-0.2108832669193378,-0.0032624993367298617,0.121395772653956,-0.03653183829304877,2.25,0.09000000000000008,56.0,33.0,0,0,1,0,IDIOSYNCRATIC,IDIOSYNCRATIC
2018-11-14,0.1388819102399072,-0.3086165610017628,0.16770572057079938,0.10127601067043562,-0.2548889586089949,0.05317965113180613,0.3701451642095401,-0.13144260346769404,1.220001220703125,0.06000000000000005,49.0,24.0,0,0,1,0,IDIOSYNCRATIC,IDIOSYNCRATIC
2018-11-15,0.13892174855108225,-0.31206592191485927,0.16703296781005839,0.09410266802658707,-0.2530062115275848,0.045240462421792346,0.37133805067179354,-0.13690588559928,1.029998779296875,0.040000000000000036,28.0,-1.0,0,0,1,0,IDIOSYNCRATIC,IDIOSYNCRATIC
2018-11-16,0.1477688134848179,-0.3249786020368886,0.18557279194265697,0.10605481761017382,-0.25115394703332333,0.052589274226068114,0.3714163018849889,-0.14807552062836155,0.7600021362304688,-0.030000000000000027,23.0,-11.0,0,0,1,0,IDIOSYNCRATIC,IDIOSYNCRATIC
2018-11-19,0.2896885762978313,-0.2152700230660228,0.2339895698604484,0.1958370322897364,-0.23301967402155943,0.08582913557970426,0.5740569146589228,-0.2864249694899434,0.18000030517575283,-0.020000000000000018,28.0,-3.0,0,0,1,0,IDIOSYNCRATIC,IDIOSYNCRATIC
2018-11-20,0.3132020908589035,-0.18714792157437599,0.09420219585718909,0.2312103234185729,-0.2315140936336143,0.05604501759884028,0.6284490910790711,-0.37473866401176825,0.849998474121108,0.010000000000000009,21.0,-11.0,0,0,1,0,IDIOSYNCRATIC,IDIOSYNCRATIC
2018-11-21,0.35990464710274434,-0.17850969167704137,0.07868905971109581,0.23084204971366318,-0.1884961391091587,0.015726884981173726,0.6498939111299378,-0.3446340335444378,0.279998779296875,0.06000000000000005,15.0,-14.0,0,0,1,0,IDIOSYNCRATIC,IDIOSYNCRATIC
2018-11-23,0.3452934296780435,-0.05016468670027805,0.00982998065449748,0.232080052510362,-0.1843435005612885,0.005043681213928289,0.661756552214075,-0.39863659652930894,0.23999786376954546,0.0,12.0,-24.0,0,0,1,0,IDIOSYNCRATIC,IDIOSYNCRATIC
2018-11-26,0.15962320746842926,-0.005558235305374463,-0.019808552566780966,0.14415151454223538,-0.15946779271904962,-0.0117786876415302,0.7761601478062533,-0.5384162033999738,0.7099990844726562,0.09000000000000008,17.0,-25.0,0,0,1,0,IDIOSYNCRATIC,IDIOSYNCRATIC
2018-11-27,0.18906342264762613,-0.11206011509150947,0.02665383630054842,0.14459166131578327,-0.16227807865683475,-0.012828391431913378,0.7870942949607947,-0.5052767343290634,0.7900009155273722,0.1299999999999999,11.0,-31.0,0,0,1,0,IDIOSYNCRATIC,IDIOSYNCRATIC
2018-11-28,0.2946840027125424,-0.0210580342836271,-0.12271559904403279,0.20640529171538208,-0.12295213820895502,-0.08051840062962348,0.9102125735269642,-0.39731125272533574,-0.2200012207031392,0.050000000000000044,14.0,-34.0,0,0,1,0,IDIOSYNCRATIC,IDIOSYNCRATIC
2018-11-29,0.29296800550189706,-0.011760121029230563,-0.13400629406448758,0.21199965069046683,-0.12723178840438848,-0.07662156564123203,0.9124208279074414,-0.3896574445205396,-0.34999847412107954,-0.050000000000000044,18.0,-33.0,0,0,1,0,IDIOSYNCRATIC,IDIOSYNCRATIC
2018-11-30,0.27952869198233554,-0.0007852870980661816,-0.17138823328415906,0.2054034009319323,-0.11612607484000904,-0.10290912475241284,0.9179195809678506,-0.46221783305244535,0.9899978637695312,-0.08000000000000007,19.0,-28.0,0,0,1,0,IDIOSYNCRATIC,IDIOSYNCRATIC
2018-12-03,0.2702872217838226,-0.017651313181035425,-0.15732718059418832,0.19169999012305539,-0.13238405375133905,-0.09129865549484513,0.9137677509513805,-0.4950195861854177,0.5,-0.1399999999999999,17.0,-35.0,0,0,1,0,IDIOSYNCRATIC,IDIOSYNCRATIC
2018-12-04,0.2048566780681758,0.016315470441689302,-0.17379200680277115,0.17576750777885566,-0.12581046329215587,-0.09059851231243152,0.91910131548219,-0.4839058579042612,0.6200027465820312,-0.16999999999999993,12.0,-44.0,0,0,1,0,IDIOSYNCRATIC,IDIOSYNCRATIC
2018-12-06,0.17624936664234095,0.00539734561517513,-0.12857183929589594,0.1605889735122575,-0.11967378333901231,-0.06686817482434267,0.9649740441284067,-0.6070116621658119,0.48999786376954546,-0.17999999999999994,13.0,-36.0,0,0,1,0,IDIOSYNCRATIC,IDIOSYNCRATIC
2018-12-07,0.2317567465011071,-0.008959652480495869,-0.14512967408699443,0.17497364051117997,-0.1213575326257189,-0.05771519823903624,0.9534262385362555,-0.6468061988387724,0.510002136230483,-0.18999999999999995,11.0,-17.0,0,0,1,0,IDIOSYNCRATIC,IDIOSYNCRATIC
2018-12-10,0.23342930296799294,-0.024485164388928192,-0.0924608333978336,0.1810646568412464,-0.13123248808056975,-0.03691260925704207,0.9709489198307939,-0.6111352025060638,0.5800018310546875,-0.17999999999999994,19.0,-4.0,0,0,1,0,IDIOSYNCRATIC,IDIOSYNCRATIC
2018-12-11,0.2540458042713879,-0.0317491823353817,-0.08226539521639571,0.18073277740954874,-0.13047573213112343,-0.039463980419688245,0.9687350947620446,-0.6230673938462274,0.4799957275390625,-0.08999999999999986,15.0,-13.0,0,0,1,0,IDIOSYNCRATIC,IDIOSYNCRATIC
2018-12-13,0.26178072771366173,-0.0011532148003072355,-0.12048371378280351,0.19842250091102093,-0.13784211133637,-0.038132772719345565,0.9757182775896245,-0.6518896990902217,-0.24000549316403408,-0.040000000000000036,14.0,-1.0,0,0,1,0,IDIOSYNCRATIC,IDIOSYNCRATIC
2018-12-14,0.24656399017523425,0.013849519188696518,-0.12252272723929528,0.20393331589407415,-0.13304393956658567,-0.044807931856557584,0.9419743811456766,-0.5708317606073182,0.6399993896484375,-0.050000000000000044,10.0,-2.0,0,0,1,0,IDIOSYNCRATIC,IDIOSYNCRATIC
2018-12-17,0.13058307046927775,0.05781824659488786,-0.14537231525738814,0.1594654556680601,-0.09338697082011538,-0.0790973186851626,1.0264981267779185,-0.4655247094978503,0.1699981689453125,-0.06000000000000005,17.0,0.0,0,0,1,0,IDIOSYNCRATIC,IDIOSYNCRATIC
2018-12-18,0.14918049501881908,0.07249070748326025,-0.15037858314654823,0.16308344625990526,-0.08502189924538632,-0.09362724257985583,1.0503933705763315,-0.41112379310873187,0.6699981689453125,-0.050000000000000044,23.0,12.0,0,0,1,0,IDIOSYNCRATIC,IDIOSYNCRATIC
2018-12-19,0.1263454964950097,0.053068145789823884,-0.14888752135167374,0.15011051475583428,-0.09279883929788449,-0.06035274767327258,0.9690129600262923,-0.26272445438607667,0.849998474121108,-0.10000000000000009,21.0,7.0,0,0,1,0,IDIOSYNCRATIC,IDIOSYNCRATIC
2018-12-20,0.06456894613726795,0.22384952329560537,-0.25627138641932995,0.11588407061338389,-0.005678218583110036,-0.12016595132707682,0.9997399743755161,-0.07397202877823941,-0.5299987792968892,-0.06000000000000005,27.0,9.0,0,0,1,0,IDIOSYNCRATIC,IDIOSYNCRATIC
2018-12-21,0.07399084178820607,0.24431599130027026,-0.2730907769200995,0.14236705979650605,0.006282109321406364,-0.1429834661097296,1.0078866264653412,-0.16643798468341572,0.25,-0.07000000000000006,35.0,16.0,0,0,1,0,IDIOSYNCRATIC,IDIOSYNCRATIC
2018-12-24,0.040524362005182536,0.28800934718475035,-0.31517017310465584,0.12621686222888198,0.046854472477009954,-0.1563212821177813,1.00798722055258,-0.0637576482599699,-0.3699951171875284,-0.10000000000000009,25.0,8.0,0,0,1,0,IDIOSYNCRATIC,IDIOSYNCRATIC
2018-12-26,-0.028526007733172182,0.3331954664747257,-0.33586014590967295,0.06561703473126854,0.05564025789777729,-0.17196026425156913,0.9002926563293411,0.020473043185289898,-0.01999664306642046,-0.07000000000000006,26.0,14.0,0,0,1,0,IDIOSYNCRATIC,IDIOSYNCRATIC
2018-12-27,-0.026050269097940233,0.3331885727630238,-0.32426200782837367,0.05865242851866335,0.025063401606065818,-0.13265689404629194,0.9190582119790983,-0.044388341805776145,-0.8899993896484517,-0.11999999999999988,29.0,16.0,0,0,1,0,IDIOSYNCRATIC,IDIOSYNCRATIC
2018-12-28,-0.017930046112180652,0.3431584412765934,-0.3182237691260404,0.06261949316468893,0.04226575803374382,-0.1418480564946069,0.8704757604773801,-0.08157250152521706,-0.40000152587890625,-0.13000000000000012,21.0,10.0,0,0,1,0,IDIOSYNCRATIC,IDIOSYNCRATIC
2018-12-31,-0.04157692479236656,0.420311682450776,-0.3826333330710998,0.05228412429415891,0.037650708697336485,-0.12017058542760246,0.8823158739034893,-0.1338761124045257,-0.6100006103515483,-0.07000000000000006,26.0,7.0,0,0,1,0,IDIOSYNCRATIC,IDIOSYNCRATIC
2019-01-02,-0.027634105526599447,0.40445403560544607,-0.30200210782316644,0.0588426751272212,0.037728426391351565,-0.09108103243879169,0.8796593415656025,-0.01855652256307562,-0.4499969482421875,-0.08000000000000007,30.0,15.0,0,0,1,0,IDIOSYNCRATIC,IDIOSYNCRATIC
2019-01-03,-0.016146481255833515,0.3880449945404748,-0.29063344923389334,0.06751209075448608,0.043848837217604825,-0.09282009576783516,0.878146863624607,-0.014847148458559618,-0.7300033569335795,-0.14,33.0,19.0,0,0,1,0,IDIOSYNCRATIC,IDIOSYNCRATIC
2019-01-04,-0.08953646440870466,0.35861092297911207,-0.3636052130513867,0.06760526659638548,0.015543612060745305,-0.08291650714967366,0.8763722635636124,-0.025383628304728997,-0.7799987792968892,-0.05999999999999994,48.0,34.0,0,0,1,0,IDIOSYNCRATIC,IDIOSYNCRATIC
2019-01-07,-0.11129637792420362,0.36087294851104185,-0.3336588852933955,0.07276245621005849,0.01732888662336682,-0.09120692566035041,0.7799801530472088,0.13381264229504344,-1.099998474121108,-0.04999999999999993,39.0,29.0,0,0,1,0,IDIOSYNCRATIC,IDIOSYNCRATIC
2019-01-08,-0.11976620626207359,0.35704462334699505,-0.32879907163289257,0.07247456967700901,0.030764006333548543,-0.08851325177343808,0.7693818600378746,0.1643545462812127,-0.6100006103515767,-0.04999999999999993,39.0,22.0,0,0,1,0,IDIOSYNCRATIC,IDIOSYNCRATIC
2019-01-09,-0.1268671447899004,0.34725748297590414,-0.306348564774384,0.07378115052553734,0.03266883702042562,-0.09050767331663861,0.7675678175936574,0.14155821345729636,-2.0,-0.07999999999999996,42.0,19.0,0,0,1,0,IDIOSYNCRATIC,IDIOSYNCRATIC
2019-01-10,-0.06522794331506122,0.3904793418077573,-0.3306510923126425,0.06462633706476774,0.05632990444266303,-0.10695577144767386,0.836578567555839,0.07163925862879239,-1.8499984741210938,-0.13,37.0,16.0,0,0,1,0,IDIOSYNCRATIC,IDIOSYNCRATIC
2019-01-11,-0.06563962945773272,0.4140426168724218,-0.3393115805168055,0.06362402816039012,0.05810094967397816,-0.11153192453856652,0.8349204632866631,0.055884755968172786,-1.370002746582017,-0.20000000000000007,19.0,-8.0,0,0,1,0,IDIOSYNCRATIC,IDIOSYNCRATIC
2019-01-14,-0.184090759752784,0.4229762877721164,-0.27840248108504884,0.06302994131071653,0.07370841830266593,-0.12397859581122306,0.8116397848171186,0.11190870224688218,-1.4700012207031392,-0.18000000000000005,16.0,-19.0,0,0,1,0,IDIOSYNCRATIC,IDIOSYNCRATIC
2019-01-15,-0.19027101218422457,0.4250754280371317,-0.28416181918932676,0.048568502200224455,0.08512213492851903,-0.14518159979345358,0.811153626875371,0.1130786931231674,-1.4700012207031108,-0.16000000000000003,27.0,2.0,0,0,1,0,IDIOSYNCRATIC,IDIOSYNCRATIC
2019-01-16,-0.17654831422416073,0.413493819306127,-0.24327253684902064,0.04548357631783956,0.08843770856901291,-0.1477895249880353,0.7518047695119556,0.030315899242521257,-1.0400009155273295,-0.14,24.0,-2.0,0,0,1,0,IDIOSYNCRATIC,IDIOSYNCRATIC
2019-01-17,-0.16061756351485998,0.4385019852446079,-0.25431494289893514,0.046957814329040136,0.08674490572141276,-0.14765558086626485,0.7379773311360822,-0.004744689971879586,-1.0699996948242188,-0.050000000000000044,28.0,-1.0,0,0,1,0,IDIOSYNCRATIC,IDIOSYNCRATIC
2019-01-18,-0.14709150214408553,0.4137174427895612,-0.25288515671475553,0.04789100849265499,0.08423304669695199,-0.1501878741048969,0.736481310216645,-0.023802805792686486,-0.7000045776367188,-0.010000000000000009,29.0,8.0,0,0,1,0,IDIOSYNCRATIC,IDIOSYNCRATIC
2019-01-22,-0.13028303959678134,0.43750239287352494,-0.31125292184256714,0.04942655168695961,0.0830836948161084,-0.14951323193654018,0.6410421591297575,-0.13714776217177313,0.02000427246092329,-0.08000000000000007,27.0,1.0,0,0,1,0,IDIOSYNCRATIC,IDIOSYNCRATIC
2019-01-23,-0.17470897126368107,0.48248878955617164,-0.33012385869154137,0.049621413268124824,0.07990742207226811,-0.14767959850239323,0.6119896986220114,-0.08329713357114034,-0.8399963378906108,-0.06000000000000005,33.0,3.0,0,0,1,0,IDIOSYNCRATIC,IDIOSYNCRATIC
2019-01-24,-0.18120031170073533,0.5008263567221991,-0.37205401423205375,0.04680837870819392,0.08548031141804874,-0.1369383615974994,0.5857420407724866,-0.12457934951711706,0.04999542236329546,-0.040000000000000036,37.0,4.0,0,0,1,0,IDIOSYNCRATIC,IDIOSYNCRATIC
2019-01-25,-0.1804892587921015,0.4517911420823902,-0.34000389200214487,0.047905258231805005,0.08942487692674166,-0.13967972317340804,0.5573610527689176,-0.06909802958963818,-1.2600021362304545,-0.07000000000000006,35.0,-13.0,0,0,1,0,IDIOSYNCRATIC,IDIOSYNCRATIC
2019-01-28,-0.1676940832019294,0.43595285284479096,-0.33059309990647556,0.04656956202066466,0.09180513380816868,-0.15039353921052243,0.5405620805458797,-0.05176614188487218,-0.7300033569335938,-0.06000000000000005,35.0,-4.0,0,0,1,0,IDIOSYNCRATIC,IDIOSYNCRATIC
2019-01-29,-0.17696737953536948,0.41673156191070276,-0.3333262251546087,0.0438128111001058,0.09404708720844246,-0.15212573238236654,0.4693671627281304,-0.12926255461887337,-0.5699996948242188,-0.050000000000000044,21.0,-18.0,0,0,1,0,IDIOSYNCRATIC,IDIOSYNCRATIC
2019-01-30,-0.1932569602336226,0.4087723211213971,-0.32253561527366753,0.049423721413009075,0.09609679470521491,-0.15620698822826568,0.44833563319166303,-0.07100034202881508,-0.8300018310547017,-0.12,22.0,-20.0,0,0,1,0,IDIOSYNCRATIC,IDIOSYNCRATIC
2019-01-31,-0.11807119629730528,0.38581042228260287,-0.3016383495942839,0.04496850433219596,0.09363151908235219,-0.1467939300199657,0.39969944522772066,-0.13141524048504938,-1.2399978637695455,-0.17999999999999994,17.0,-20.0,0,0,1,0,IDIOSYNCRATIC,IDIOSYNCRATIC
2019-02-01,-0.12656984255776615,0.3814833854379276,-0.3148837668967475,0.047278655839023666,0.10673298941111245,-0.15694894535783657,0.39546375715951,-0.09531053614520624,-0.7299957275390909,-0.06000000000000005,23.0,4.0,0,0,1,0,IDIOSYNCRATIC,IDIOSYNCRATIC
2019-02-04,-0.11424123693929966,0.4105198267335698,-0.31470742450824213,0.0473512885494568,0.10585974796976283,-0.15656837903488782,0.39384455799546186,-0.1090516291813429,-0.34000396728514204,-0.050000000000000044,27.0,11.0,0,0,1,0,IDIOSYNCRATIC,IDIOSYNCRATIC
2019-02-05,-0.01610404585601553,0.2579660797003188,-0.17923195451064555,0.04909813850287043,0.10695808045477224,-0.15668670412189312,0.3547004872307885,-0.1494822879049714,0.3899993896484375,-0.08000000000000007,21.0,-6.0,0,0,1,0,IDIOSYNCRATIC,IDIOSYNCRATIC
2019-02-06,-0.13027131729883362,0.22105716570704007,-0.10003323945024505,0.04973052833255387,0.11363479439777593,-0.15838911567210387,0.35414179060173673,-0.16616013642574798,0.5199966430664205,-0.07000000000000006,14.0,-10.0,0,0,1,0,IDIOSYNCRATIC,IDIOSYNCRATIC
2019-02-07,-0.04752385259403211,0.14033648252059686,-0.04550343001938176,0.04544965321326917,0.13191748834447237,-0.1844827008839545,0.3528395620352598,-0.17145972176096852,1.290000915527358,-0.09999999999999998,18.0,-10.0,0,0,1,0,IDIOSYNCRATIC,IDIOSYNCRATIC
2019-02-08,0.13584486515110647,0.1325198540924295,0.06357943448254759,0.04739532116688202,0.13905224115537274,-0.17402151102897248,0.3278545895681367,-0.0033065031738300915,1.0999984741210938,-0.12,37.0,8.0,0,0,1,0,IDIOSYNCRATIC,IDIOSYNCRATIC
2019-02-11,0.1440035540404894,0.21701767806368463,-0.03127448360304902,0.04744477155316721,0.13779486156236576,-0.17229862840456142,0.3281394204485737,-0.010615120512115304,1.3899993896484375,-0.050000000000000044,46.0,19.0,0,0,1,0,IDIOSYNCRATIC,IDIOSYNCRATIC
2019-02-12,0.17843570966368236,0.18658383215917762,-0.011591552038581114,0.049127747331955685,0.13997258346504401,-0.17388136854948222,0.32759839895218446,-0.014273794869468535,1.1200027465820312,-0.050000000000000044,38.0,5.0,0,0,1,0,IDIOSYNCRATIC,IDIOSYNCRATIC
2019-02-13,0.20395356547720433,0.20680676014958893,-0.05584643097548846,0.04925570819430478,0.13945884348876902,-0.17262153756089452,0.3202591272120541,0.00038422484221037854,1.1599960327148295,-0.06000000000000005,48.0,11.0,0,0,1,0,IDIOSYNCRATIC,IDIOSYNCRATIC
2019-02-14,0.21413407168562162,0.21565183965375728,-0.19535177905116888,0.05426220858244372,0.13995348566303073,-0.1725601881538085,0.3196183728865024,-0.010485950142508308,0.9200057983398295,-0.09999999999999998,48.0,13.0,0,0,1,0,IDIOSYNCRATIC,IDIOSYNCRATIC
2019-02-15,0.1484009344046024,0.2848091185577723,-0.26208676083714527,0.0573532362537865,0.14014101320132652,-0.17172046754141632,0.318688283485717,-0.015824472900247702,0.849998474121108,-0.15999999999999992,43.0,8.0,0,0,1,0,IDIOSYNCRATIC,IDIOSYNCRATIC
2019-02-19,0.10485485322957401,0.4902343235148469,-0.3367329473377588,0.06003722180006074,0.1979759090691326,-0.1941656097659128,0.43757270081210103,0.07610710111714719,0.18000030517578125,-0.17999999999999994,65.0,44.0,0,0,1,0,IDIOSYNCRATIC,IDIOSYNCRATIC
2019-02-20,0.05558164432667364,0.47684684493796653,-0.2879623367799361,0.0601212899375387,0.19511632025012557,-0.19475054298197392,0.43336678195859474,0.10404503127300326,0.14999389648440342,-0.18999999999999995,59.0,37.0,0,0,1,0,IDIOSYNCRATIC,IDIOSYNCRATIC
2019-02-21,0.06337072510363125,0.4704417971024948,-0.2943455953857849,0.06050160718063691,0.19362172936139008,-0.19582231518548152,0.4357471384007616,0.09796481283012355,0.48999786376951704,-0.17999999999999994,59.0,42.0,0,0,1,0,IDIOSYNCRATIC,IDIOSYNCRATIC
2019-02-22,0.07279521095063317,0.47960319739347895,-0.3241520858063236,0.05453584141729454,0.27034613689571596,-0.2172562185405014,0.4366194873112477,0.10650083308108521,-0.08999633789061079,-0.20999999999999996,61.0,38.0,0,0,1,0,IDIOSYNCRATIC,IDIOSYNCRATIC
2019-02-25,0.10465266055761463,0.44763274983169465,-0.24253944212157752,0.05088773253358602,0.27590515288254525,-0.21601300987485675,0.4543093180887304,0.07566102515436515,0.6200027465820312,-0.21999999999999997,47.0,20.0,0,0,1,0,IDIOSYNCRATIC,IDIOSYNCRATIC
2019-02-26,0.10964472826406818,0.44507998157776407,-0.21595734380896225,0.05910435520075617,0.26468924338115357,-0.20955432564253662,0.4322965723335811,0.10492003769694261,0.25,-0.25,40.0,19.0,0,0,1,0,IDIOSYNCRATIC,IDIOSYNCRATIC
2019-02-27,0.12090166750925177,0.43450116797289295,-0.21540017689809107,0.0574940233785902,0.2606272431346444,-0.20875132788890943,0.4308187651494645,0.110516885199756,0.3300018310546875,-0.17999999999999994,39.0,25.0,0,0,1,0,IDIOSYNCRATIC,IDIOSYNCRATIC
2019-02-28,0.18047785298164254,0.4222441419132627,-0.18436309743151225,0.057175324387420026,0.2564456059323125,-0.2104871093299605,0.43061414946593024,0.10050828611864764,0.82000732421875,-0.07999999999999996,39.0,21.0,0,0,1,0,IDIOSYNCRATIC,IDIOSYNCRATIC
2019-03-01,0.1792703318887549,0.3730301995522712,-0.18299978625933008,0.0570133600944974,0.23697366772768552,-0.20726186494152674,0.4282017126580227,0.10992889370970761,0.9499969482422017,0.020000000000000018,42.0,5.0,0,0,1,0,IDIOSYNCRATIC,IDIOSYNCRATIC
2019-03-04,0.19240486452149996,0.37994103230787574,-0.19511093541997057,0.05807353090892151,0.23907849870965636,-0.20863240843063915,0.44132321665887725,0.07552017453380236,1.099998474121108,-0.039999999999999925,36.0,-10.0,0,0,1,0,IDIOSYNCRATIC,IDIOSYNCRATIC
2019-03-05,0.1866025097013126,0.3759460338460554,-0.15950338351978988,0.0572384707613289,0.24099553038379837,-0.20538421695310138,0.45187694996764033,0.11902256796817233,1.0,-0.06999999999999995,35.0,-3.0,0,0,1,0,IDIOSYNCRATIC,IDIOSYNCRATIC
2019-03-06,0.14204996382289475,0.39270373033048883,-0.16540928547883924,0.05629465875609487,0.240617566234592,-0.20516538640737092,0.45189230940492564,0.11888266420615477,0.7700042724609517,-0.05999999999999994,42.0,-6.0,0,0,1,0,IDIOSYNCRATIC,IDIOSYNCRATIC
2019-03-07,0.13596560869357116,0.3913025039566309,-0.1610085175290022,0.06363426707267049,0.23954218226825547,-0.20033733059346384,0.44558160631426047,0.1361003229820682,1.25,-0.09999999999999998,56.0,8.0,0,0,1,0,IDIOSYNCRATIC,IDIOSYNCRATIC
2019-03-08,0.1381417995787943,0.36418045237436236,-0.15834710049387438,0.06346664223831369,0.23731122127607052,-0.2011159941879704,0.4451324408867391,0.13764663157162008,0.8600006103515625,-0.09000000000000008,54.0,11.0,0,0,1,0,IDIOSYNCRATIC,IDIOSYNCRATIC
2019-03-11,0.13174850757100767,0.40190015883953917,-0.19107607953137348,0.06760031272495498,0.2342105361668247,-0.20130185962236175,0.36796722876082866,0.06300202040864897,0.5800018310546875,-0.08000000000000007,56.0,-9.0,0,0,1,0,IDIOSYNCRATIC,IDIOSYNCRATIC
2019-03-12,0.05212095287563003,0.44490383595498545,-0.20874710248197237,0.0637242987059147,0.23226938283285573,-0.19992289610284114,0.36687132793218846,0.06902443778592034,-0.11999511718752842,-0.12,56.0,-3.0,0,0,1,0,IDIOSYNCRATIC,IDIOSYNCRATIC
2019-03-13,0.030076891224179565,0.4486979764686323,-0.19068509590058266,0.06308474304229202,0.2343176824106483,-0.20324013594962118,0.36708045238134307,0.0670040217490114,-0.15999603271485796,-0.16000000000000003,54.0,-5.0,0,0,1,0,IDIOSYNCRATIC,IDIOSYNCRATIC
2019-03-14,0.006682284362146564,0.42362010823207247,-0.1814170796826573,0.062368251640471405,0.22570255831767416,-0.20133783883599377,0.365541924316732,0.07740272287478253,-0.3399963378906108,-0.16000000000000003,55.0,-6.0,0,0,1,0,IDIOSYNCRATIC,IDIOSYNCRATIC
2019-03-15,0.04250076099998976,0.4294334520746839,-0.1748988389079758,0.06023457042388524,0.2250914376323891,-0.2002617228589407,0.36476734319854703,0.09086206948965352,-0.3800048828125,-0.16000000000000003,55.0,8.0,0,0,1,0,IDIOSYNCRATIC,IDIOSYNCRATIC
2019-03-18,0.05008234971538965,0.4317441137310477,-0.18044465090060743,0.0627092779298807,0.22487510510621603,-0.2031963848080449,0.36739479996750046,0.10769037113523845,-0.40000152587892046,-0.16000000000000003,56.0,16.0,0,0,1,0,IDIOSYNCRATIC,IDIOSYNCRATIC
2019-03-19,0.07892324020370683,0.42626369889582244,-0.16948978445018362,0.0636213663751043,0.22765564851575956,-0.203392590074801,0.2214242506767856,0.03095565141153435,-0.1399993896484517,-0.12,56.0,17.0,0,0,1,0,IDIOSYNCRATIC,IDIOSYNCRATIC
2019-03-20,0.08449503576194166,0.42066052140867444,-0.15044312701747034,0.06255893134368781,0.23099606185042798,-0.20382121531301595,0.21752809007830792,0.021678243259271663,-0.6899948120117188,-0.18000000000000005,55.0,16.0,0,0,1,0,IDIOSYNCRATIC,IDIOSYNCRATIC
2019-03-21,0.007135464425015272,0.4128513455468434,-0.17473846526100156,0.05421288403043846,0.23275586647679655,-0.2012285416085581,0.2198037708053401,0.018841731751260932,-0.1100006103515625,-0.20000000000000007,62.0,20.0,0,0,1,0,IDIOSYNCRATIC,MIXED
2019-03-22,0.015545264242884499,0.4150759480200653,-0.1753323076825593,0.051075292050911034,0.23245159871230867,-0.2011928886514247,0.2155085457904753,0.004593485171589022,0.1399993896484233,-0.19999999999999996,56.0,20.0,0,0,1,0,IDIOSYNCRATIC,MIXED
2019-03-25,0.030265570268228747,0.38326545109822957,-0.24801477014087864,0.05004268187677314,0.2304042826484456,-0.200135805784742,0.1920950157501281,0.020489285743892693,0.15999603271484375,-0.19999999999999996,46.0,11.0,0,0,1,0,IDIOSYNCRATIC,MIXED
2019-03-26,0.03276782117767334,0.37061075637398366,-0.23439874169742866,0.053715234155691696,0.22975520839083377,-0.20335894415127462,0.19019597636422564,0.033353157846505985,0.739997863769517,-0.16999999999999993,43.0,1.0,0,0,1,0,IDIOSYNCRATIC,MIXED
2019-03-27,0.0034903761739313124,0.33298577673340135,-0.2339491644303229,0.04989527903957321,0.2194728313626032,-0.2019132568605576,0.20659841564034573,0.05948223916654165,0.6199951171875,-0.20999999999999996,44.0,-12.0,0,0,1,0,IDIOSYNCRATIC,MIXED
2019-03-28,-0.0010066800334127604,0.3315176114473176,-0.2309888496711665,0.03446700410617204,0.25229211743829244,-0.24554638318289593,0.2080864562896703,0.054108271136664186,1.0399932861328267,-0.21999999999999997,49.0,-5.0,0,0,0,1,MIXED,MIXED
2019-03-29,0.0027919412065275095,0.348393112171558,-0.23784766808535043,0.03958130073892573,0.25267199467228585,-0.2439082121473153,0.20857074513514276,0.0600310961984524,0.75,-0.27,50.0,-6.0,0,0,0,1,MIXED,MIXED
2019-04-01,0.028762308350900705,0.3484989600873451,-0.24050997435274574,0.04285720588471278,0.2527054200609378,-0.25002789494661126,0.1837025377785537,0.10024522367360779,0.5699996948242188,-0.19000000000000006,62.0,6.0,0,0,0,1,MIXED,MIXED
2019-04-02,0.03381199718834064,0.15177044598204928,0.009325280748126179,-0.028431160075280036,0.2669601568428132,-0.26173414569581915,0.5614875187326985,0.22507357142884857,0.5100021362304688,-0.21000000000000008,60.0,6.0,0,0,0,1,MIXED,MIXED
2019-04-03,0.04111371394119633,0.15158393159128325,-0.0008019864413528932,-0.05879518807282375,0.2693162931298661,-0.23276498523816663,0.5610098778391629,0.24204072563541612,0.21999359130857954,-0.17000000000000004,71.0,16.0,0,0,0,1,MIXED,MIXED
2019-04-04,0.03268500276551956,0.11436395210966709,-0.0037063177962524084,-0.06325693806480881,0.26748921651727864,-0.23227554516474938,0.565310176946915,0.22996029876171264,-0.3600006103515625,-0.13,61.0,6.0,0,0,0,1,MIXED,MIXED
2019-04-05,0.035938599361840864,0.11029952819219149,0.002058586973279697,-0.0688257065641951,0.26480994096448157,-0.224106475988565,0.5641565239210677,0.2554807008643142,0.02999877929686079,-0.12,59.0,3.0,0,0,0,1,MIXED,MIXED
2019-04-08,0.04632393912732252,0.1427267399762726,-0.0659514044076975,-0.019057210724524556,0.27776439679405424,-0.2334074263184505,0.5758912282048267,0.3034589672460976,-0.1699981689453267,-0.12,65.0,9.0,0,0,0,1,MIXED,MIXED
2019-04-09,0.06464990024156603,0.12132376138914132,-0.08839448127749362,-0.01611863040354325,0.2765882569131139,-0.23533380726161338,0.5842162639932199,0.28629017031009985,0.06999969482424717,-0.10999999999999999,64.0,9.0,0,0,0,1,MIXED,MIXED
2019-04-10,0.07102593945358808,0.11771123514869845,-0.08758378644108833,-0.07741278665934666,0.27487953494931666,-0.196491441109547,0.5822740922723727,0.30963107876771717,0.3999938964844034,-0.1499999999999999,62.0,0.0,0,0,0,1,MIXED,MIXED
2019-04-11,0.0902861843430957,0.21072814859568986,-0.12203489734487835,-0.07297168738877854,0.2982194147685319,-0.20417862062514913,0.6243398767708261,0.25504739601562354,0.3899993896484375,-0.12,65.0,9.0,0,0,0,1,MIXED,MIXED
2019-04-12,0.09593613927800322,0.21585876710455051,-0.11119190104733673,-0.06438382786875117,0.29580688066057187,-0.18165622019083202,0.6248245042795627,0.250713186151562,0.37000274658203125,-0.040000000000000036,42.0,-4.0,0,0,0,1,MIXED,MIXED
2019-04-15,0.08483604623372454,0.20824917361838605,-0.09480539703000262,-0.054332391201299006,0.3114732084450995,-0.1896551780118629,0.6271747016759178,0.22838197197311397,0.42000579833982954,-0.030000000000000027,60.0,17.0,0,0,0,1,MIXED,MIXED
2019-04-16,0.0946181698262523,0.1615838862992492,-0.10214153583818068,-0.043792497260687936,0.2908427163149884,-0.1855980799428088,0.6314065308020718,0.25153834324540203,0.6600036621093892,-0.020000000000000018,50.0,6.0,0,0,0,1,MIXED,MIXED
2019-04-17,0.08834281623606939,0.16249249273305438,-0.10094511311567664,-0.03797909967097081,0.3083203213297525,-0.21614982283066522,0.6315625249848058,0.25066940657985315,1.25,0.07000000000000006,61.0,12.0,0,0,0,1,MIXED,MIXED
2019-04-18,0.07856901804675545,0.16171855474757565,-0.0883489863604208,-0.0670691666229711,0.32669288208812525,-0.22416922285863103,0.6241935360486065,0.2738028564766405,0.970001220703125,0.040000000000000036,64.0,14.0,0,0,0,1,MIXED,MIXED
2019-04-22,0.07094578816600952,0.19947703701561006,-0.10983023571577355,-0.06976548055775632,0.3311615401530329,-0.2454103281841196,0.6219779757077529,0.29401285195146437,0.6299972534179688,0.09999999999999998,61.0,-1.0,0,0,0,1,MIXED,MIXED
2019-04-23,0.1312759548267435,0.18717212172320555,-0.0925668396336015,-0.06176743810612135,0.32577989938523955,-0.23288892375052417,0.61461137938306,0.34079995828566817,1.0,0.06999999999999995,68.0,8.0,0,0,0,1,MIXED,MIXED
2019-04-24,0.1519030775953817,0.18078708071543773,-0.15425736318264258,-0.061894161983024665,0.3202367388422032,-0.23865081632235532,0.6264903765680476,0.31578213888692,1.3600006103515767,0.019999999999999907,65.0,-6.0,0,0,0,1,MIXED,MIXED
2019-04-25,0.1534961750593886,0.17662497216836695,-0.1808779120688537,-0.07045623723551349,0.3122044132103396,-0.24293140138514438,0.6623693517054378,0.24285142631824616,1.4300003051757955,0.010000000000000009,58.0,-3.0,0,0,0,1,MIXED,MIXED
2019-04-26,0.15211383881797716,0.17797426160244467,-0.17943331688413638,-0.08882832596315193,0.30864140242551263,-0.23672669648268896,0.6596226888405913,0.26037902388143697,0.8100051879882812,-0.020000000000000018,41.0,-18.0,0,0,0,1,MIXED,MIXED
2019-04-29,0.15380550082927216,0.19029956686957525,-0.16942676509512575,-0.03655410569894488,0.29274659785415336,-0.2146607700347291,0.6626881937086206,0.2471332365960777,0.5800018310546875,0.04999999999999993,42.0,-23.0,0,0,0,1,MIXED,MIXED
2019-04-30,0.13381448412472574,0.1937589856993482,-0.1744042157009649,-0.04334557775068118,0.29232645347622854,-0.22144963010147037,0.6631191770600037,0.2521541323863753,0.23000335693359375,-0.029999999999999916,42.0,-22.0,0,0,0,1,MIXED,MIXED
2019-05-01,0.13145302909207837,0.19065420301545294,-0.1742963499863862,-0.03920068097005876,0.29326224325756056,-0.21903898700826938,0.38949380969827624,0.10177811735517636,0.3300018310546733,0.010000000000000009,51.0,-11.0,0,0,0,1,MIXED,MIXED
2019-05-02,0.12705064183247355,0.19918782460673592,-0.20560910577878194,0.009161724823943266,0.22863101678735348,-0.15429375747142932,0.38945036236178737,0.10168060414057335,0.7400054931640483,0.050000000000000044,50.0,-15.0,0,0,0,1,MIXED,MIXED
2019-05-03,0.23032613061319426,0.22322329674756924,-0.2062477412558364,-0.03732592290402681,0.22873822486671125,-0.12709741115010428,0.41048869452089426,0.1584983619684907,0.20999908447264204,0.020000000000000018,63.0,21.0,0,0,0,1,MIXED,MIXED
2019-05-06,0.25868999792577474,0.2252373546744279,-0.19836643706405443,-0.00289309314101042,0.20715545586889964,-0.10956715752057303,0.40859849352479527,0.13189705499697868,0.1199951171875,0.0,57.0,-3.0,0,0,0,1,MIXED,MIXED
2019-05-07,0.20068281274140914,0.28156522282101376,-0.2132118859079678,0.10882031264606241,0.20169299402291893,-0.07719710366801744,0.37980409838629925,0.09715652970258054,0.5799942016601562,-0.030000000000000027,69.0,19.0,0,0,0,1,MIXED,MIXED
2019-05-08,0.20124600017540722,0.274276597549482,-0.21191785433517613,0.11078631229533592,0.2321255367721096,-0.12283640142038915,0.37834859191167264,0.13921971180454729,0.6100006103515625,0.020000000000000018,63.0,2.0,0,0,0,1,MIXED,MIXED
2019-05-09,0.20155628907989112,0.29604648808755535,-0.2267546171792158,0.11011137469434645,0.22451886691474054,-0.12539621398635387,0.38421342782742646,0.14810404218616807,0.42000579833984375,0.05999999999999994,69.0,5.0,0,0,0,1,MIXED,MIXED
2019-05-10,0.20716087551543047,0.2941506430939153,-0.21014789054362648,0.12225227353106398,0.2363864410486648,-0.1449753659011673,0.3311454841497497,0.23073468671282882,0.15000152587889204,0.020000000000000018,71.0,10.0,0,0,0,1,MIXED,MIXED
2019-05-13,-0.36420193886361935,0.4700263038547335,-0.15689495320594066,-0.12457474710813098,0.2965721770483495,-0.1578119012821815,0.7392554060516204,0.428846823296994,0.34999847412109375,-0.05999999999999994,78.0,10.0,0,0,0,1,MIXED,MIXED
2019-05-14,-0.3589136138538807,0.4704068958436774,-0.154893972536971,-0.16369108062194243,0.31773342946272104,-0.17793475754110424,0.7332322612961911,0.45597298063294645,0.5899963378906392,-0.04999999999999993,78.0,13.0,0,0,0,1,MIXED,MIXED
2019-05-15,-0.4390563670205363,0.4710513390511267,-0.23406131768887467,-0.16946184339247797,0.31900602403713596,-0.17782574570636414,0.7324589585906388,0.4492904670115793,0.529998779296875,-0.09999999999999998,77.0,19.0,0,0,0,1,MIXED,MIXED
2019-05-16,-0.4677678717903133,0.5072805148801846,-0.27651359435057177,-0.19548200341925545,0.32774707302261363,-0.17312073765666267,0.7612430839971068,0.4063535531238527,0.829994201660142,-0.08999999999999997,75.0,34.0,0,0,0,1,MIXED,MIXED
2019-05-17,-0.3669338274908455,0.5637922405106838,-0.2855604263840043,-0.15663338258178988,0.34539905601866017,-0.17908016818700764,0.8240497315289401,0.3264672277585858,0.529998779296875,-0.040000000000000036,65.0,23.0,0,0,0,1,MIXED,MIXED
2019-05-20,-0.4173722049833476,0.5476394716650708,-0.29702506131061274,-0.1886663373623922,0.3419917791322028,-0.19399325713013396,0.8556715547812256,0.39044509705564423,0.6500015258789062,-0.040000000000000036,73.0,31.0,0,0,0,1,MIXED,MIXED
2019-05-21,-0.43175394654378974,0.5390940984838705,-0.2749569731520976,-0.18879695682023623,0.3278177139954974,-0.17053027573079074,0.857567768432152,0.35702788113260847,0.48999786376954546,-0.020000000000000018,68.0,17.0,0,0,0,1,MIXED,MIXED
2019-05-22,-0.4242838489190702,0.5746140822945678,-0.2822307088632842,-0.17918287112157313,0.3279221508508135,-0.1696124873345619,0.8686333622266132,0.3402884641640705,0.01000213623046875,0.030000000000000027,69.0,19.0,0,0,0,1,MIXED,MIXED
2019-05-23,-0.43193538368433604,0.5618256925228972,-0.2835773151554184,-0.18794787976179575,0.33230721740377783,-0.17456533245809644,0.8363071363980557,0.4138834074298481,-0.34999847412110796,0.019999999999999907,65.0,2.0,0,0,0,1,MIXED,MIXED
2019-05-24,-0.44902553863532196,0.5190824941199393,-0.24414550147068373,-0.17614884267639944,0.3312652848226939,-0.16539611604185248,0.8362873170702723,0.414059109585905,-0.40000152587892046,0.020000000000000018,64.0,7.0,0,0,0,1,MIXED,MIXED
2019-05-28,-0.4413028693159204,0.4514519179368618,-0.16565394900993166,-0.18360442162942434,0.3073978253174752,-0.13144489724820513,0.8610680540894977,0.5078911991192948,0.09999847412109375,-0.04999999999999993,71.0,2.0,0,0,0,1,MIXED,MIXED
2019-05-29,-0.42686099425995594,0.44385401737409036,-0.1805807010391021,-0.17764616438110986,0.30653734612106526,-0.13394270608717382,0.8681875992874161,0.48142316036794963,0.6599960327148438,-0.06000000000000005,71.0,8.0,0,0,0,1,MIXED,MIXED
2019-05-30,-0.4402486610721897,0.41128845216615434,-0.1732497152457951,-0.17568402170220743,0.28101511046856276,-0.12810099543623926,0.8952058114820746,0.43170054766302485,0.4499969482422017,-0.10999999999999999,73.0,4.0,0,0,0,1,MIXED,MIXED
2019-05-31,-0.439804111795571,0.3836177022961661,-0.18377186926287847,-0.20399647650647204,0.2918995469681789,-0.1372832825562359,0.8956274995380493,0.4430846078430275,-0.08000183105467329,-0.26,61.0,-10.0,0,0,0,1,MIXED,MIXED
2019-06-03,-0.3681826394819422,0.23771755222599655,-0.06286385210504859,-0.1697940267829236,0.24257603488948618,-0.1012813526602579,0.9186204965623374,0.352854920319849,-0.37999725341796875,-0.29,66.0,-12.0,0,0,0,1,MIXED,MIXED
2019-06-04,-0.4387503343656634,0.2387722446974679,-0.045943032301204334,-0.2144875237493435,0.23765428161599997,-0.09279905862471624,0.9580387200558408,0.2935846215573499,-0.4499969482421875,-0.21999999999999997,42.0,-36.0,0,0,0,1,MIXED,MIXED
2019-06-05,-0.4630824626212185,0.24958279024830046,-0.05890974149100367,-0.21162515497117018,0.2520631959407331,-0.10301189339101184,0.9580382050705512,0.29429402907871394,-0.2599945068359091,-0.20999999999999996,27.0,-50.0,0,0,0,1,MIXED,MIXED
2019-06-06,-0.4675381731215498,0.2535864667067496,-0.0036932793143227916,-0.23251341107942172,0.2600419646331593,-0.1020851531792365,0.9584689834883274,0.26811183269884237,-0.5900039672851705,-0.22999999999999998,34.0,-41.0,0,0,0,1,MIXED,MIXED
2019-06-07,-0.43411924902843374,0.25908650917392434,0.005163016780686754,-0.22565531850969775,0.26913513589671867,-0.10831709034815891,0.9576838168410109,0.2644878284601123,-0.760002136230483,-0.25,27.0,-38.0,0,0,0,1,MIXED,MIXED
2019-06-10,-0.43966649788780854,0.2712474958733018,-0.006055041287224258,-0.23562037963705673,0.27275682455155975,-0.11144504067418859,0.9570417014142404,0.22649504702023152,-0.5699996948241903,-0.16999999999999998,46.0,-27.0,0,0,0,1,MIXED,MIXED
2019-06-11,-0.4378425730454487,0.2678459179874978,-0.010156596647186458,-0.23051764458662988,0.27415773180814534,-0.10577790490229584,0.6555113898280747,0.014330674250445173,-0.629997253417983,-0.12000000000000005,61.0,-7.0,0,0,0,1,MIXED,MIXED
2019-06-12,-0.4390243792502083,0.27080742864444074,0.007827252710785703,-0.2327118756452745,0.2772800770138991,-0.0992359256208953,0.6575628634684252,0.018766206315318293,-0.529998779296875,-0.14000000000000007,60.0,-9.0,0,0,0,1,MIXED,MIXED
2019-06-13,-0.4402460491883025,0.27092623402739835,0.010460694106357879,-0.22821418396935786,0.2732893725861848,-0.09484705279059512,0.6522523839192227,0.0031340638364931,-0.5599975585937358,-0.12000000000000005,63.0,-2.0,0,0,0,1,MIXED,MIXED
2019-06-14,-0.4436219710209771,0.265022118320943,0.0670832251633965,-0.23319667081377937,0.27123408290334056,-0.06463178226494404,0.6611957688172043,0.09766322239434777,-0.26999664306640625,-0.10000000000000003,67.0,3.0,0,0,0,1,MIXED,MIXED
2019-06-17,-0.4560183990536169,0.23310412482935552,0.09161519860233673,-0.2238991681188619,0.2591579023866166,-0.057476709999566465,0.6362031753286839,0.23833102908385104,-0.4400024414062358,-0.09999999999999998,84.0,13.0,0,0,0,1,MIXED,MIXED
2019-06-18,-0.4778685860303301,0.212325746965734,0.08232802697623455,-0.24353388436304813,0.250436816823188,-0.05859906978501441,0.5932435899165173,0.1295418086856132,-0.29000091552734375,-0.18,83.0,12.0,0,0,0,1,MIXED,MIXED
2019-06-19,-0.49713085603689544,0.21338365100824855,0.07077208745326426,-0.2468594801715941,0.2453348689511437,-0.07234728089702468,0.5944329149938622,0.15231622978004394,-0.9399948120117188,-0.24,82.0,9.0,0,0,0,1,MIXED,MIXED
2019-06-20,-0.487844915687636,0.20130372510816447,0.0546825248863771,-0.24236697076503286,0.24039119081254123,-0.07365344896283847,0.5756298885230858,0.2155184895886494,-1.480003356933608,-0.32999999999999996,81.0,20.0,0,0,0,1,MIXED,MIXED
2019-06-21,-0.4861850425398583,0.2150136468244288,0.02100382968704274,-0.24416917751050962,0.2512287685106947,-0.09785461785366402,0.6014054449432549,0.252375043439786,-1.6299972534179688,-0.23999999999999994,84.0,18.0,0,0,0,1,MIXED,MIXED
2019-06-24,-0.48676259380509995,0.2672615240057479,-0.007739113620603213,-0.24870228409484907,0.27963513443250904,-0.10606662595216063,0.6475395230955716,0.32104234330119646,-1.6299972534179688,-0.25000000000000006,80.0,38.0,0,0,0,1,MIXED,MIXED
2019-06-25,-0.2724521245793682,0.19057973797445363,0.005889521752451446,-0.2686840861533654,0.28339362993794975,-0.09639308462591689,0.6235834825389251,0.30171461838196945,-1.7999954223632812,-0.2,87.0,60.0,0,0,0,1,MIXED,MIXED
2019-06-26,-0.2525759881814275,0.07473776246194207,0.020457073622010297,-0.25427676833289165,0.24188372985329393,-0.08974862299977805,0.6812649539652896,0.40754163322935527,-1.9300003051757812,-0.15000000000000002,95.0,61.0,0,0,0,1,MIXED,MIXED
2019-06-27,-0.28530030919503196,0.11669020507564679,0.005912245653886301,-0.2690073692965747,0.20064642424747806,-0.05554586877116555,0.8853508680832395,0.2957786072600967,-1.9499969482422017,-0.14999999999999997,92.0,65.0,0,0,0,1,MIXED,MIXED
2019-06-28,-0.22894317019933277,0.07121733347023262,0.03982980808912111,-0.25235509924986793,0.20357199772172743,-0.05891515579675048,0.9367545446882363,0.3694946806120005,-1.6200027465820455,-0.09000000000000002,62.0,16.0,0,0,0,1,MIXED,MIXED
2019-07-01,-0.3448029142369943,0.2582332755015617,-0.16421777523615957,-0.2766448596653717,0.2913007418468513,-0.14941997141055344,1.1034488046169504,0.25403115563757145,-0.3000030517578125,0.0,65.0,4.0,0,0,0,1,MIXED,MIXED
2019-07-02,-0.30298988097734636,0.2691965724681818,-0.16513817030038042,-0.2777936445732548,0.28365569484508196,-0.15007528100573916,1.0685305092842619,0.33747242762957663,-0.339996337890625,-0.04999999999999999,63.0,3.0,0,0,0,1,MIXED,MIXED
2019-07-03,-0.2596404935882299,0.24721811115294404,-0.1436608092495796,-0.2557233835116812,0.2799047749405936,-0.14886000245195352,1.1082391318082536,0.42444837723591095,-0.6000061035156392,-0.06,79.0,16.0,0,0,0,1,MIXED,MIXED
2019-07-05,-0.25534143233941914,0.29987801754524196,-0.20757557619521763,-0.2467081152917002,0.30662035573173013,-0.1879678229784476,1.167012840760237,0.33899189499225607,0.220001220703125,-0.040000000000000036,67.0,0.0,0,0,0,1,MIXED,MIXED
2019-07-08,-0.2960392469972231,0.23156009560179078,-0.1734429723842158,-0.2602558444241063,0.2758381719575278,-0.17370003808961973,1.2128366080924744,0.42353658308455894,0.769996643066392,0.0,74.0,-10.0,0,0,0,1,MIXED,MIXED
2019-07-09,-0.29404189510606005,0.23180319935404908,-0.17354850788551107,-0.2601534604077595,0.2753790890827089,-0.1729024718685106,1.208959048277246,0.45213353856542626,0.7299957275390341,-0.06,84.0,1.0,0,0,0,1,MIXED,MIXED
2019-07-10,-0.28630305566782144,0.22594111702591557,-0.19068925920316082,-0.2642664373681292,0.24959319698642354,-0.1543279214404462,1.2200568323132353,0.4275002839387255,0.40999603271485796,-0.09999999999999998,83.0,1.0,0,0,0,1,MIXED,MIXED
2019-07-11,-0.2812090255358979,0.26036231439583507,-0.18038014681934175,-0.2613899540203608,0.26374772080490744,-0.1453370600490193,1.25810066427565,0.33247112806104395,0.05000305175779829,-0.06,62.0,-19.0,0,0,0,1,MIXED,MIXED
2019-07-12,-0.27784502584390197,0.2764063076700232,-0.18621187248304144,-0.25729846466284545,0.26691158485133976,-0.15285368041526792,1.2603066540120609,0.3615551284835537,-0.20000457763671875,-0.07,33.0,-51.0,0,0,0,1,MIXED,MIXED
2019-07-15,-0.26207191739241625,0.27644547707725003,-0.19483189360246983,-0.2582927396282979,0.264648518217462,-0.15819565833501914,1.2976404947950908,0.2256982900600797,-0.6399993896484375,-0.14,16.0,-64.0,0,0,0,1,MIXED,MIXED
2019-07-16,-0.2591500037725229,0.36713567335554564,-0.33367991096565,-0.23418529090356283,0.2907025984548937,-0.2025694895534446,1.3782378450061388,0.016735055048730324,-0.15999603271485796,-0.14999999999999997,34.0,-53.0,0,0,0,1,MIXED,MIXED
2019-07-17,-0.20508885751538514,0.3638188758862267,-0.3490502064970286,-0.23617610925027566,0.2953168868096901,-0.2077838486404827,1.376579448320156,0.06521848475437643,-0.4199981689453125,-0.10999999999999999,19.0,-76.0,0,0,0,1,MIXED,MIXED
2019-07-18,-0.20321774707235243,0.3923909857217439,-0.39107956326171117,-0.23154277898959588,0.31565903834246123,-0.2297270009999774,1.4124498617119234,0.1399431539393584,-0.3300018310547017,-0.10999999999999999,40.0,-52.0,0,0,0,1,MIXED,MIXED
2019-07-19,-0.1796618375682253,0.3906487184685381,-0.4057843617993717,-0.2254192933850547,0.3196303039252136,-0.23682948784704774,1.4120646093953533,0.10015119610263103,0.5200042724609517,-0.020000000000000018,42.0,-20.0,0,0,0,1,MIXED,MIXED
2019-07-22,-0.22072841566535886,0.39042569864287247,-0.4099919611025106,-0.22750865730901834,0.3229909829664222,-0.2444902684608556,1.3979998585237816,0.019382983806419878,1.040000915527358,-0.08000000000000002,42.0,-23.0,0,0,0,1,MIXED,MIXED
2019-07-23,-0.23073007499997775,0.4032710397893737,-0.42394681757305674,-0.2321414892897535,0.33248306962304797,-0.25670297261533526,1.3736592066043494,-0.10629179822968313,1.7299957275390625,-0.03999999999999998,40.0,-23.0,0,0,0,1,MIXED,MIXED
2019-07-24,-0.23661577770536898,0.3991273618348121,-0.426772575462314,-0.23479251719385982,0.3301403262911292,-0.2575289997158543,1.3471527169277466,-0.1837309263519999,1.5699996948242188,-0.07,20.0,-59.0,0,0,0,1,MIXED,MIXED
2019-07-25,-0.2215349426440881,0.3908330258929289,-0.4406739646279954,-0.23358528672100531,0.32813081186355864,-0.2570829055818807,1.291297026587278,-0.272466967926961,1.6100006103515625,-0.06999999999999995,42.0,-25.0,0,0,0,1,MIXED,MIXED
2019-07-26,-0.22310591049060063,0.39117780242486944,-0.44092765016655705,-0.23500212945928373,0.3278471912385847,-0.25866787901479826,1.1892016615852568,-0.12484685333193189,1.8199996948242472,-0.030000000000000027,24.0,-50.0,0,0,0,1,MIXED,MIXED
2019-07-29,-0.18332449762295175,0.3876555689696363,-0.5062611682143534,-0.22867659377038801,0.3204927228533022,-0.2687492648825105,1.1226188352540984,-0.2649825035169001,1.9100036621093892,-0.020000000000000018,19.0,-65.0,0,0,0,1,MIXED,MIXED
2019-07-30,-0.2070709944862161,0.4017695966166223,-0.510628502599861,-0.22456989931309468,0.31827113222940806,-0.2672897231476195,0.9904766534144056,-0.09672555914226372,1.2100067138671733,-0.06,22.0,-61.0,0,0,0,1,MIXED,MIXED
2019-07-31,-0.2220281216303353,0.3615733792901849,-0.4584871396871013,-0.24923426100728943,0.29791031400865264,-0.24876894466277152,1.0042114642812705,-0.06859003464579211,1.7899932861328125,-0.07,31.0,-31.0,0,0,0,1,MIXED,MIXED
2019-08-01,-0.23577180236027004,0.3593373340160139,-0.47470450452265395,-0.25269876771300137,0.30106309527793557,-0.2528247259859396,0.9380304323540531,-0.13989991752781922,1.6200027465820312,-0.10999999999999999,57.0,24.0,0,0,0,1,MIXED,MIXED
2019-08-02,-0.24479826198773968,0.3612812706834274,-0.4770479946308512,-0.24957923690328027,0.30056754571725997,-0.25098853068543214,0.8944658592651029,-0.042830473073694565,0.8499984741210938,-0.14999999999999997,61.0,45.0,0,0,0,1,MIXED,MIXED
2019-08-05,-0.3504120497220205,0.3893897229276224,-0.5126689336058343,-0.2985661932756449,0.326125122587834,-0.28465178725734036,0.8992793421043692,-0.03987847316261324,0.12000274658204546,-0.19999999999999998,64.0,30.0,0,0,0,1,MIXED,MIXED
2019-08-06,-0.355586034856833,0.3499379139756911,-0.49712676818675466,-0.3044987317426039,0.3183604013492644,-0.28620435961063284,0.8987114111688211,-0.09116939949430869,0.1399993896484375,-0.25,66.0,47.0,0,0,0,1,MIXED,MIXED
2019-08-07,-0.3176295215895877,0.3641001609239272,-0.5237156052751638,-0.30228052573174186,0.32191408731542004,-0.2873955240587771,0.9045090327698302,-0.017806069175628873,0.44000244140625,-0.24000000000000002,45.0,5.0,0,0,0,1,MIXED,MIXED
2019-08-08,-0.3129267097182757,0.43014445850324684,-0.5405382639981046,-0.30155925758747576,0.3219925183705899,-0.28771844579974315,0.8709838823400452,0.0521226920642861,0.5699996948242472,-0.29,61.0,19.0,0,0,0,1,MIXED,MIXED
2019-08-09,-0.2811507281682305,0.4446068161137725,-0.5965568402541439,-0.3144012502754587,0.3287736442738857,-0.30868866200172534,0.8611810581543677,0.003965573698951666,0.6800003051757528,-0.26999999999999996,60.0,18.0,0,0,0,1,MIXED,MIXED
2019-08-12,-0.28920253651670014,0.4397336794478848,-0.5863314441201474,-0.3000236590500382,0.3165576570092144,-0.30263143513440455,0.8240164601567125,0.043775083098048465,0.4499969482421733,-0.28,48.0,8.0,0,0,0,1,MIXED,MIXED
2019-08-13,-0.26236003305456906,0.3423144518253605,-0.502311875991482,-0.31259002372103384,0.32394115865539946,-0.3116199271530566,0.6687781308066217,0.13944464528930753,0.40999603271485796,-0.28,45.0,25.0,0,0,0,1,MIXED,MIXED
2019-08-14,-0.12420202880355258,0.3088927203488541,-0.5052201414972436,-0.24712459578249174,0.30914109286020697,-0.3188749918343727,0.7308965273207761,0.03625539450894283,0.769996643066392,-0.29,11.0,-31.0,0,0,0,1,MIXED,MIXED
2019-08-15,-0.17689886081185735,0.33598445224198825,-0.5227135857916038,-0.24962383716188769,0.3089819221123092,-0.30963393593685884,0.6536976242798451,-0.03384211259195469,1.3499984741210938,-0.27,13.0,-11.0,0,0,0,1,MIXED,MIXED
2019-08-16,-0.16753052601882948,0.27693015541996535,-0.482643010528014,-0.249756532237774,0.3101790699509439,-0.3108886142703511,0.6529152889238694,-0.01496253901886849,0.9899978637695312,-0.24,31.0,12.0,0,0,0,1,MIXED,MIXED
2019-08-19,-0.0960888007463531,0.30573574881410837,-0.5153006799802999,-0.23908413570271414,0.2908131930424194,-0.30239349252222614,0.6731857591829218,0.05391426934592504,1.0899963378906108,-0.22,30.0,8.0,0,0,0,1,MIXED,MIXED
2019-08-20,-0.10179129217782108,0.30029059085057913,-0.5152665420651459,-0.23934983508263158,0.27281355227198434,-0.29230704711463085,0.6550182861233645,0.0835236332952833,0.48000335693357954,-0.25,39.0,8.0,0,0,0,1,MIXED,MIXED
2019-08-21,-0.11493733446186147,0.3501948432762339,-0.5716221807423406,-0.24728530933981274,0.27795403250125544,-0.29612130271303877,0.6905545003321963,0.03269709042400466,0.5699996948242045,-0.21000000000000002,11.0,-46.0,0,0,0,1,MIXED,MIXED
2019-08-22,-0.11833714281141022,0.31696995870298145,-0.5992939233936074,-0.246870975525678,0.27768682038866327,-0.2952627488773094,0.6898914340585683,0.02187534105345821,0.34999847412110796,-0.21000000000000002,5.0,-56.0,0,0,0,1,MIXED,MIXED
2019-08-23,-0.1685451347421888,0.3274383263246359,-0.5822296669659152,-0.248700878227847,0.2878533837055865,-0.29822709620366616,0.6952835590960447,0.0530407393039045,-0.37000274658204546,-0.32,33.0,-31.0,0,0,0,1,MIXED,MIXED
2019-08-26,-0.15950272372577098,0.3274231692178602,-0.5700022122563867,-0.24935389145959314,0.2881527085921744,-0.29775378070437397,0.6813162025250846,0.08569103630840533,0.04000091552732954,-0.29,41.0,-25.0,0,0,0,1,MIXED,MIXED
2019-08-27,-0.20644933361319887,0.2459574827366674,-0.5038263875651069,-0.2476179488329009,0.2822027560836838,-0.30052741950871575,0.6853392123547943,0.058429025226311715,-0.05000305175779829,-0.34,30.0,-15.0,0,0,0,1,MIXED,MIXED
2019-08-28,-0.21275578032991732,0.24624772219358113,-0.5086444145431749,-0.2503826510924082,0.2869324953765011,-0.3047184235426692,0.6818875656387294,-0.03339062524098089,-0.30999755859375,-0.34,32.0,-29.0,0,0,0,1,MIXED,MIXED
2019-08-29,-0.27453179021025165,0.18469535225118242,-0.4427816937226061,-0.2632511745037376,0.2943757206612635,-0.31582868873277864,0.6759373076716608,-0.08940904609164421,0.12000274658204546,-0.29000000000000004,20.0,-40.0,0,0,0,1,MIXED,MIXED
2019-08-30,-0.2793332841363609,0.17326089676979609,-0.41479962438372325,-0.2645405880224144,0.2944512485375164,-0.3084963313628464,0.675351692976634,-0.09153184046231928,0.819999694824233,-0.25,24.0,-24.0,0,0,0,1,MIXED,MIXED
2019-09-03,-0.2998809822995244,0.25011885640025033,-0.3794112787387919,-0.2756160401375531,0.31210817649942435,-0.30071396418740814,0.6451055647422489,-0.10550621440312825,1.4499969482422017,-0.18,41.0,-4.0,0,0,0,1,MIXED,MIXED
2019-09-04,-0.2880044203477669,0.2219720705086768,-0.31289164734947,-0.27639429793206616,0.3106205513937669,-0.29164349710007276,0.6397293787068162,-0.08011252533259183,0.8199996948242472,-0.15,43.0,32.0,0,0,0,1,MIXED,MIXED
2019-09-05,-0.28121048784583624,0.2057456331468145,-0.3122654907567014,-0.27538962989277,0.29978059241074867,-0.29334531965853006,0.6198902461593445,-0.1215158365462411,0.8700027465820312,-0.08,41.0,28.0,0,0,0,1,MIXED,MIXED
2019-09-06,-0.27638909873367695,0.22913844773734068,-0.3099409110112486,-0.27340540112400274,0.30332375684010765,-0.29241288138459576,0.6212794123433378,-0.1447977527807468,0.769996643066392,-0.060000000000000005,43.0,12.0,0,0,0,1,MIXED,MIXED
2019-09-09,-0.2755272708123791,0.22931094359543364,-0.3069267274111192,-0.27317023504763294,0.30562246400222026,-0.29255087680302244,0.6215371666064586,-0.13788522549307997,0.790000915527358,-0.020000000000000004,41.0,11.0,0,0,0,1,MIXED,MIXED
2019-09-10,-0.28625111310859325,0.2617570737009249,-0.3100092947362952,-0.2723631927443125,0.3113703205844264,-0.2945553545989279,0.6113702677541284,-0.11797138239510155,0.9500045776367188,0.07999999999999999,41.0,2.0,0,0,0,1,MIXED,MIXED
2019-09-11,-0.2804355030896297,0.2615459338675416,-0.2997349604917884,-0.28490229951967744,0.3085711425097553,-0.28655793927223866,0.596678268214041,-0.06811507057274127,0.840003967285142,0.09999999999999999,38.0,27.0,0,0,0,1,MIXED,MIXED
2019-09-12,-0.2533439245329926,0.3339648291264042,-0.40138952529269084,-0.2850777639972451,0.3085116972901,-0.2879225109979274,0.5316295446869073,0.03503689538196823,0.31999969482424717,0.14,39.0,34.0,0,0,0,1,MIXED,MIXED
2019-09-13,-0.24225541879380458,0.3067430948458386,-0.3939055083176726,-0.28662510236363137,0.3085708775570729,-0.2881440530102696,0.5248514482597745,0.004740794159041817,0.12000274658204546,0.25,38.0,5.0,0,0,0,1,MIXED,MIXED
2019-09-16,-0.23511356789377172,0.3056192520772266,-0.3872054414730589,-0.28501422245122504,0.3078262517176915,-0.2887618793260642,0.5251596485166921,-0.00944700208130797,0.5100021362304688,0.16,38.0,-3.0,0,0,0,1,MIXED,MIXED
2019-09-17,0.020449453209981077,0.2104855851002082,-0.19878903731076253,-0.28401711445305133,0.3077198660702451,-0.2800348418637323,0.49070531696404884,-0.06380864756565863,-0.08999633789061079,0.10999999999999999,41.0,11.0,0,0,0,1,MIXED,MIXED
2019-09-18,0.04371755269468078,0.2317165496681996,-0.18679911395383916,-0.2842692047087002,0.3082452656892215,-0.27949189374408734,0.4891256976502279,-0.05391997514675349,0.40999603271485796,0.19,38.0,6.0,0,0,0,1,MIXED,MIXED
2019-09-19,0.03574460569189447,0.17702961510011503,-0.18210021857548614,-0.18998569530015533,0.2938243327668899,-0.2951490847564043,0.4431887306846465,0.012582239116899024,-0.03000640869139204,0.13,31.0,11.0,0,0,0,1,MIXED,MIXED
2019-09-20,0.026436639459253106,0.16486113623812335,-0.18438838490602005,-0.1926415682727003,0.29115475502576665,-0.2997988013316828,0.4442528824992922,0.004980731156981591,0.34000396728515625,0.06,41.0,17.0,0,0,0,1,MIXED,MIXED
2019-09-23,0.027505059826100187,0.1368091308991064,-0.19092660254778598,-0.19688221864430544,0.287133435143866,-0.30190082609504504,0.4597481193867899,-0.06742692297412262,0.9599990844726562,0.13,41.0,0.0,0,0,0,1,MIXED,MIXED
2019-09-24,0.11774033790478146,0.09667554951578078,-0.0729345044692797,-0.14992974267226994,0.2638360476972487,-0.26371569370086534,0.6140057214585851,-0.18484533260193425,0.2599945068359517,0.06,39.0,-4.0,0,0,0,1,MIXED,MIXED
2019-09-25,0.1673499601326296,0.08375442580798008,-0.04167470580927125,-0.16886484078620978,0.2537801644571672,-0.2588354305327761,0.6136269055897579,-0.1824303647480804,1.0400009155273438,0.19,15.0,-26.0,0,0,0,1,MIXED,MIXED
2019-09-26,0.015966980936103884,0.1386827278316832,-0.026327355079047314,-0.14322034787265156,0.26147145310464276,-0.2609943306931898,0.6143998692007391,-0.18351778335883906,1.0,0.21000000000000002,12.0,-31.0,0,0,0,1,MIXED,MIXED
2019-09-27,-0.004529950722203284,0.10637107827567199,-0.04837705711025247,-0.14605381997092748,0.25819743684415064,-0.2619531798531295,0.6174416313405298,-0.14192803045198196,0.5999984741210795,0.25,24.0,-17.0,0,0,0,1,MIXED,MIXED
2019-09-30,-0.016470928815597377,0.09217922500586492,-0.037296318837878865,-0.14893702783014062,0.2503452654623975,-0.2598328498448223,0.6162320686833921,-0.14605638778214622,0.45999908447262783,0.2,27.0,-14.0,0,0,0,1,MIXED,MIXED
2019-10-01,-0.1093127449711097,0.17333852573759595,-0.08533428784251967,-0.1433628423066851,0.24807549010356933,-0.25638873437584525,0.47648775047203873,-0.24161630827283198,0.18000030517575283,0.16,38.0,0.0,0,0,0,1,MIXED,MIXED
2019-10-02,-0.12948833928322498,0.19218411542758293,-0.09430216364699448,-0.14350584628093918,0.2479430162725533,-0.25546478021242186,0.479570908517885,-0.2329313249727049,0.590003967285142,0.14,39.0,0.0,0,0,0,1,MIXED,MIXED
2019-10-03,-0.09469236587467766,0.1785312094834922,-0.07643840945040191,-0.14123420239409007,0.2617570084011009,-0.27942481592507473,0.4784079480547055,-0.24711950305133673,0.4499969482421875,0.049999999999999996,37.0,-1.0,0,0,0,1,MIXED,MIXED
2019-10-04,-0.08965009094867424,0.18054519236423244,-0.0736761546393281,-0.14305862269639855,0.2617731152311698,-0.27887087112982223,0.4776684044961776,-0.23244735795247598,0.4199981689453267,0.01,30.0,-8.0,0,0,0,1,MIXED,MIXED
2019-10-07,0.006094085000462152,0.1078662278739352,-0.002520568798838285,-0.14222234925340974,0.26454544497906063,-0.2788153867977983,0.4799221715828426,-0.22585121658186771,0.709999084472642,-0.009999999999999995,27.0,-14.0,0,0,0,1,MIXED,MIXED
2019-10-08,-0.010403479966222874,0.11146269418019605,-0.00655930525469997,-0.13247643401765152,0.25826244496279205,-0.2732611939653263,0.47945253791738246,-0.20647776058788067,0.8099975585937642,-0.06,39.0,1.0,0,0,0,1,MIXED,MIXED
2019-10-09,0.03818590181912681,0.1310276881119541,-0.021383631960922012,-0.13985724553117773,0.27280649004075463,-0.3023832997005843,0.5121011558197006,-0.168998324864175,0.4700012207031392,-0.04999999999999999,37.0,6.0,0,0,0,1,MIXED,MIXED
2019-10-10,0.054991972190590425,0.12092852455052507,-0.001961069032009925,-0.11326006420475462,0.27227230368838873,-0.3049347363514047,0.5005008867143136,-0.1925909461928793,0.40000152587889204,-0.010000000000000009,41.0,0.0,0,0,0,1,MIXED,MIXED
2019-10-11,0.05026840535788847,0.12006854262710431,0.05889528897585383,-0.12197124138902862,0.2755439127353484,-0.29545828963158105,0.5056534638475075,-0.21913163189237153,0.04000091552731533,-0.03,39.0,-2.0,0,0,0,1,MIXED,MIXED
2019-10-15,0.2096505600529558,-0.04953006586304753,0.04220822101734139,-0.1364244207598372,0.2763097502195109,-0.28900745273182543,0.509677814036084,-0.22163716240800432,0.02999877929686079,0.06,39.0,24.0,0,0,0,1,MIXED,MIXED
2019-10-16,0.21024658164796323,-0.06662272196491496,0.06998066094138694,-0.13443990654089455,0.2745173153662571,-0.2825611792699577,0.5098112049650884,-0.23685112412276949,-0.5899963378906108,-0.03,40.0,28.0,0,0,0,1,MIXED,MIXED
2019-10-17,0.21269557300417938,-0.04289572460080538,0.04099280587668839,-0.1339803360015117,0.2741534100850267,-0.28210058239038505,0.5099587498476793,-0.2365310907850685,-0.6599960327148438,-0.009999999999999981,40.0,16.0,0,0,0,1,MIXED,MIXED
2019-10-18,0.21567836881431057,-0.05940527941116166,0.0507060371307734,-0.1286286770071794,0.27305124254550717,-0.2840582533888239,0.5100079725656819,-0.24449939467583204,-1.230003356933608,0.03,40.0,13.0,0,0,0,1,MIXED,MIXED
2019-10-21,0.2550396016656244,-0.08242148856084867,0.06570761905732639,-0.12348630165456233,0.2667315949332821,-0.2823387864617374,0.5181520212576343,-0.16569265677152384,-1.2699966430664205,0.08,37.0,-1.0,0,0,0,1,MIXED,IDIOSYNCRATIC
2019-10-22,0.26353777485978175,-0.10889516317202075,0.0574194496404895,-0.11484165844954494,0.2691026525680569,-0.31552434061495266,0.322247434942975,-0.06498132861669573,-0.80999755859375,0.11000000000000001,39.0,0.0,0,0,0,1,MIXED,IDIOSYNCRATIC
2019-10-23,0.21559138655509635,-0.13865065709408803,0.04080363798651787,-0.12529194510178435,0.2701203608717876,-0.3118297662434754,0.39998687943212435,-0.12167741595035003,-1.5699996948242188,0.03,33.0,-4.0,0,0,0,1,MIXED,IDIOSYNCRATIC
2019-10-24,0.2119500989121847,-0.14138102421416948,0.08991924795861549,-0.11991230648077697,0.2720685583221959,-0.31039322618807885,0.3749739554315703,-0.08016854518803089,-1.5800018310547017,0.01999999999999999,20.0,-10.0,0,0,0,1,MIXED,IDIOSYNCRATIC
2019-10-25,0.24930044685186867,-0.06605098017998018,0.1652405701986329,-0.09801818088003604,0.26285878193275236,-0.27334506571449374,0.6355339096727383,0.048358676352465074,-1.2799987792968892,-0.010000000000000009,24.0,-3.0,0,0,0,1,MIXED,IDIOSYNCRATIC
2019-10-28,0.29029569068862,-0.12623085716740298,0.15769492198703589,-0.08889032226735674,0.2404472878462334,-0.2701114941005878,0.6731774443551793,0.10977156029841299,-1.6199951171874716,0.06,52.0,13.0,0,0,1,0,IDIOSYNCRATIC,IDIOSYNCRATIC
2019-10-29,0.2758853490692613,-0.1313453760099741,0.15885948834242006,-0.08824818376443944,0.23269092332254232,-0.2561827933531014,0.6746528549367776,0.12219484956824903,-1.4399948120117188,0.1,54.0,17.0,0,0,1,0,IDIOSYNCRATIC,IDIOSYNCRATIC
2019-10-30,0.26948631394043493,-0.14414562022044325,0.16616434882504252,-0.08479234090041801,0.20908378889730192,-0.24280523063068493,0.6825602631892908,0.09242271452999377,-1.3899993896484375,0.10999999999999999,53.0,12.0,0,0,1,0,IDIOSYNCRATIC,IDIOSYNCRATIC
2019-10-31,0.2689173776202478,-0.14191118716071718,0.1741073590716608,-0.06475943035546046,0.2081485375771648,-0.25339832707121906,0.6787827326807049,0.10773472838660418,-1.5100021362304688,0.09,50.0,11.0,0,0,1,0,IDIOSYNCRATIC,IDIOSYNCRATIC
2019-11-01,0.2721988508409028,-0.14093234591396278,0.17941946826169147,-0.06894367575416355,0.23773326808657932,-0.26247898251172314,0.6773893596936508,0.12096510153318335,-1.5699996948242472,0.12000000000000001,49.0,12.0,0,0,1,0,IDIOSYNCRATIC,IDIOSYNCRATIC
2019-11-04,0.2752358093332123,-0.12178746542095559,0.21369599547505047,-0.049542798869219945,0.2408380829399354,-0.27371352595214404,0.6782780050147097,0.13236800470789606,-1.479995727539034,0.09999999999999999,49.0,10.0,0,0,1,0,IDIOSYNCRATIC,IDIOSYNCRATIC
2019-11-05,0.13587119205902295,-0.02966271681448154,0.12231224541997307,-0.06052947098686642,0.23924421487223052,-0.27167219954803734,0.679410875838711,0.1269386543799305,-1.1599960327148438,0.12,54.0,14.0,0,0,1,0,IDIOSYNCRATIC,IDIOSYNCRATIC
2019-11-06,0.1559579481831464,-0.07819946248493642,0.19784509370034484,-0.02865969085351434,0.17594315068486413,-0.19879457481671706,0.665758666222742,0.08527253168243193,-1.1700057983398438,0.04999999999999999,53.0,13.0,0,0,1,0,IDIOSYNCRATIC,IDIOSYNCRATIC
2019-11-07,0.12176235403447791,-0.046165045503426726,0.23098586492361362,-0.030061262988725645,0.16949771338229558,-0.19761473244669503,0.6673791736223441,0.076332162978959,-0.5699996948242188,0.08000000000000002,54.0,14.0,0,0,1,0,IDIOSYNCRATIC,IDIOSYNCRATIC
2019-11-08,0.12362568314808582,-0.0006588125239960189,0.17021720458924064,-0.05343634501374404,0.17836475004216762,-0.21284169742004988,0.6839239542429161,0.05643282012938266,0.04999542236329546,0.03,42.0,5.0,0,0,1,0,IDIOSYNCRATIC,IDIOSYNCRATIC
2019-11-12,0.1375954655828594,0.005906210826310292,0.18216533872930932,-0.035212519239792316,0.18772079226473845,-0.2029078873975599,0.679457047375687,0.07174121145285803,0.01999664306642046,0.010000000000000009,39.0,6.0,0,0,1,0,IDIOSYNCRATIC,IDIOSYNCRATIC
2019-11-13,0.16240159723733644,-0.002678597263298186,0.18223136298371184,-0.038717075201786355,0.18599605051717397,-0.2060959849494005,0.6745513008981259,0.09032540229768839,0.3600006103515625,0.04000000000000001,38.0,18.0,0,0,1,0,IDIOSYNCRATIC,IDIOSYNCRATIC
2019-11-14,0.19062091774313691,0.0012805166391896595,0.18064716042441234,-0.033418327702738754,0.20250792515108348,-0.21925335924940723,0.6767096737766061,0.07190622037713762,0.5500030517578125,0.03,41.0,17.0,0,0,1,0,IDIOSYNCRATIC,IDIOSYNCRATIC
2019-11-15,0.1915066212583822,0.008432164072202987,0.19194146718296837,-0.03954280599227294,0.19013814547565167,-0.22168919535104384,0.6806728168335636,0.06303676289025009,0.720001220703125,0.04999999999999999,38.0,-14.0,0,0,1,0,IDIOSYNCRATIC,IDIOSYNCRATIC
2019-11-18,0.19942567292421104,0.0016097973652429856,0.20428685555114853,-0.04612709842936296,0.18220718221356366,-0.20752471469404904,0.6765451453696172,0.007921916933464258,0.45999908447267046,-0.010000000000000009,38.0,-16.0,0,0,1,0,IDIOSYNCRATIC,IDIOSYNCRATIC
2019-11-19,0.22956146246936737,0.002476850869497804,0.20150108460271193,-0.044881513646549645,0.18483064257477816,-0.2032964838337487,0.6740769484295569,0.015713863461547187,0.3300018310546875,-0.010000000000000009,32.0,-21.0,0,0,1,0,IDIOSYNCRATIC,IDIOSYNCRATIC
2019-11-20,0.20628432429580879,-0.01265760594086284,0.19101526476718958,-0.06308203968241156,0.15662295945816482,-0.148901241596432,0.6261200198263005,0.06598689460543772,0.45999908447265625,-0.03,32.0,-18.0,0,0,1,0,IDIOSYNCRATIC,IDIOSYNCRATIC
2019-11-21,0.23338350729604843,0.022087850441593785,0.1805483949836133,-0.05556274977224413,0.1541525746307366,-0.14585631134902466,0.6517544265356013,0.01972300664970765,0.3600006103515625,-0.009999999999999981,30.0,-19.0,0,0,1,0,IDIOSYNCRATIC,IDIOSYNCRATIC
2019-11-22,0.3007758553061824,0.010206625722554813,0.08382857803992477,-0.06535063863533036,0.11483201639903846,-0.11271822089593639,0.4117662342161362,-0.17139015193051377,0.43999481201173296,0.0,20.0,-29.0,0,0,1,0,IDIOSYNCRATIC,IDIOSYNCRATIC
2019-11-25,0.2602272395927537,0.012176114917647531,0.07336798662853353,-0.07295361719328153,0.11492500249841767,-0.11091115643413957,0.30927367490289764,-0.2587165450008449,0.5599975585937358,-0.06999999999999998,17.0,-37.0,0,0,1,0,IDIOSYNCRATIC,IDIOSYNCRATIC
2019-11-26,0.3010640452067188,0.009508233628323544,0.058917317582872164,-0.07004914793025488,0.11692085749985419,-0.11068822678506211,0.29987574096097314,-0.2670215214093331,0.5599975585937642,-0.11000000000000001,21.0,-32.0,0,0,1,0,IDIOSYNCRATIC,IDIOSYNCRATIC
2019-11-27,0.31555085523515847,-0.006875960185946606,0.06969255797023952,-0.05595606024631252,0.09842792539511203,-0.08170933520238308,0.35363513618908105,-0.20070979925520044,0.7600021362304688,-0.06999999999999998,20.0,-34.0,0,0,1,0,IDIOSYNCRATIC,IDIOSYNCRATIC
2019-11-29,0.2687792723527404,0.02189077301542401,0.06783831340728155,-0.05921524565888567,0.10612487216479896,-0.08700421703800433,0.3789210390265841,-0.17001578426436348,0.9199981689453125,0.020000000000000018,31.0,-11.0,0,0,1,0,IDIOSYNCRATIC,IDIOSYNCRATIC
2019-12-02,0.3382932746009357,0.019323481557652972,0.1481111203416355,-0.03614495733177609,0.11058792790640481,-0.05881355420226582,0.4113704851452794,-0.2349414029475946,0.6200027465820455,0.03999999999999998,28.0,-12.0,0,0,1,0,IDIOSYNCRATIC,IDIOSYNCRATIC
2019-12-03,0.29994614971393363,0.0447767807622127,0.14155299697904983,-0.03654698980400335,0.11089860144467423,-0.05917441161216914,0.40107274179580904,-0.2514203186036209,0.22999572753903408,-0.06,28.0,-11.0,0,0,1,0,IDIOSYNCRATIC,IDIOSYNCRATIC
2019-12-04,0.28569575078452586,0.052979074310797535,0.16045969890090817,-0.04207003618225865,0.1196114187610627,-0.057410363434322834,0.40082493371964445,-0.2532947358349492,-0.3300018310546875,-0.06999999999999999,24.0,-14.0,0,0,1,0,IDIOSYNCRATIC,IDIOSYNCRATIC
2019-12-05,0.29340906522381927,0.08615995153619821,0.11218856709057914,-0.040928813764974585,0.11827637643850183,-0.06550828994267874,0.420842706424176,-0.22855244953803774,-0.5399932861328267,-0.01999999999999999,21.0,-20.0,0,0,1,0,IDIOSYNCRATIC,IDIOSYNCRATIC
2019-12-06,0.3082602320636896,0.07078021740154433,0.12818503669969655,-0.018501742075487736,0.13985816732999384,-0.0910554593702222,0.4293764386490158,-0.2053706142320108,-0.4400024414062358,-0.08000000000000002,29.0,-9.0,0,0,1,0,IDIOSYNCRATIC,IDIOSYNCRATIC
2019-12-09,0.28035906858998083,0.0012833976174882326,-0.0002603995864023997,-0.007952558259832742,0.11640260953117895,-0.08543118834372515,0.4045899454750052,-0.17370467557199848,-0.7099990844726562,-0.09,32.0,-6.0,0,0,1,0,IDIOSYNCRATIC,IDIOSYNCRATIC
2019-12-11,0.23415339752862643,0.1392225438084049,0.05797719546766844,0.1455620154854528,0.05622461118015441,0.013337324750055233,0.4012419384350408,-0.20003137240408783,-1.1499938964843892,-0.12,20.0,-12.0,0,0,1,0,IDIOSYNCRATIC,IDIOSYNCRATIC
2019-12-12,0.2565601724061783,0.15399538994027417,0.07507953552606951,0.15852264819914255,0.06310527363501872,0.020324960487971156,0.4027916055688406,-0.19563619964847673,-0.9700012207031392,-0.04000000000000001,23.0,-7.0,0,0,1,0,IDIOSYNCRATIC,IDIOSYNCRATIC
2019-12-13,0.2645074275184133,0.155615477513468,0.07269424335634006,0.15630670663225665,0.037014833358909184,0.02293588377038281,0.40538770867393664,-0.18054011866923694,-0.9900054931640483,-0.08000000000000002,22.0,2.0,0,0,1,0,IDIOSYNCRATIC,IDIOSYNCRATIC
2019-12-16,0.14426628699629157,0.1370097492145001,0.10604221126914877,0.1415333927599656,0.03484506965802942,0.02720044492800584,0.423559391997064,-0.20290594269907974,-0.9300003051757812,-0.04999999999999999,24.0,7.0,0,0,1,0,IDIOSYNCRATIC,IDIOSYNCRATIC
2019-12-17,0.12030091830344959,0.14475794525424782,0.022528785014381342,0.1409029560083115,0.034364835404649824,0.019476379715583955,0.4370865526827352,-0.22418415927173593,-0.5800018310546875,-0.03999999999999998,23.0,2.0,0,0,1,0,IDIOSYNCRATIC,IDIOSYNCRATIC
2019-12-18,0.07431579130877237,0.1522303360501826,0.1431080455966689,0.1189039061674647,0.0495253619083527,0.03895659151385907,0.5631481614366091,-0.12019174484333417,-0.4499969482421875,0.0,15.0,-5.0,0,0,1,0,IDIOSYNCRATIC,IDIOSYNCRATIC
2019-12-19,0.08260113375500687,0.1425708920312592,0.14377808263118005,0.1456773058841315,0.039832526484331394,0.061963890319984546,0.5603866370610695,-0.10836827307088479,-0.5100021362304545,0.01999999999999999,21.0,-10.0,0,0,1,0,IDIOSYNCRATIC,IDIOSYNCRATIC
2019-12-20,0.0879396739467158,0.16844367066872223,0.16089973521797402,0.06707014990480982,0.06502720828845401,0.08459893420551035,0.5376635001957405,-0.057066479242841306,-0.2799987792968608,0.009999999999999981,23.0,-5.0,0,0,1,0,IDIOSYNCRATIC,IDIOSYNCRATIC
2019-12-23,0.12200336203190024,0.11503834816945507,0.22516580067272732,0.07071339133110464,0.05980511542853989,0.07747555362000891,0.5181340431532335,0.008060369986319291,-0.6099929809570312,0.03,33.0,5.0,0,0,1,0,IDIOSYNCRATIC,IDIOSYNCRATIC
2019-12-24,0.12278860558811315,0.11210648558619525,0.2276185376381506,0.06621711825785137,0.061898396261016,0.07744309450777451,0.5127537232853948,0.02438471908591547,-0.6699981689453125,0.009999999999999981,25.0,1.0,0,0,1,0,IDIOSYNCRATIC,IDIOSYNCRATIC
2019-12-26,0.11231394375083377,0.09440229585722408,0.2208353430384677,0.03888030438563619,0.08975931227489385,0.06308104949267332,0.5134891958326433,0.002849171433001941,-0.660003662109375,0.04000000000000001,39.0,18.0,0,0,1,0,IDIOSYNCRATIC,IDIOSYNCRATIC
2019-12-27,0.10352420338055349,0.08565001292910142,0.13765940534526963,0.03439839960639346,0.0934555838367369,0.04871300292147147,0.4908016557506378,-0.03260027434843763,-1.4900054931640483,0.009999999999999981,38.0,9.0,0,0,1,0,IDIOSYNCRATIC,IDIOSYNCRATIC
2019-12-30,0.08523655121917671,0.09239806954236954,0.12895736169262714,0.05115687493514808,0.08713512808250229,0.05776310829288787,0.4772400673342076,-0.06222827134999343,-1.5299987792968892,-0.020000000000000018,40.0,8.0,0,0,1,0,IDIOSYNCRATIC,IDIOSYNCRATIC
2019-12-31,0.10778357660292823,0.07438629366303633,0.1276713883313758,0.05112595986031363,0.08667559962606189,0.06210087502159858,0.43543655426676686,-0.017690294553720856,-1.470001220703125,-0.03,38.0,12.0,0,0,1,0,IDIOSYNCRATIC,IDIOSYNCRATIC
2020-01-02,0.04465490403616728,0.04287732863003606,0.04809200314546199,0.08723854254918036,0.0526646498401575,0.06757474357550831,0.4464106126312876,-0.04679789764739156,-0.8899993896484233,-0.009999999999999995,39.0,19.0,0,0,1,0,IDIOSYNCRATIC,IDIOSYNCRATIC
2020-01-03,-0.05368213255148232,0.1719283780664584,0.05498709187577985,0.06291931231574294,0.08367052320517193,0.06762904236587255,0.4808075348760716,0.012721980853533627,-0.8100051879882812,-0.08,38.0,15.0,0,0,1,0,IDIOSYNCRATIC,IDIOSYNCRATIC
2020-01-06,-0.03831487621484524,0.24852318406992602,0.027851313595380595,0.06931450683519075,0.11611876095068135,0.052882068338310675,0.5108021940424124,0.04218283408970587,-0.7400054931640483,-0.07,41.0,19.0,0,0,1,0,IDIOSYNCRATIC,IDIOSYNCRATIC
2020-01-07,-0.09775283933063099,0.19872996392636658,0.11845843283003515,0.06850748083009686,0.1187792333031839,0.0863105135311527,0.5356086840934899,0.07854688411182671,-0.719993591308608,-0.06,40.0,16.0,0,0,1,0,IDIOSYNCRATIC,IDIOSYNCRATIC
2020-01-08,-0.11603626389682273,0.181382467298775,0.16730113262783194,0.08160867226756707,0.1140964663306354,0.09221059866313909,0.5314484210831171,0.08777335605528203,-0.3399963378906392,-0.020000000000000018,51.0,28.0,0,0,1,0,IDIOSYNCRATIC,IDIOSYNCRATIC
2020-01-09,-0.10284825194932883,0.19003827824608915,0.15188123304374576,0.07586434187280423,0.12101051312024635,0.08207851388076874,0.5364499225942745,0.07933750409355897,0.03999328613282671,-0.030000000000000013,44.0,29.0,0,0,1,0,IDIOSYNCRATIC,IDIOSYNCRATIC
2020-01-10,-0.1270469725005713,0.20681196101095908,0.1423200532966421,0.13587493320185867,0.07165255128011139,0.075261387652991,0.5453678287929851,0.1235485049680558,0.1999969482421875,-0.03,41.0,20.0,0,0,1,0,IDIOSYNCRATIC,IDIOSYNCRATIC
2020-01-13,-0.16810432855640373,0.2746417964819142,0.11449138568365917,0.13665446833561384,0.07139597662808769,0.07708591510979117,0.546183864302392,0.1172512980373146,-0.0500030517578125,-0.09999999999999999,49.0,26.0,0,0,1,0,IDIOSYNCRATIC,IDIOSYNCRATIC
2020-01-14,-0.18636855287339976,0.19557732024358368,0.13333545046916034,0.11961954330295237,0.07106997177908317,0.07819155045209998,0.6040690733063845,0.19418892561792547,0.20000457763671875,-0.06999999999999999,56.0,23.0,0,0,1,0,IDIOSYNCRATIC,IDIOSYNCRATIC
2020-01-15,-0.38780611788265595,0.1716270978249068,0.044301498369820676,0.11708804038490371,0.0630090003445314,0.0780788640106364,0.5694008333240731,0.23933039839746925,0.160003662109375,-0.12,54.0,29.0,0,0,1,0,IDIOSYNCRATIC,IDIOSYNCRATIC
2020-01-16,-0.42317008866932504,0.19528672859002666,0.03403938250977065,0.11287665905974359,0.06385483904847737,0.0769947343854373,0.5396338252972911,0.27286379192036003,0.1100006103515625,-0.07,55.0,16.0,0,0,1,0,IDIOSYNCRATIC,IDIOSYNCRATIC
2020-01-17,-0.41609824434807363,0.18717092379497982,0.049132536415244656,0.11291691921214414,0.05723636443042088,0.08790849983553642,0.46157699262906604,0.20461709104615455,0.1999969482421875,-0.07,54.0,16.0,0,0,1,0,IDIOSYNCRATIC,IDIOSYNCRATIC
2020-01-21,-0.37345765821177285,0.19492597376274887,0.08048794452497501,0.11360683064319335,0.05462658701531123,0.08706764573199734,0.4688174466963255,0.19410841272226792,0.11000061035154829,-0.10999999999999999,49.0,9.0,0,0,1,0,IDIOSYNCRATIC,IDIOSYNCRATIC
2020-01-22,-0.3925647685204481,0.2382587402456462,0.07195066320817584,0.11222791726867715,0.05281450101004492,0.09912860899734771,0.47195055035322386,0.18443143572514253,-0.18000030517578125,-0.09999999999999999,52.0,14.0,0,0,1,0,IDIOSYNCRATIC,IDIOSYNCRATIC
2020-01-23,-0.4274387189710648,0.2236093672990674,0.03888536525826855,0.11083350056595004,0.049278090379702155,0.09143231360481739,0.49141222486532066,0.13354128349207578,0.02999877929686079,-0.13999999999999999,49.0,10.0,0,0,1,0,IDIOSYNCRATIC,IDIOSYNCRATIC
2020-01-24,-0.4091072616819774,0.2256567939197948,0.017147318065423457,0.10486670607425774,0.05370061498334465,0.0974297552199042,0.4898061551164253,0.14266980708135324,0.1999969482421875,-0.13,40.0,2.0,0,0,1,0,IDIOSYNCRATIC,IDIOSYNCRATIC
2020-01-27,-0.46778706412850585,0.27530061286839613,0.01842980938186741,0.04942123588156148,0.07020204528148488,0.10545497563238196,0.5099062002869326,0.20767547612694745,0.37000274658203125,-0.18,50.0,9.0,0,0,1,0,IDIOSYNCRATIC,IDIOSYNCRATIC
2020-01-28,-0.3634249929184868,0.16165928229310886,0.028716352581515232,0.07540841033851782,0.044341403877849586,0.11146960698579358,0.5269466990024071,0.2497789521666338,1.0999984741210795,-0.15,54.0,14.0,0,0,1,0,IDIOSYNCRATIC,IDIOSYNCRATIC
2020-01-29,-0.35988598230460356,0.15509684131479132,0.027009028443209925,0.07577863448644052,0.0421257881754497,0.11637247218883927,0.5286301986492253,0.24488664826621404,1.25,-0.19,57.0,6.0,0,0,1,0,IDIOSYNCRATIC,IDIOSYNCRATIC
2020-01-30,-0.3220497709324429,0.13280759865508865,-0.012734179983983436,0.074360761121442,0.046509295037184734,0.11584628628840958,0.5206385071501156,0.2790463800075335,1.480003356933608,-0.22,57.0,13.0,0,0,1,0,IDIOSYNCRATIC,IDIOSYNCRATIC
2020-01-31,-0.23729174496386307,0.09039633107220799,0.07844672879345851,0.08068865914091165,0.05414725966032722,0.13082634191716594,0.5091646611696293,0.29160064274507164,0.5400009155273438,-0.22000000000000003,55.0,14.0,0,0,1,0,IDIOSYNCRATIC,IDIOSYNCRATIC
2020-02-03,-0.2728770813543254,0.1661156752154528,-0.020354093582292412,-0.0056885820130127135,0.092361410764519,0.09053005372122212,0.4966769082724055,0.23531348862244306,0.9600067138671733,-0.12,59.0,10.0,0,0,1,0,IDIOSYNCRATIC,IDIOSYNCRATIC
2020-02-04,-0.2909502599982103,0.20881634221100745,-0.03459448439068901,-0.010195605650885226,0.08720182627381559,0.10982533182701433,0.47553514027391736,0.16696241398111936,1.2900009155273295,-0.09,56.0,0.0,0,0,1,0,IDIOSYNCRATIC,IDIOSYNCRATIC
2020-02-05,-0.27064358043635467,0.19966879777774632,0.024547234388047505,-0.020886945444269705,0.08774794921489282,0.1434803006554409,0.47185773937865483,0.16346387264746642,1.2899932861328125,-0.09,53.0,-1.0,0,0,1,0,IDIOSYNCRATIC,IDIOSYNCRATIC
2020-02-06,-0.26844181102760556,0.19830090773690326,0.02990537053079844,-0.01033195756309931,0.0951392012516774,0.14844187185868363,0.4671323796679588,0.18581863034421495,1.1999969482422017,-0.13999999999999999,61.0,6.0,0,0,1,0,IDIOSYNCRATIC,IDIOSYNCRATIC
2020-02-07,-0.26582872599453494,0.22492617986704075,0.025383510657262454,-0.012766862971086522,0.10265626497086051,0.14915597513590714,0.45021217769811633,0.2177583168514048,1.2300033569335795,-0.18,56.0,2.0,0,0,1,0,IDIOSYNCRATIC,IDIOSYNCRATIC
2020-02-10,-0.2538114415198872,0.2576046070797204,0.013982633292486533,-0.00855576238024275,0.10231702812583808,0.15228172975579202,0.44110507090489925,0.18809537359083212,1.4700012207031108,-0.17,57.0,8.0,0,0,1,0,IDIOSYNCRATIC,IDIOSYNCRATIC
2020-02-11,-0.25722847580911534,0.22892193479158923,-0.018737757447476015,-0.007309761528166264,0.09319975676259691,0.1465521078290151,0.4473288957112494,0.22588955560938104,1.3700027465820312,-0.14,52.0,0.0,0,0,1,0,IDIOSYNCRATIC,IDIOSYNCRATIC
2020-02-12,-0.27380201067237836,0.23106946245196947,-0.0333076508186721,0.003088200646460865,0.09723920140839831,0.14510409337749125,0.36956551365386886,0.15676845417106633,1.6800003051757528,-0.09,61.0,12.0,0,0,1,0,IDIOSYNCRATIC,IDIOSYNCRATIC
2020-02-13,-0.260298753921123,0.21352571687260555,-0.09140980946142359,0.01051603940318216,0.09243656317454672,0.14400966258429904,0.3736788491967151,0.1482484403430186,1.839996337890625,-0.1,65.0,25.0,0,0,1,0,IDIOSYNCRATIC,IDIOSYNCRATIC
2020-02-14,-0.21357662045316178,0.27397923051436535,0.0008322237032646147,0.011094292977524888,0.09631178317720138,0.14431889146007573,0.36859519181669287,0.16726620182857715,1.8000030517578267,-0.14,63.0,13.0,0,0,1,0,IDIOSYNCRATIC,IDIOSYNCRATIC
2020-02-18,-0.15522696155781293,0.11644211780501149,-0.022539072226292978,0.00936729448021925,0.0835052237658154,0.13407214234353926,0.3740847019167106,0.12737616027072304,1.8499984741210938,-0.19,53.0,-1.0,0,0,1,0,IDIOSYNCRATIC,IDIOSYNCRATIC
2020-02-19,-0.22106167764595885,-0.0337962671600335,0.03843721796115957,-0.023337277125755063,0.0664875538601968,0.12398710173574354,0.4149912239595625,0.09665045433981104,2.0699996948242188,-0.13,50.0,-7.0,0,0,1,0,IDIOSYNCRATIC,IDIOSYNCRATIC
2020-02-20,-0.19589595467567886,-0.06822774790109519,-0.031150158547560314,-0.020991096198949764,0.0653464840809196,0.12251223133744267,0.4135121054608503,0.10152313996624877,2.3400039672851705,-0.16,44.0,-13.0,0,0,1,0,IDIOSYNCRATIC,IDIOSYNCRATIC
2020-02-21,-0.1778038482727709,-0.08782175430395452,-0.013670349594221254,-0.009196837071546572,0.057027669363790334,0.09404990935119571,0.3907168796791756,0.1417200396991562,1.5699996948242472,-0.19,44.0,-11.0,0,0,1,0,IDIOSYNCRATIC,IDIOSYNCRATIC
2020-02-24,-0.07763270370478102,-0.15543974173822603,0.0037884375812389823,0.0014234338626927727,0.05338579956362221,0.0931059170149323,0.3924520733866402,0.1333500218380224,1.44000244140625,-0.22999999999999998,46.0,-13.0,0,0,1,0,IDIOSYNCRATIC,IDIOSYNCRATIC
2020-02-25,0.039826615456242845,-0.019805309235727285,0.10496000450311542,0.04961449786336193,0.07646978201940166,0.10284078150604255,0.3755078067023139,0.04733482739684408,1.0100021362304688,-0.18000000000000002,44.0,-12.0,0,0,1,0,IDIOSYNCRATIC,IDIOSYNCRATIC
2020-02-26,0.029245079375227228,-0.05679843377505029,0.10281963512851382,0.04433210994772268,0.0701793315558555,0.09174334639271202,0.38898241016493046,-0.059213517222191335,0.9800033569335938,-0.21,41.0,-12.0,0,0,1,0,IDIOSYNCRATIC,IDIOSYNCRATIC
2020-02-27,0.053418763153977665,-0.021641455450028806,0.13323477496354855,0.045639992113145865,0.07026928172772252,0.09794477942573081,0.3889649830540985,-0.058812824937826344,0.45000457763671875,-0.19,39.0,-22.0,0,0,1,0,IDIOSYNCRATIC,IDIOSYNCRATIC
2020-02-28,0.05090650142993627,0.05068422634195266,0.14961258180812437,0.041020876397822405,0.08104376870825282,0.09601597768845059,0.3807151194924648,-0.09208607962424376,0.2599945068359091,-0.21000000000000002,40.0,-16.0,0,0,1,0,IDIOSYNCRATIC,IDIOSYNCRATIC
2020-03-02,0.13162950367803805,0.06215319708311287,0.05510152087770577,0.057762340312001094,0.09403214032474003,0.0658380615143011,0.389027679968546,-0.052795368227125675,-0.029998779296875,-0.16999999999999998,38.0,-19.0,0,0,1,0,IDIOSYNCRATIC,IDIOSYNCRATIC
2020-03-03,0.13758477672898667,0.020511917662071295,0.03375779705145617,0.059809104970853344,0.0756728881691092,0.07469495215983443,0.38953655867579484,-0.05595472487628381,-0.650001525878892,-0.33999999999999997,38.0,-14.0,0,0,1,0,IDIOSYNCRATIC,IDIOSYNCRATIC
2020-03-04,0.11923798236525768,0.0193664353045926,0.024371790163297928,0.054905031938648596,0.08178276561869287,0.06926007678660513,0.38806381506740073,-0.0474790148976032,-0.6200027465820312,-0.41000000000000003,40.0,-21.0,0,0,1,0,IDIOSYNCRATIC,IDIOSYNCRATIC
2020-03-05,0.04553851241895304,0.09165070931514585,-0.05190509727636932,0.02313880680999029,0.10854748621966069,0.04414736843226755,0.3739590667361076,-0.0572225208789345,-1.4499969482421875,-0.48,41.0,-24.0,0,0,1,0,IDIOSYNCRATIC,RISK_ASSET
2020-03-06,0.05412306703756651,0.09346684048043222,-0.03030600018030987,-0.004095327847277084,0.114593832103961,-0.0020667750254795107,0.3711590321583806,-0.06444460100480263,-2.5500030517577983,-0.5499999999999999,39.0,-24.0,0,0,1,0,IDIOSYNCRATIC,RISK_ASSET
2020-03-09,0.4214793552857919,0.07081999534211861,0.3158921839111242,0.2301612791993168,0.13106714170883227,0.18114934422662535,0.6013220686643395,-0.2121170889889958,-3.779998779296875,-0.38,17.0,-36.0,0,0,1,0,IDIOSYNCRATIC,RISK_ASSET
2020-03-10,0.44460551969227047,0.04480516875279879,0.2451289250020858,0.22096322470947447,0.12954050717667365,0.1584767796644807,0.5991555048365007,-0.2200488478659347,-2.4199981689452983,-0.13999999999999999,16.0,-34.0,0,0,1,0,IDIOSYNCRATIC,RISK_ASSET
2020-03-11,0.40038268602672167,0.0904773077898325,0.24451852647032637,0.21052384069025362,0.13352303875483157,0.15842666462290522,0.5771333662945602,-0.2548863061238782,-2.209999084472642,-0.08000000000000002,17.0,-27.0,0,0,1,0,IDIOSYNCRATIC,RISK_ASSET
2020-03-12,0.6223339206872129,0.5156981933849132,-0.2421934685254345,0.5420127710068591,0.44830355771020625,-0.16540193928605454,1.6603900037601889,-0.7310918864037032,-1.5800018310546733,0.0,14.0,-30.0,1,0,0,0,RISK_ASSET,RISK_ASSET
2020-03-13,0.6510516071668313,0.37047117672309654,-0.10344669997118469,0.568576786655849,0.3450192577591792,-0.07377838648698651,1.7377009221062691,-0.6075319015639749,-0.31999969482421875,0.1,10.0,-36.0,1,0,0,0,RISK_ASSET,RISK_ASSET
2020-03-16,0.6325201377096811,0.3833986234349164,-0.06404782979829263,0.5643368953226379,0.35958184266514687,-0.04248143875687745,1.7491747017923998,-0.7209898118495204,-1.0300064086914205,0.07,9.0,-35.0,1,0,0,0,RISK_ASSET,RISK_ASSET
2020-03-17,0.6363852469092526,0.39802912362199383,-0.011255948347760595,0.56557437771303,0.3715644448343927,-0.007234218729262191,1.7686240808195102,-0.6631095833371146,0.12000274658201704,0.49,8.0,-33.0,1,0,0,0,RISK_ASSET,RISK_ASSET
2020-03-18,0.6240538948370122,0.3847121351059258,0.005667868169128747,0.5533851183940542,0.3599801948692908,-0.0008033314103588661,1.7714276560148516,-0.6092113949077553,1.5600051879882812,0.64,11.0,-28.0,1,0,0,0,RISK_ASSET,RISK_ASSET
2020-03-19,0.6256248600567208,0.28725863021459813,0.11980746546882463,0.5554162821779945,0.2853262924480627,0.09806160660137009,1.8978483854126837,-0.4395178049898125,2.8899993896484375,0.73,12.0,-28.0,1,0,0,0,RISK_ASSET,RISK_ASSET
2020-03-20,0.6165946117981239,0.28493641024057365,0.11819223922266661,0.5525485117457721,0.27982942934142174,0.10133232005963569,1.8966279133868205,-0.4463748869908375,3.559997558593736,0.32,9.0,-29.0,1,0,0,0,RISK_ASSET,RISK_ASSET
2020-03-23,0.6164962765613182,0.29342167375866307,0.10655606974440102,0.5513321122186691,0.28179896788038045,0.09547582824286309,1.905937492245621,-0.4081320734251938,3.1999969482421733,0.16999999999999998,10.0,-28.0,1,0,0,0,RISK_ASSET,RISK_ASSET
2020-03-24,0.6144112978451234,0.31152081791712316,0.08050540911519281,0.5501125397999812,0.29181790661356394,0.07874919954624211,1.9199902894801455,-0.32720012731310055,2.769996643066392,0.07,12.0,-28.0,1,0,0,0,RISK_ASSET,RISK_ASSET
2020-03-25,0.6139564149869436,0.3124539294666058,0.08194758382430489,0.5501456383888402,0.2905356872017303,0.07906211273998241,1.9142815386696668,-0.27780399932733396,2.0500030517577983,0.01999999999999999,13.0,-28.0,1,0,0,0,RISK_ASSET,RISK_ASSET
2020-03-26,0.6038415100519778,0.3154609846168655,0.060281302929628106,0.5416960789581016,0.2909597782725089,0.06918210791135228,1.9151605856857794,-0.2684298215774677,0.9799957275390909,-0.009999999999999981,14.0,-25.0,1,0,0,0,RISK_ASSET,RISK_ASSET
2020-03-27,0.6041511460366761,0.3172496539881402,0.06802503549642193,0.545358120483397,0.2927521073056935,0.0785917379632317,1.916952764938451,-0.29300698050844154,0.24000549316409092,0.060000000000000026,12.0,-5.0,1,0,0,0,RISK_ASSET,RISK_ASSET
2020-03-30,0.59834703606469,0.31670126928582515,0.06943635284230902,0.5404852932782958,0.29315916208268517,0.07542691717357212,1.91251510749975,-0.3216876487232872,1.8199996948242188,0.06,10.0,-6.0,1,0,0,0,RISK_ASSET,RISK_ASSET
2020-03-31,0.5981383268643545,0.2974569703538992,0.0689102110032388,0.5403395073694262,0.28050193479015056,0.07539221637820727,1.913346865854889,-0.3110447765019166,1.900001525878892,0.26,12.0,-5.0,1,0,0,0,RISK_ASSET,RISK_ASSET
2020-04-01,0.5885943880589627,0.30677032577876595,0.08003783454680762,0.5260418146541915,0.2828634488734663,0.08077790293324881,1.9183598002263411,-0.2815572296658437,2.3300018310547017,0.15000000000000002,12.0,-2.0,1,0,0,0,RISK_ASSET,RISK_ASSET
2020-04-02,0.5912789752208931,0.312826282421826,0.08625187440209968,0.5289040795438497,0.28363289853417545,0.08589308735157652,1.9158007019803025,-0.2899533157113035,3.3600006103515625,0.07999999999999996,14.0,4.0,1,0,0,0,RISK_ASSET,RISK_ASSET
2020-04-03,0.5929328251818646,0.3108493030587915,0.09214320712918016,0.5312444250927176,0.2821568281172387,0.08891049845537144,1.9146462115454765,-0.30367060390872647,4.630004882812472,0.10999999999999993,14.0,5.0,1,0,0,0,RISK_ASSET,RISK_ASSET
2020-04-06,0.6115232151122169,0.3351561872935008,0.09314496959864743,0.544876517929068,0.2989966588066077,0.09046448624388483,1.8824828723868356,-0.08584999277897357,5.7900009155273295,-0.019999999999999962,12.0,4.0,1,0,0,0,RISK_ASSET,RISK_ASSET
2020-04-07,0.610598061200758,0.3328653959952307,0.09031712002402423,0.5448418912500093,0.2993822253409338,0.09297871631806127,1.882705059733178,-0.0972936908395472,3.5699996948242188,-0.18,20.0,9.0,1,0,0,0,RISK_ASSET,RISK_ASSET
2020-04-08,0.616344882528736,0.3318059935138427,0.09158820401884649,0.5452982877041166,0.3001388385566113,0.09204307656919498,1.884907495703969,-0.075774053211665,3.6100006103515625,-0.27999999999999997,21.0,9.0,1,0,0,0,RISK_ASSET,RISK_ASSET
2020-04-09,0.6243664185258415,0.32522259539008813,0.09154666959136334,0.5462870417905672,0.2923528783277379,0.09387405159353845,0.8615575104789948,0.38458212414414616,2.0499954223632812,-0.46,22.0,13.0,1,0,0,0,RISK_ASSET,RISK_ASSET
2020-04-13,0.6185895571183576,0.32169598579784237,0.09498173954622494,0.5405646053546206,0.2760153746935926,0.0898602554127427,0.8372826152348668,0.20725933310904648,0.5999984741210938,-0.54,11.0,1.0,1,0,0,0,RISK_ASSET,RISK_ASSET
2020-04-14,0.6142707548203881,0.3212797424574474,0.10424511817546672,0.5360989761514641,0.2761843530474934,0.08947729893993875,0.7287898250291275,0.3108128773775335,0.8000030517578125,-0.53,15.0,3.0,1,0,0,0,RISK_ASSET,RISK_ASSET
2020-04-15,0.6181663102018651,0.3332682869597273,0.0997364435583539,0.5375785229781392,0.27776579307117494,0.08349311933443591,0.7385394566070195,0.23985441463065846,-0.12000274658201704,-0.9500000000000001,18.0,5.0,1,0,0,0,RISK_ASSET,RISK_ASSET
2020-04-16,0.6249024959673841,0.32691630175206327,0.11211687912800547,0.5400384929497904,0.2742906026066503,0.09700297907169154,0.7632100536533283,0.30643532297102405,-1.1300048828125,-0.97,13.0,-1.0,1,0,0,0,RISK_ASSET,RISK_ASSET
2020-04-17,0.6388240816180618,0.31201879456246673,0.1229488004049825,0.5389681581335583,0.27447716387057003,0.0960513242746736,0.5274348669807057,0.1364294776259276,-2.980003356933608,-0.98,15.0,3.0,1,0,0,0,RISK_ASSET,RISK_ASSET
2020-04-20,0.6426464510321338,0.308943994250569,0.13061807431348363,0.5395929557743621,0.2715689674327464,0.09398252512782165,0.5429992222823135,0.10455104904150672,-2.8600006103515625,-0.48,15.0,5.0,1,0,0,0,RISK_ASSET,RISK_ASSET
2020-04-21,0.6102927271657582,0.3197630451161836,0.07066746366973878,0.535971359589333,0.27131803728856024,0.09271874595624734,0.5326106419798453,0.06982167748065665,-2.229995727539034,-0.34,17.0,5.0,1,0,0,0,RISK_ASSET,RISK_ASSET
2020-04-22,0.6217264871017046,0.33330376597835687,0.0723669820608506,0.5383700613930799,0.2767609122890625,0.09300065104687603,0.5193171302542747,0.05522678136874884,-1.3499984741210795,-0.3,19.0,7.0,1,0,0,0,RISK_ASSET,RISK_ASSET
2020-04-23,0.6312715892125819,0.33799529247932036,0.0702814776451548,0.5370960858609687,0.2803069367547706,0.09267566846743436,0.5356907639327471,0.10621168848473078,-0.620002746582017,-0.25,19.0,5.0,1,0,0,0,RISK_ASSET,RISK_ASSET
2020-04-24,0.6253418995904164,0.007263790261119161,0.5023528232336243,0.537518051357054,0.2786896459742347,0.09261756373051315,0.5370082574398517,0.11710856161973947,0.9599990844726278,-0.27,20.0,6.0,1,0,0,0,RISK_ASSET,RISK_ASSET
2020-04-27,0.5696843993659817,0.13836252472441732,0.4319996377753139,0.5427049732376891,0.27444305460277624,0.08685717107838768,0.5199079131552692,0.18641467023075659,1.6699981689452983,-0.28,28.0,16.0,1,0,0,0,RISK_ASSET,RISK_ASSET
2020-04-28,0.4131943010311954,0.07874477814504349,0.401504803482724,0.5439120144386964,0.27391449275014773,0.08862894497928207,0.5176975850445035,0.19407833835432714,0.6900024414062642,-0.27,26.0,6.0,1,0,0,0,RISK_ASSET,RISK_ASSET
2020-04-29,0.4276067191904442,0.06858971818080237,0.3156212276157258,0.558005428264879,0.278939976745165,0.07078763682724336,0.6411973155036237,0.31255163738900094,0.5199966430664205,-0.33999999999999997,26.0,5.0,1,0,0,0,RISK_ASSET,RISK_ASSET
2020-04-30,0.43605884209517176,0.08460753012545394,0.39300772145918544,0.5586988691958272,0.28044727424702753,0.07358609816448167,0.6492926981640122,0.2704518560374015,-0.6500015258789205,-0.14,44.0,22.0,1,0,0,0,RISK_ASSET,RISK_ASSET
2020-05-01,0.45375525874007544,0.30474339241545223,0.12631630772192468,0.5516005266916253,0.28131673485684067,0.07199492453943647,0.6482532032400183,0.2661000105180104,-1.379997253417983,-0.019999999999999962,40.0,29.0,1,0,0,0,RISK_ASSET,RISK_ASSET
2020-05-04,0.4553353929305651,0.31323000446221977,0.11629335234912316,0.5513318669525138,0.28116806930121735,0.0724560387300523,0.6439543904484499,0.28039378125161224,-1.0999984741210795,0.030000000000000027,44.0,29.0,1,0,0,0,RISK_ASSET,RISK_ASSET
2020-05-05,0.4670556468083996,0.2937157139790673,0.1242561322307449,0.5514580005767454,0.2824853620293651,0.07283957545672423,0.6018320735599906,0.21356438970292577,-0.9800033569335795,0.02999999999999997,40.0,22.0,1,0,0,0,RISK_ASSET,RISK_ASSET
2020-05-06,0.43136910371042936,0.2056241246673436,0.18481285277909457,0.5525287726655053,0.27759050359336945,0.07515019559435472,0.5984638612532001,0.25584989908350936,0.10999298095703125,0.03999999999999998,42.0,29.0,1,0,0,0,RISK_ASSET,RISK_ASSET
2020-05-07,0.42374395413109583,0.23234675517861378,0.14453837056368615,0.5537062561195778,0.28581489459966175,0.07135854498838161,0.6312040787119205,0.3051906398219626,-0.23000335693360796,-0.030000000000000027,49.0,34.0,1,0,0,0,RISK_ASSET,RISK_ASSET
2020-05-08,0.45156686642545174,0.2507843830338097,0.1538432867508602,0.551694431917693,0.2866182512041077,0.07200763284323286,0.6342093369305669,0.29856609063363304,0.2100067138671875,0.07,55.0,40.0,1,0,0,0,RISK_ASSET,RISK_ASSET
2020-05-11,0.3182591588614885,0.24974272592195634,-0.08491800247691143,0.5333141638008916,0.2914471538051412,0.048881098031931594,0.7756708311251311,0.22844705541463045,0.8899993896484233,0.09999999999999998,40.0,23.0,1,0,0,0,RISK_ASSET,RISK_ASSET
2020-05-12,0.3242568998897981,0.25437864390518056,-0.07423696960895461,0.5328232788249314,0.2947877609969521,0.050921316973743906,0.7754554389726062,0.25211780275351436,1.0400009155273438,0.13,39.0,20.0,1,0,0,0,RISK_ASSET,RISK_ASSET
2020-05-13,0.28772974700150505,0.28118971801817066,-0.05487340002454576,0.5302318425968632,0.29345713907228693,0.055515308515987107,0.7705131172700177,0.3333523465611922,0.7799987792968608,0.13000000000000006,41.0,22.0,1,0,0,0,RISK_ASSET,RISK_ASSET
2020-05-14,0.33765567685989495,0.2868973965349961,-0.05772223880187597,0.531183889187591,0.29227670989945614,0.06166531442631746,0.7562461466880294,0.31313754217128453,0.44000244140625,-0.010000000000000009,40.0,20.0,1,0,0,0,RISK_ASSET,RISK_ASSET
2020-05-15,0.3233630474260226,0.2635355059597282,-0.06455511008497135,0.5294013050829565,0.28840321471961433,0.059248508831908554,0.7805600556585239,0.27348452193013756,0.6200027465820312,-0.09000000000000002,44.0,16.0,1,0,0,0,RISK_ASSET,RISK_ASSET
2020-05-18,0.32692816851411316,0.2440845460600894,-0.08695996970083479,0.5323139934823395,0.28258684377570686,0.05063112386715268,0.7688872739455044,0.3459585736334956,-0.29000091552732954,-0.13,50.0,24.0,1,0,0,0,RISK_ASSET,RISK_ASSET
2020-05-19,0.2323141759222089,0.15126087439482144,-0.10253306977704944,0.5340997987608164,0.2803022137463404,0.05184257430298943,0.7687480930973387,0.34644939694956894,-0.8899993896484375,-0.07,50.0,24.0,1,0,0,0,RISK_ASSET,RISK_ASSET
2020-05-20,0.2021970671330144,0.13917731831489072,-0.1245473392555313,0.5313832768957519,0.27851933468238543,0.05485616196418746,0.7775011301894912,0.2911925306227944,-1.269996643066392,-0.04999999999999999,52.0,8.0,1,0,0,0,RISK_ASSET,RISK_ASSET
2020-05-21,0.22219013250602124,0.2029975713415136,-0.15570788192654503,0.5324983566294981,0.28493406617394906,0.051273027014093385,0.798510518232044,0.20077940232648062,-1.0599975585937358,-0.020000000000000018,49.0,9.0,1,0,0,0,RISK_ASSET,RISK_ASSET
2020-05-22,0.22400514357215576,0.2446198624551776,-0.16814415626247067,0.5379657110777086,0.28959512370796003,0.05301822244230257,0.7982105952995625,0.1956410225054773,-0.519996643066392,0.04999999999999999,42.0,-2.0,1,0,0,0,RISK_ASSET,RISK_ASSET
2020-05-26,0.23582346713222213,0.3956665187968527,-0.09660750684323625,0.5366224597723418,0.29446283876749085,0.06304435849002195,0.8107541703184808,0.12516746479309532,-1.1299972534179688,0.06,39.0,-1.0,1,0,0,0,RISK_ASSET,RISK_ASSET
2020-05-27,0.2706583882869574,0.40770833617983016,-0.09759014859990378,0.5378629578209987,0.2940334151796928,0.06459652451451692,0.8180459827265153,0.16210977338588825,-0.8100051879882812,0.06,39.0,-3.0,1,0,0,0,RISK_ASSET,RISK_ASSET
2020-05-28,0.23451388359952427,0.40344394307625514,-0.08521763897091697,0.5360326100531619,0.29444439710917264,0.054893083999787685,0.7197011324337178,0.07912908175057279,-1.1900024414062642,0.030000000000000027,41.0,-8.0,1,0,0,0,RISK_ASSET,RISK_ASSET
2020-05-29,0.1981674891971088,0.40323984804164476,-0.16287199703411656,0.5349674146257003,0.2935685423786062,0.054500949150120756,0.71757615215256,0.08631548107231009,-0.6800003051757812,-0.07,48.0,-7.0,1,0,0,0,RISK_ASSET,RISK_ASSET
2020-06-01,0.20847534221354755,0.41885650057200496,-0.21447350238867002,0.5337498344001035,0.29430374388496205,0.04290862056256835,0.7552263731581128,0.13708898419464627,-0.970001220703125,-0.10000000000000003,50.0,10.0,1,0,0,0,RISK_ASSET,RISK_ASSET
2020-06-02,0.17047541720526566,0.46905705361527733,-0.17677277843342606,0.5298958980277365,0.29885402583112486,0.04740659885751537,0.7948851516499669,0.066952022487556,-1.810005187988267,-0.07,56.0,17.0,1,0,0,0,RISK_ASSET,RISK_ASSET
2020-06-03,0.1695683604292063,0.43343492568887654,-0.17112769878945608,0.5305183975447876,0.29327707852564916,0.0458217149074383,0.79529445452256,0.07008815048880698,-2.4300003051757812,0.0,48.0,7.0,1,0,0,0,RISK_ASSET,RISK_ASSET
2020-06-04,0.14631920466565215,0.4263329766495182,-0.18166555562261738,0.537804993933869,0.291748563267038,0.041560652933191305,0.7910284151667422,0.05579756363463467,-3.4099960327148438,-0.020000000000000018,54.0,14.0,1,0,0,0,RISK_ASSET,RISK_ASSET
2020-06-05,0.13239106162747763,0.41454780804831937,-0.20623303782345045,0.5338229137909934,0.29869374107454105,0.03943084327191322,0.7522818805466989,-0.029158878492692025,-2.9499969482422017,0.09000000000000002,53.0,9.0,1,0,0,0,RISK_ASSET,RISK_ASSET
2020-06-08,0.12975020286196,0.40959227530653153,-0.2072993561349465,0.5340186959969082,0.2995022270409295,0.038403321850341815,0.7525981789073002,-0.007257724765987506,-3.1100006103515483,0.02999999999999997,53.0,3.0,1,0,0,0,RISK_ASSET,RISK_ASSET
2020-06-09,0.12312269636077952,0.41405112919607273,-0.19741535659558992,0.5341188110053644,0.2994678521009976,0.038805056822373764,0.5718981961790531,0.12997252695659348,-3.9199981689452983,-0.019999999999999962,52.0,2.0,1,0,0,0,RISK_ASSET,RISK_ASSET
2020-06-10,0.12079153713754993,0.40040036868387263,-0.19666503434975718,0.5337022843797826,0.300407250069697,0.035836441664177154,0.5686596772541332,0.11424904748137411,-3.970001220703125,-0.12,54.0,2.0,1,0,0,0,RISK_ASSET,RISK_ASSET
2020-06-11,0.10696460789672525,0.4216283369069351,-0.26038056899170536,0.5400670856639355,0.3038108836087855,0.0231120442182691,0.5824882371570099,0.005571721609095137,-3.5099945068359233,-0.12000000000000005,52.0,3.0,1,0,0,0,RISK_ASSET,RISK_ASSET
2020-06-12,0.10762926603625111,0.42045554311733047,-0.2536288894461026,0.5429856275704766,0.30338063674054927,0.02645654003995891,0.5589802015013651,-0.026323002937288256,-3.1500015258789062,-0.07,38.0,-4.0,1,0,0,0,RISK_ASSET,RISK_ASSET
2020-06-15,0.15372378587446522,0.41566393908344945,-0.23615006878895203,0.5427400354775713,0.30418034564769225,0.022790818271956236,0.538608118413518,0.01304726309579688,-3.720001220703125,-0.07,37.0,-2.0,1,0,0,0,RISK_ASSET,RISK_ASSET
2020-06-16,0.15589732476032825,0.41480899975309843,-0.24488262883788417,0.5425131959310475,0.3035716073580472,0.022728289787662472,0.5186463239403293,-0.01957547066380043,-2.7099990844726705,-0.08000000000000002,39.0,0.0,1,0,0,0,RISK_ASSET,RISK_ASSET
2020-06-17,0.15447918504609745,0.4121859057987362,-0.25400624723164356,0.5427899507708357,0.3034120681542813,0.021973974461502278,0.5189189915987106,-0.025903828389124917,-2.2099990844726705,-0.07,38.0,-3.0,1,0,0,0,RISK_ASSET,RISK_ASSET
2020-06-18,0.15396074804781643,0.4620428427368549,-0.2869490072823887,0.542628946278934,0.30347573055945787,0.021111166293573035,0.5142953197347264,-0.011739418499095287,-1.7000045776367188,-0.08999999999999997,40.0,-8.0,1,0,0,0,RISK_ASSET,RISK_ASSET
2020-06-19,0.12314939325760896,0.3886332094431695,-0.2903471023866019,0.5432694963439733,0.3037660808859055,0.021336531319344713,0.48797737694526677,0.022457046416811746,-1.75,-0.13999999999999996,39.0,-11.0,1,0,0,0,RISK_ASSET,RISK_ASSET
2020-06-22,0.14571166273435773,0.39831642054446176,-0.318153991646048,0.5437874786119805,0.3056194090113869,0.013796296321833358,0.5036361529957369,0.0495171329459764,-2.8199996948242188,-0.16999999999999998,38.0,-18.0,1,0,0,0,RISK_ASSET,RISK_ASSET
2020-06-23,0.22545304613541703,0.3844191550582523,-0.2112164510286838,0.5435915922220528,0.3058215486053906,0.01401945243132367,0.4814726889357353,0.08612065769749046,-2.220001220703139,-0.22000000000000003,41.0,-7.0,1,0,0,0,RISK_ASSET,RISK_ASSET
2020-06-24,0.31835603205752255,0.39135823155377153,-0.24138550627763836,0.5451524340553023,0.30672083240699183,0.009283847212749897,0.48145664909028824,0.014338763201015965,-1.909996032714858,-0.18,50.0,-4.0,1,0,0,0,RISK_ASSET,RISK_ASSET
2020-06-25,0.408091147377122,0.3638834147256885,-0.30556658820683796,0.5447705894974612,0.30990457675198035,0.010496265518010165,0.46332703175185147,-0.02777503310327893,-0.9499969482421733,-0.17000000000000004,43.0,-10.0,1,0,0,0,RISK_ASSET,RISK_ASSET
2020-06-26,0.3999960507424245,0.32945310269316547,-0.3650861803554126,0.5482769393637882,0.3132638830347672,0.012552822400293057,0.4637798216033927,-0.029698498225995386,-0.839996337890625,-0.18000000000000005,40.0,-13.0,1,0,0,0,RISK_ASSET,RISK_ASSET
2020-06-29,0.42889046524466945,0.368045798809052,-0.3715705094549072,0.5481539540740021,0.3133838200391468,0.012801967438762458,0.37385069505751883,-0.10096468259660424,-0.29000091552732954,-0.17999999999999994,41.0,-11.0,1,0,0,0,RISK_ASSET,RISK_ASSET
2020-06-30,0.37521124819462964,0.4323190868041418,-0.3225796689302158,0.5485315738571114,0.3132736135208844,0.014469041355505887,0.3044171924728856,-0.04198332542773442,-0.2799987792968892,-0.18000000000000005,44.0,-10.0,1,0,0,0,RISK_ASSET,RISK_ASSET
2020-07-01,0.38229719318298977,0.4252256109319028,-0.3253081441812168,0.5522154640111137,0.31320778985311676,0.014008496164538739,0.3024846866041599,-0.045376235726552624,-0.08000183105467329,-0.24000000000000005,42.0,-10.0,1,0,0,0,RISK_ASSET,RISK_ASSET
2020-07-02,0.419321147854895,0.4307620849172925,-0.342528355087814,0.5502234338629683,0.3093437209172997,0.010903325422485637,0.2974119235006395,-0.07160370003021646,0.6399993896484375,-0.32999999999999996,42.0,4.0,1,0,0,0,RISK_ASSET,RISK_ASSET
2020-07-06,0.4182418800942781,0.38023223663384337,-0.34284085655565694,0.5537060615844177,0.31402994699280085,0.007791580750936351,0.3130973432875048,-0.030469084019266356,-0.15000152587889204,-0.4,40.0,3.0,1,0,0,0,RISK_ASSET,RISK_ASSET
2020-07-07,0.42603825563944814,0.3614391838565567,-0.3773447854109776,0.559734317766784,0.31286624178008204,0.006663443260622839,0.31215956453144234,-0.0545991656021741,0.2599945068359091,-0.38,43.0,4.0,1,0,0,0,RISK_ASSET,RISK_ASSET
2020-07-08,0.44388510592166486,0.3068621718037257,-0.542950746957563,0.5601997830582078,0.3199623399284853,0.003276576113450176,0.3206257707932998,-0.0382242282135757,0.1100006103515625,-0.33,44.0,6.0,1,0,0,0,RISK_ASSET,RISK_ASSET
2020-07-09,0.44180857788334715,0.3257838088516834,-0.6010146535002863,0.5604763894033608,0.31982015499893357,0.006652757697071174,0.3222505295481771,-0.061866917937071844,0.7399978637695455,-0.25,44.0,4.0,1,0,0,0,RISK_ASSET,RISK_ASSET
2020-07-10,0.48784257020609545,0.32486723823867564,-0.5691689267086538,0.5619555648402687,0.331346162432591,0.006086166045450815,0.2551117605361288,-0.004620682665383015,-0.0800018310546875,-0.20999999999999996,41.0,2.0,1,0,0,0,RISK_ASSET,RISK_ASSET
2020-07-13,0.48312151937492404,0.337100823445209,-0.5668754216666848,0.5655232227769388,0.3313768098495347,0.006566566027145515,0.24751936957063095,-0.025340352855001535,-0.8600006103515625,-0.28,43.0,5.0,1,0,0,0,RISK_ASSET,RISK_ASSET
2020-07-14,0.5538363464542074,0.3546406327717872,-0.5469928699095554,0.5759719104686087,0.3268349706801312,0.011970301796038656,0.24745135830455917,-0.022199393865358505,-0.4199981689452983,-0.26,43.0,2.0,1,0,0,0,RISK_ASSET,RISK_ASSET
2020-07-15,0.680703761867865,0.30731413373469146,-0.6850840523998647,0.5777183467488404,0.3268598149294373,0.013615404808780264,0.2449430214414063,-0.036861795041502346,-0.879997253417983,-0.25,44.0,-6.0,1,0,0,0,RISK_ASSET,RISK_ASSET
2020-07-16,0.681834262139598,0.43858423346799064,-0.6754574574283746,0.551769942056722,0.3369714145843196,-0.03338567687873504,0.2450676151958606,-0.03740155724748042,-0.8100051879882812,-0.27,43.0,0.0,1,0,0,0,RISK_ASSET,RISK_ASSET
2020-07-17,0.7169413937411445,0.4166675460506465,-0.657354118823962,0.5594774214678797,0.34053034535439547,-0.033158119082616906,0.24461752428615638,-0.028062496265464202,-1.479995727539091,-0.25,41.0,1.0,1,0,0,0,RISK_ASSET,RISK_ASSET
2020-07-20,0.7487368683575373,0.4310856862821978,-0.6513918212153968,0.566358534989423,0.3405220221315061,-0.03310248726151913,0.24090528334631198,-0.013417221899919715,-1.7900009155273722,-0.24,44.0,3.0,1,0,0,0,RISK_ASSET,RISK_ASSET
2020-07-21,0.6839302593091637,0.459016473648119,-0.6727845738021316,0.48034151635725275,0.14987814391567506,0.17304761079906708,0.21411292998757545,-0.028790440685497402,-1.9199981689452983,-0.24,44.0,0.0,1,0,0,0,RISK_ASSET,RISK_ASSET
2020-07-22,0.6733899551094379,0.4882810469493409,-0.6716448269094595,0.43083043701732693,0.24243149756283716,0.11034245792320486,0.2223452091596255,-0.01088967220515068,-1.7200012207031108,-0.21999999999999997,50.0,8.0,1,0,0,0,RISK_ASSET,RISK_ASSET
2020-07-23,0.625136208343674,0.4938763184651048,-0.6706617779844511,0.335713694546422,0.21856279761149885,0.07770332652229184,0.188159419272156,0.028312704257006403,-2.4599990844726705,-0.26,55.0,13.0,1,0,0,0,RISK_ASSET,RISK_ASSET
2020-07-24,0.4122135742179001,0.3728422722509248,-0.5652322475619862,0.3246539009839048,0.20943525235205576,0.052162393491180736,0.1878899954131049,0.02894397935139291,-2.9899978637695455,-0.27,53.0,13.0,1,0,0,0,RISK_ASSET,RISK_ASSET
2020-07-27,0.3530931070677164,0.5861707019647721,-0.6474523169267644,0.3318980963921761,0.24638588209077997,-0.001762837073278075,0.516859605391211,0.18190052187795688,-3.8300018310546733,-0.21999999999999997,58.0,15.0,1,0,0,0,RISK_ASSET,RISK_ASSET
2020-07-28,0.3727383753338175,0.5704251445850242,-0.695611399052324,0.3265813991608224,0.36303767485552674,-0.18481293620462091,0.5195507400364651,0.17172962930753782,-3.779998779296861,-0.22000000000000008,76.0,32.0,1,0,0,0,RISK_ASSET,RISK_ASSET
2020-07-29,0.38147895755996697,0.583383284639189,-0.7164207333805108,0.33210122084262267,0.36728544094041554,-0.18646857687999416,0.5176011771475143,0.1945464541187563,-4.1299972534179545,-0.2699999999999999,71.0,27.0,1,0,0,0,RISK_ASSET,RISK_ASSET
2020-07-30,0.38075197908670055,0.5567545919497638,-0.7142203887297606,0.3365887640497359,0.36302868032115776,-0.18255146655319618,0.5184863559035711,0.18567727690118646,-4.1800003051757955,-0.2899999999999999,76.0,35.0,1,0,0,0,RISK_ASSET,RISK_ASSET
2020-07-31,0.39019517597518255,0.5571463383618102,-0.6399153351340985,0.31722642747474133,0.34744885922848406,-0.1601559191752369,0.5138188951669275,0.2160336251929246,-3.8300018310547017,-0.27,75.0,32.0,1,0,0,0,RISK_ASSET,RISK_ASSET
2020-08-03,0.37021591333146525,0.5992357734793141,-0.635370215618032,0.3130956076729816,0.3459922833639795,-0.1682159286654545,0.5136011922262048,0.1819463144201994,-3.2900009155273438,-0.26,75.0,32.0,1,0,0,0,RISK_ASSET,RISK_ASSET
2020-08-04,0.35667064347833927,0.5128721161657687,-0.6153571345505509,0.3262866467337387,0.3362648417617385,-0.1810236358162403,0.5093924199101384,0.19157004244714096,-3.5,-0.27,72.0,28.0,1,0,0,0,RISK_ASSET,RISK_ASSET
2020-08-05,0.35700329746757026,0.5308496873808632,-0.6526043806302199,0.3056797109109415,0.33384290067790895,-0.23500903850190022,0.5250605503295473,0.21988049529605472,-3.599998474121108,-0.31000000000000005,75.0,32.0,1,0,0,0,RISK_ASSET,RISK_ASSET
2020-08-06,0.2935954805311846,0.48515316440662365,-0.6229313626743435,0.31784674688705294,0.33158577452289467,-0.23290692648612593,0.5167979316265289,0.23874141234363144,-3.909996032714858,-0.31000000000000005,79.0,38.0,1,0,0,0,RISK_ASSET,RISK_ASSET
2020-08-07,0.32237796380028366,0.4860454732017341,-0.6160326183649706,0.32099744042607836,0.354569937518089,-0.24081004504511613,0.5239064217667421,0.22339899416403924,-3.2099990844726705,-0.28,77.0,33.0,1,0,0,0,RISK_ASSET,RISK_ASSET
2020-08-10,0.28618810504338804,0.4607416342851804,-0.5847191798662642,0.3507070892256618,0.3474626886053642,-0.25207490878376937,0.5226072968768252,0.2507643595659836,-2.879997253417983,-0.24,78.0,34.0,1,0,0,0,RISK_ASSET,RISK_ASSET
2020-08-11,0.35591941083599865,0.4988987693665629,-0.5860965473373718,0.35906923553982617,0.3585799624847747,-0.26776710524052183,0.5523611946289697,0.21064656301709847,-2.6300048828125284,-0.20999999999999996,84.0,34.0,1,0,0,0,RISK_ASSET,RISK_ASSET
2020-08-12,0.38443264898384194,0.4956314415805309,-0.5894705310316409,0.3575538446296827,0.35788976826294466,-0.2653669825631684,0.5494370038905961,0.23128092558098823,-2.6399993896484375,-0.20999999999999996,75.0,20.0,1,0,0,0,RISK_ASSET,HARD_ASSET
2020-08-13,0.38445730634198355,0.4947052674256612,-0.5875955325057693,0.3049319232919805,0.3251595895016777,-0.28266556976662593,0.5456585861016302,0.2549447189996799,-3.0100021362304688,-0.16999999999999993,75.0,22.0,1,0,0,0,RISK_ASSET,HARD_ASSET
2020-08-14,0.3946226885120739,0.4994627580053017,-0.5745360982402193,0.30357971500453745,0.32325999059960775,-0.2955279906921388,0.5466184248895176,0.25155194076449855,-2.840003967285142,-0.12,78.0,20.0,1,0,0,0,RISK_ASSET,HARD_ASSET
2020-08-17,0.392934204485809,0.5210122132151109,-0.5684133172593496,0.3028284794207057,0.34149641602176184,-0.3027107741188757,0.5532008223314924,0.2905772272319599,-2.9800033569335795,-0.13,83.0,7.0,1,0,0,0,RISK_ASSET,HARD_ASSET
2020-08-18,0.35790996194438274,0.5077875458851251,-0.48439273212581346,0.3007820587411954,0.349577799730772,-0.29369302727818947,0.5661156307074858,0.24614124005795157,-2.850006103515639,-0.14,82.0,11.0,1,0,0,0,RISK_ASSET,HARD_ASSET
2020-08-19,0.3658044681939862,0.52348210962798,-0.5006321410780387,0.31265641986125003,0.3953554712730309,-0.31380673740695686,0.5765138863196699,0.21059988563540036,-2.0800018310546875,-0.10999999999999999,80.0,4.0,0,1,0,0,HARD_ASSET,HARD_ASSET
2020-08-20,0.3756560603993653,0.5211592221522413,-0.4862828992249516,0.32781472142035245,0.3973367755270613,-0.31779294494839866,0.5762638295885965,0.2149297601887818,-1.900001525878892,-0.06999999999999995,75.0,0.0,0,1,0,0,HARD_ASSET,HARD_ASSET
2020-08-21,0.3671085484020731,0.5298132475775068,-0.5119207386565376,0.3166140317893436,0.39870327640140474,-0.31461187044579275,0.5868469121254731,0.19518970379659162,-1.1900024414062358,-0.07999999999999996,81.0,6.0,0,1,0,0,HARD_ASSET,HARD_ASSET
2020-08-24,0.37071127052102,0.5231308525686678,-0.510114191845596,0.305819184944262,0.40699822043457906,-0.35873367288472563,0.33876864921107647,0.068879098745587,-0.3699951171875284,-0.12,78.0,6.0,0,1,0,0,HARD_ASSET,HARD_ASSET
2020-08-25,0.3463582074401411,0.5116202321836149,-0.4727823691299852,0.3022785818951292,0.40680106965050683,-0.349408797831559,0.3630092004822134,0.04069975770917603,-0.7400054931640767,-0.08999999999999997,75.0,0.0,0,1,0,0,HARD_ASSET,HARD_ASSET
2020-08-26,0.34629550409691634,0.5109602783608513,-0.4753925846273054,0.29466076960677445,0.415071792311814,-0.34407490330458496,0.3603544196003461,0.03434738529588981,-0.25,-0.08000000000000007,76.0,-3.0,0,1,0,0,HARD_ASSET,HARD_ASSET
2020-08-27,0.3477934050218369,0.5159280754117688,-0.47280218807895263,0.3043780472976923,0.418549368577812,-0.34485203234739015,0.36468772904833013,0.018916300147419872,-0.00999450683592329,-0.020000000000000018,75.0,-2.0,0,1,0,0,HARD_ASSET,HARD_ASSET
2020-08-28,0.34928730131522695,0.5220386972466154,-0.48204031584379065,0.29510897848493883,0.412837062688927,-0.3538136414667238,0.3648391491164207,0.01915859536929628,-1.1199951171874716,-0.030000000000000027,74.0,-4.0,0,1,0,0,HARD_ASSET,HARD_ASSET
2020-08-31,0.3882486924926555,0.5232622238304216,-0.48252723449879403,0.3008410428105589,0.4078989106368801,-0.36120332212525397,0.3655588126270666,0.03790469717323048,-1.3600006103515625,-0.06000000000000005,75.0,-9.0,0,1,0,0,HARD_ASSET,HARD_ASSET
2020-09-01,0.42320423276450636,0.5154173636000431,-0.4571477332959621,0.30235992122172417,0.40963933248462897,-0.3547819711571397,0.37308232689166154,0.06600373201982439,-1.0400009155273295,-0.030000000000000027,75.0,0.0,0,1,0,0,HARD_ASSET,HARD_ASSET
2020-09-02,0.37270436989426103,0.5343964212401555,-0.5055781804961484,0.2874351860664355,0.43064025589297805,-0.3689269496270167,0.3767481319170607,-0.02875613424652608,0.01999664306642046,-0.010000000000000009,83.0,8.0,0,1,0,0,HARD_ASSET,HARD_ASSET
2020-09-03,0.6301053779426949,0.5081836888974707,-0.42083032208004906,0.377542573714689,0.43434329420846857,-0.34649665951930403,0.5264268440130041,-0.1395651864075939,-0.05000305175782671,0.06000000000000005,79.0,1.0,0,1,0,0,HARD_ASSET,HARD_ASSET
2020-09-04,0.5937451318947531,0.5130875643099112,-0.42152924211619935,0.31596572836071557,0.4477241656718162,-0.34516921068743667,0.5372584265853284,-0.09863232545283175,-0.7200012207031108,0.06000000000000005,40.0,-43.0,0,1,0,0,HARD_ASSET,HARD_ASSET
2020-09-08,0.6413923168535728,0.49419641121113883,-0.3121028225092855,0.33335348447744834,0.44601264322243833,-0.37136818985866343,0.5375413588356718,-0.1590463012514706,-0.09999847412107954,0.030000000000000027,41.0,-41.0,0,1,0,0,HARD_ASSET,HARD_ASSET
2020-09-09,0.640060084740233,0.5038266009219442,-0.31685980576073386,0.3606811234692061,0.44520581775881996,-0.37045490678836324,0.527926808335361,-0.10800535267892447,-0.3699951171874716,-0.010000000000000009,38.0,-42.0,0,1,0,0,HARD_ASSET,HARD_ASSET
2020-09-10,0.5931232897421955,0.4938869695775929,-0.2943814295020752,0.35102509906078616,0.4431384851442211,-0.37877409096305,0.5263677860220058,-0.11145035852117269,-0.10000610351561079,-0.030000000000000027,38.0,-37.0,0,1,0,0,HARD_ASSET,HARD_ASSET
2020-09-11,0.5879696668630149,0.49706407817162634,-0.2945161383372827,0.34923303136261863,0.4426341298405097,-0.3821627008912867,0.5211247917855382,-0.12486057722816805,-0.00999450683595171,-0.020000000000000018,41.0,-40.0,0,1,0,0,HARD_ASSET,HARD_ASSET
2020-09-14,0.5938139641311588,0.4969896385324405,-0.35460760157256893,0.35423908549652705,0.46187053759850066,-0.39955802703841864,0.5332260068645324,-0.09700671816909558,-0.029998779296875,-0.030000000000000027,39.0,-39.0,0,1,0,0,HARD_ASSET,HARD_ASSET
2020-09-15,0.6084636116157169,0.4945316804447349,-0.35364460899742095,0.3471138009297931,0.4469597642648011,-0.4011925950999067,0.5109185735666318,-0.12662145205513145,0.20000457763670454,-0.020000000000000018,47.0,-28.0,0,1,0,0,HARD_ASSET,HARD_ASSET
2020-09-16,0.5849824840380361,0.5166292570486513,-0.3424211900945083,0.34517263618537536,0.4458085642140131,-0.39780085049510705,0.5134451715587467,-0.0885645048738894,0.94000244140625,0.020000000000000018,43.0,-33.0,0,1,0,0,HARD_ASSET,HARD_ASSET
2020-09-17,0.5897339787330091,0.5050417733137637,-0.27799246496731567,0.3996854678426041,0.45917826141251333,-0.36704905161854245,0.5104752061477633,-0.07131070971310507,0.0800018310546875,0.020000000000000018,48.0,-27.0,0,1,0,0,HARD_ASSET,HARD_ASSET
2020-09-18,0.5852321030165181,0.5079572930268181,-0.27762114197911375,0.41651451558051883,0.458863979932056,-0.3642688026665505,0.5081993012579568,-0.08187437436865405,0.1399993896484375,0.0,49.0,-25.0,0,1,0,0,HARD_ASSET,HARD_ASSET
2020-09-21,0.5650139619668417,0.5317241819347956,-0.33076663063377704,0.44558002404263697,0.4709551688290982,-0.41024229797074463,0.5234279768087164,-0.1025829365508344,0.29000091552734375,0.06000000000000005,48.0,-27.0,0,1,0,0,HARD_ASSET,HARD_ASSET
2020-09-22,0.580521558291685,0.5381290011549741,-0.32152862785346126,0.44391665704679806,0.4647311766075746,-0.42302377457971435,0.5200565548161777,-0.11091288544741718,0.6899948120117188,0.08000000000000007,39.0,-36.0,0,1,0,0,HARD_ASSET,HARD_ASSET
2020-09-23,0.576122850653992,0.54863820795172,-0.34583323622612877,0.46479970010262467,0.4857939786338604,-0.43552471229960404,0.5154523066256879,-0.10373270984935265,1.3700027465820312,0.08999999999999997,43.0,-40.0,0,1,0,0,HARD_ASSET,HARD_ASSET
2020-09-24,0.5555177303467345,0.5529481113174181,-0.33189237070082517,0.4486356812031837,0.5004782253582061,-0.41396518911284014,0.546351639748028,-0.0654929081781985,1.3399963378906108,0.12,39.0,-40.0,0,1,0,0,HARD_ASSET,HARD_ASSET
2020-09-25,0.5345562164288186,0.5532307629866422,-0.3267429037396266,0.44071566454593974,0.5027523745246151,-0.4156608398318577,0.5449717787697033,-0.057308320287966515,1.5699996948241903,0.06999999999999995,46.0,6.0,0,1,0,0,HARD_ASSET,HARD_ASSET
2020-09-28,0.5305310731316796,0.5499619054693036,-0.3280758067139871,0.45319385848382854,0.50388160555915,-0.42068120650631124,0.5393826622886377,-0.07489045236724291,1.8899993896484375,0.09000000000000008,43.0,2.0,0,1,0,0,HARD_ASSET,HARD_ASSET
2020-09-29,0.5193637839694881,0.5123680661610815,-0.31459008327955384,0.4455664711125803,0.4928278578971196,-0.41517370169358875,0.5396110804028179,-0.07427720082922235,1.75,0.10000000000000009,45.0,7.0,0,1,0,0,HARD_ASSET,HARD_ASSET
2020-09-30,0.5298656903457933,0.5447155200786523,-0.3738284352669655,0.4438882279567613,0.4926325465563406,-0.42560538611332666,0.5297428249853596,-0.10433439190530205,1.5500030517578125,0.14000000000000012,49.0,11.0,0,1,0,0,HARD_ASSET,HARD_ASSET
2020-10-01,0.5104160903884392,0.5566413779159002,-0.3494836887222576,0.4405891511409816,0.47543885405576763,-0.4773686626677189,0.5085799681463394,-0.07215623894370896,0.8600006103515625,0.1200000000000001,45.0,4.0,0,1,0,0,HARD_ASSET,HARD_ASSET
2020-10-02,0.49408401169481975,0.5521172617092813,-0.34478684123369885,0.43691949303665834,0.47902123407480574,-0.49075278381245135,0.3383427861200808,0.031766123507698044,1.099998474121108,0.08000000000000007,41.0,2.0,0,1,0,0,HARD_ASSET,HARD_ASSET
2020-10-05,0.5190957835482419,0.5505310111931387,-0.34431636803397175,0.45095119327325184,0.48141584988998876,-0.48238947107086033,0.3340310054841902,0.026429545043273408,0.790000915527358,0.07999999999999996,42.0,-5.0,0,1,0,0,HARD_ASSET,HARD_ASSET
2020-10-06,0.5221698284766101,0.5729743044741311,-0.3584344021436525,0.45920091832588467,0.48841009735956736,-0.4861740592488695,0.3122924687803846,0.045618577777190604,0.34999847412107954,0.08999999999999997,47.0,4.0,0,1,0,0,HARD_ASSET,HARD_ASSET
2020-10-07,0.5507716052697683,0.5928283265665736,-0.411376510208833,0.4671956548435108,0.4973484737115158,-0.47174535108222315,0.3110646751378592,0.0408085545180534,0.3699951171874716,0.09999999999999998,43.0,-5.0,0,1,0,0,HARD_ASSET,HARD_ASSET
2020-10-08,0.5476062632171305,0.5988696305324238,-0.4099128658985432,0.48904179782301976,0.4971806121709245,-0.4933763817277333,0.31774793587682904,0.05194564425184317,0.2700042724609375,0.07000000000000006,46.0,-3.0,0,1,0,0,HARD_ASSET,HARD_ASSET
2020-10-09,0.5524700095679684,0.5872153870524526,-0.41835049774072836,0.48978799225079317,0.5150639251063023,-0.4925499442800715,0.3199942933992844,0.061844202926612024,-0.2700042724609091,0.040000000000000036,48.0,0.0,0,1,0,0,HARD_ASSET,HARD_ASSET
2020-10-13,0.5756851428359242,0.5405206476241426,-0.388117982372596,0.518914465147848,0.500001669332962,-0.4812642830346043,0.3431787118692717,0.05661886163738356,0.4799957275390767,0.030000000000000027,56.0,13.0,0,1,0,0,HARD_ASSET,HARD_ASSET
2020-10-14,0.5649756829606833,0.5385676464166907,-0.4081947590428577,0.5172838421997825,0.49899610991366306,-0.47981439588861213,0.3396872431047021,0.040587002611604035,0.1699981689452983,0.030000000000000027,53.0,14.0,0,1,0,0,HARD_ASSET,HARD_ASSET
2020-10-15,0.6198115433158728,0.5043644947180166,-0.3320554939455015,0.516075227409715,0.5004987274668858,-0.4727398098404511,0.33952419590209526,0.04869533581982306,0.8899993896484375,0.020000000000000018,56.0,10.0,0,1,0,0,HARD_ASSET,HARD_ASSET
2020-10-16,0.45811364689331713,0.5625790055649134,-0.5241742820944467,0.5166365161869894,0.5029333273417378,-0.46838130521208793,0.3448896883801494,0.033913704442817036,0.75,0.020000000000000018,52.0,9.0,0,1,0,0,HARD_ASSET,HARD_ASSET
2020-10-19,0.41983835707951767,0.5438766128661322,-0.5466670107521104,0.45222571824185714,0.49460714265040423,-0.44213562909352766,0.31999759130260685,0.1154008439509991,-0.1100006103515625,0.009999999999999898,55.0,10.0,0,1,0,0,HARD_ASSET,HARD_ASSET
2020-10-20,0.30858623383809647,0.5761424465662746,-0.4702909308344559,0.45036403608564013,0.49601680623433253,-0.46432139933013594,0.3214778395218588,0.12287872596417457,-0.9199981689452983,0.029999999999999916,56.0,7.0,0,1,0,0,HARD_ASSET,HARD_ASSET
2020-10-21,0.23530013111402864,0.5751807020376318,-0.5272327257823248,0.42896358764493486,0.4930890812380416,-0.4915653218368543,0.3728621860966451,0.22438860908051178,-1.779998779296875,0.010000000000000009,61.0,16.0,0,1,0,0,HARD_ASSET,HARD_ASSET
2020-10-22,0.2534960203357936,0.5616538954507997,-0.5117897602744974,0.4291254780986667,0.4877801402992114,-0.4888071722948843,0.34669470037172906,0.1864804602121889,-1.400001525878892,0.020000000000000018,73.0,32.0,0,1,0,0,HARD_ASSET,HARD_ASSET
2020-10-23,0.24927047163254665,0.5611827125923267,-0.5000595891018215,0.428868378289924,0.48862505585584054,-0.4862145883895601,0.34486069764648003,0.19010637954054033,-1.810005187988267,0.020000000000000018,74.0,32.0,0,1,0,0,HARD_ASSET,HARD_ASSET
2020-10-26,0.2098422755938488,0.548658711249615,-0.4750845523516205,0.42239076271618425,0.4874054932261671,-0.47898752290228847,0.34367374988795446,0.19957555781958017,-1.2099990844726847,0.029999999999999916,75.0,28.0,0,1,0,0,HARD_ASSET,HARD_ASSET
2020-10-27,0.2192522189751536,0.547818879768811,-0.4732761658919537,0.4229472663558469,0.49350856260056797,-0.47404219678101905,0.36255369154193984,0.23037753347471793,-0.9499969482422017,0.05999999999999994,61.0,18.0,0,1,0,0,HARD_ASSET,HARD_ASSET
2020-10-28,0.32082437738851305,0.5813806331307769,-0.5199707514738202,0.4326648684296418,0.5009069444629963,-0.47337877820156227,0.3841401245018973,0.2074935872873012,-0.4799957275390625,0.029999999999999916,70.0,24.0,0,1,0,0,HARD_ASSET,HARD_ASSET
2020-10-29,0.31740921416928014,0.5752866266637147,-0.5002172936239511,0.4349330181275394,0.501578020527285,-0.4630060628143731,0.3724838848128505,0.23539036614716952,0.25,0.08999999999999997,67.0,19.0,0,1,0,0,HARD_ASSET,HARD_ASSET
2020-10-30,0.2979682952089992,0.5767734374739218,-0.5033209319112697,0.4129235610835794,0.5016357798558104,-0.45050444729520384,0.36830839441501784,0.24754498710875303,0.20000457763671875,0.12,74.0,22.0,0,1,0,0,HARD_ASSET,HARD_ASSET
2020-11-02,0.31209395187803024,0.47187396177613034,-0.4306748071828649,0.4160136373848916,0.4985196933104563,-0.44958552681746417,0.3693751700322483,0.22749339149159112,0.5400009155273153,0.06000000000000005,71.0,15.0,0,1,0,0,HARD_ASSET,HARD_ASSET
2020-11-03,0.3417159046639906,0.4830470873046609,-0.4644902266006921,0.419327755559265,0.5032109323111443,-0.45544444845905513,0.35831443306920585,0.2742314707072176,-0.279998779296875,0.08000000000000007,71.0,18.0,0,1,0,0,HARD_ASSET,HARD_ASSET
2020-11-04,0.2489143339021911,0.4029719959778772,-0.4230051278180095,0.41571058455526816,0.5025256299605769,-0.45597359564946105,0.3572505650920574,0.28122310295231506,-0.21999359130857954,0.040000000000000036,74.0,18.0,0,1,0,0,HARD_ASSET,HARD_ASSET
2020-11-05,0.34616030055369607,0.5661344844482662,-0.5887018192804422,0.44671555498952226,0.5326243970431529,-0.5028620150459213,0.4590154524871016,0.355777529109245,-1.0800018310546875,0.06999999999999995,72.0,20.0,0,1,0,0,HARD_ASSET,HARD_ASSET
2020-11-06,0.3856236356740281,0.5588019534566994,-0.5612147696433253,0.4467032724478358,0.5338228499591295,-0.499228806434916,0.4633956941112858,0.3413434048780066,-0.8299942016601705,0.12,90.0,35.0,0,1,0,0,HARD_ASSET,HARD_ASSET
2020-11-10,0.43759337104961177,0.5357726185677627,-0.6061983420787553,0.4489297307378233,0.5184597884825777,-0.4975342928907007,0.4607390934676964,0.29137537647414785,-0.779998779296875,0.17999999999999994,90.0,29.0,0,1,0,0,HARD_ASSET,HARD_ASSET
2020-11-12,0.4779441901490901,0.5740731637684585,-0.6065051304731263,0.4404913797489166,0.5192336138504168,-0.4817756070575754,0.4629203280456593,0.3477701781791259,-0.9000015258789062,0.12,87.0,13.0,0,1,0,0,HARD_ASSET,HARD_ASSET
2020-11-13,0.45279931861510775,0.5629382040568487,-0.591135067215694,0.44254814948147775,0.517453467028078,-0.4766931550094568,0.4511157977802657,0.3654984596756379,-0.9199981689452983,0.12,89.0,14.0,0,1,0,0,HARD_ASSET,HARD_ASSET
2020-11-16,0.4585445148185644,0.5609650976289825,-0.5945464441321373,0.44519189502541934,0.5158530181364918,-0.4782839607241409,0.4468702818513268,0.3531976865040282,-0.8600006103515625,0.12,90.0,29.0,0,1,0,0,HARD_ASSET,HARD_ASSET
2020-11-17,0.40394224049280314,0.5076136150975264,-0.5706796013202889,0.4348279289987008,0.503239949367462,-0.47933457828089165,0.46405005057591786,0.3925653357429173,-0.650001525878892,0.08000000000000007,86.0,16.0,0,1,0,0,HARD_ASSET,HARD_ASSET
2020-11-18,0.43108661039976526,0.51099486638729,-0.5776865620952661,0.4356372394537044,0.5036475394725117,-0.481225809254008,0.4216087252180377,0.32812928131340957,-0.29000091552734375,0.09000000000000008,91.0,24.0,0,1,0,0,HARD_ASSET,HARD_ASSET
2020-11-19,0.4164066153156262,0.5090894846549566,-0.5760632375512394,0.43586005598069816,0.5045765509844063,-0.4839210865263117,0.42475559793527606,0.31783591376349607,-0.659996032714858,0.050000000000000044,94.0,20.0,0,1,0,0,HARD_ASSET,HARD_ASSET
2020-11-20,0.40491727817490886,0.5418604417027139,-0.5799933550264671,0.4257138977141493,0.5014276868487272,-0.4718444480813591,0.42984260756033443,0.36463764691706735,-0.37999725341796875,0.040000000000000036,86.0,15.0,0,1,0,0,HARD_ASSET,HARD_ASSET
2020-11-23,0.3612431157866586,0.5808579544965232,-0.5949510557099768,0.4243897000903266,0.5080834200253567,-0.4790300408506082,0.44355166883573044,0.33967783959742365,-0.5400009155273153,0.06000000000000005,90.0,19.0,0,1,0,0,HARD_ASSET,HARD_ASSET
2020-11-24,0.38039973578368186,0.5067615311147079,-0.5852177072271132,0.4381744696189994,0.48822094359529405,-0.4838573825885956,0.44099435871654086,0.33603054840033175,-0.709999084472642,0.06000000000000005,88.0,14.0,0,1,0,0,HARD_ASSET,HARD_ASSET
2020-11-25,0.34926595562669016,0.49972460402241925,-0.5478689273301108,0.43849740174595797,0.48420553805156624,-0.47478807762400477,0.43075425177304105,0.3446370654441492,-1.420005798339858,0.040000000000000036,94.0,22.0,0,1,0,0,HARD_ASSET,HARD_ASSET
2020-11-27,0.22632841768281967,0.48773922335911013,-0.40458983940578097,0.3983503323552186,0.4839660616228431,-0.43166302480732965,0.5703167048313365,0.24149191410568852,-2.1699981689453125,-0.050000000000000044,86.0,-4.0,0,1,0,0,HARD_ASSET,HARD_ASSET
2020-11-30,0.1687239776704033,0.36726521564908493,-0.3017634904529202,0.3653869161643508,0.4266558676350696,-0.38429747607776765,0.71557696014526,0.37071698886521187,-2.1699981689452983,-0.1100000000000001,88.0,-2.0,0,1,0,0,HARD_ASSET,HARD_ASSET
2020-12-01,0.15059872222298165,0.24137990092613015,-0.19623881575469138,0.34750021755781013,0.3926861030493025,-0.35244887470162833,0.74440238938033,0.3275936734387948,-2.740005493164034,-0.050000000000000044,95.0,5.0,0,1,0,0,HARD_ASSET,HARD_ASSET
2020-12-02,0.1497232565370169,0.2437275890025239,-0.2008684403785167,0.3358772301923203,0.3624606000579111,-0.29288378355397493,0.743185530497367,0.31946607242272906,-2.430000305175753,-0.08000000000000007,92.0,6.0,0,1,0,0,HARD_ASSET,HARD_ASSET
2020-12-03,0.1725589053847365,0.2149600722449426,-0.1452195824138022,0.33348706193068245,0.3675830300988126,-0.29188143229453345,0.7432075802034367,0.31904794377319107,-2.7000045776367188,-0.07999999999999996,92.0,5.0,0,1,0,0,HARD_ASSET,HARD_ASSET
2020-12-04,0.15476062315433733,0.2147126651964979,-0.15144237639803731,0.32305946167442856,0.36486652616978127,-0.287959236319085,0.703694716863005,0.18253266544471433,-1.8300018310546733,-0.050000000000000044,92.0,3.0,0,1,0,0,HARD_ASSET,HARD_ASSET
2020-12-07,0.15696520599441355,0.22264676095801508,-0.14978777470562007,0.3238453557396447,0.369086434005287,-0.2864837391149403,0.7050088983120654,0.2093928966572192,-1.44000244140625,-0.12,94.0,4.0,0,1,0,0,HARD_ASSET,MIXED
2020-12-08,0.1488847391237422,0.1998053174607723,-0.18389991319657698,0.31348318395413344,0.35635760776413067,-0.30432070205363354,0.7272875493160815,0.178093111110727,-1.7600021362304688,-0.19999999999999996,95.0,9.0,0,1,0,0,HARD_ASSET,MIXED
2020-12-09,0.1365387537637991,0.18757391788368213,-0.17996407746081083,0.31172872426091097,0.3506971348229543,-0.30250599402577893,0.7261372741186285,0.19342283924992032,-1.660003662109375,-0.17999999999999994,86.0,-5.0,0,1,0,0,HARD_ASSET,MIXED
2020-12-11,0.06255167549792078,0.15368865392809966,-0.14488825562229016,0.3097244833944148,0.3528735581529933,-0.28188230453295005,0.7236207945060572,0.10392612601588466,-1.9799957275390625,-0.14,89.0,3.0,0,1,0,0,HARD_ASSET,MIXED
2020-12-14,0.06561629566026908,0.13495251483937276,-0.1657240247626916,0.310087515486969,0.34353018967093263,-0.29168780425200835,0.7512023901134722,0.1650796722988917,-2.0500030517578267,-0.15000000000000002,95.0,5.0,0,0,0,1,MIXED,MIXED
2020-12-15,0.06337105566784935,0.1383073445815689,-0.16056376426728586,0.306779924507175,0.33719564057518947,-0.28486270718450396,0.7489935640873678,0.14977988941482814,-2.0999984741210938,-0.17999999999999994,91.0,3.0,0,0,0,1,MIXED,MIXED
2020-12-16,0.05009660003052452,0.15431695347309518,-0.11934399208449131,0.3048002040600819,0.3410021511743003,-0.27759843041127114,0.7905075723031734,0.18872901114746787,-1.970001220703125,-0.17000000000000004,92.0,-2.0,0,0,0,1,MIXED,MIXED
2020-12-17,0.08183456250580258,0.18178051318373042,-0.18245132300794856,0.29489241746880174,0.32547924225809344,-0.30317005114871726,0.8158505161274021,0.24756343838185513,-2.5,-0.18000000000000005,92.0,6.0,0,0,0,1,MIXED,MIXED
2020-12-18,-0.07055878764168994,0.08112890068415038,-0.020107085228050155,0.29415566363836965,0.3264315138688697,-0.29971624055942464,0.8147642368265958,0.2613164990902959,-2.2700042724609375,-0.16000000000000003,95.0,7.0,0,0,0,1,MIXED,MIXED
2020-12-21,-0.06439977833236007,0.0863954627930232,-0.03828675340716016,0.2945913715754288,0.32960226604882226,-0.29989103878618933,0.8118643719555879,0.2025888406609993,-2.3499984741210938,-0.14,92.0,-3.0,0,0,0,1,MIXED,MIXED
2020-12-22,-0.11175380208673202,-0.009407032036081906,0.07134166674645202,0.29497115217461695,0.31879242298474286,-0.27162980417543003,0.8140814906284816,0.2585734511310548,-1.8600006103515767,-0.16000000000000003,88.0,-4.0,0,0,0,1,MIXED,MIXED
2020-12-23,-0.12469799202388196,-0.02510447169490992,0.0937447969604965,0.29260760547319564,0.29754144576484837,-0.2581491950592771,0.8170274918177627,0.19585374670248354,-1.8199996948242188,-0.15000000000000002,93.0,1.0,0,0,0,1,MIXED,MIXED
2020-12-24,-0.16043780736165852,-0.018211002837106555,0.08299912169361785,0.2975670994804139,0.3098802262838141,-0.2802156770368998,0.8105650417234839,0.23675098772751496,-1.6599960327148438,-0.16000000000000003,86.0,-6.0,0,0,0,1,MIXED,MIXED
2020-12-28,-0.0768286661527875,-0.058399806425252845,0.10617013566178042,0.2902482449919061,0.26937958320566247,-0.2482062156199891,0.8217441973030879,0.4594032942522066,-1.4500045776367188,-0.12,92.0,-2.0,0,0,0,1,MIXED,MIXED
2020-12-29,-0.06159834390465482,-0.05323292623197321,0.10524868854192562,0.2903706293963449,0.2698571670443945,-0.2471204931944968,0.7088810035117353,0.33232432039565074,-1.8600006103515767,-0.08999999999999997,91.0,-4.0,0,0,0,1,MIXED,MIXED
2020-12-30,-0.06919380024857012,-0.03239931188779433,0.07670154222297958,0.2915427513304054,0.27146464466948883,-0.2466437921633867,0.6845306748070386,0.42778003288743105,-1.6800003051757955,-0.14,91.0,5.0,0,0,0,1,MIXED,MIXED
2020-12-31,-0.0509962186702205,-0.02506177659017662,0.06737745523615314,0.2912038266106328,0.2720660049013568,-0.24694348470738037,0.6867227018953889,0.41238802097917504,-1.1800003051757955,-0.16000000000000003,95.0,1.0,0,0,0,1,MIXED,MIXED
2021-01-04,-0.18370075794641264,0.08567286319563681,0.06841615173522318,0.26223018811305215,0.3155763592199551,-0.25515244478874155,0.7353426746069094,0.4972473739776041,-0.8300018310546875,-0.14000000000000012,94.0,5.0,0,0,0,1,MIXED,MIXED
2021-01-05,-0.14396391132542932,0.08517564555009086,0.03364954520740525,0.2693500883984579,0.31934091991811897,-0.26928947022561234,0.7067839554526871,0.5976268532150414,-1.2599945068359517,-0.15000000000000002,93.0,-2.0,0,0,0,1,MIXED,MIXED
2021-01-06,-0.17135607137839615,0.014589488729560212,0.0485105296439887,0.25394837694062894,0.27335198745552464,-0.25618326297071803,0.7274519452013836,0.6516853805414653,-1.2600021362304688,-0.08000000000000007,95.0,4.0,0,0,0,1,MIXED,IDIOSYNCRATIC
2021-01-07,-0.07522863958092475,-0.04670009719922422,0.10449164142387769,0.2714217001266299,0.26897348594042464,-0.2372905145611186,0.6762180245703816,0.7649747643562376,-1.1399993896484375,-0.040000000000000036,91.0,-1.0,0,0,0,1,MIXED,IDIOSYNCRATIC
2021-01-08,-0.08162938503787284,-0.04743394173075912,0.1171363611111951,0.2744577531350785,0.23320326755552703,-0.23052795434799403,0.6698914253222515,0.7879426132061077,-0.9899978637695312,0.029999999999999916,93.0,1.0,0,0,0,1,MIXED,IDIOSYNCRATIC
2021-01-11,0.09917094727878717,-0.02289914714272718,-0.0691474250768645,0.2877163879541623,0.22064039599628102,-0.27340848691387715,0.8911934354576045,0.6664223442458075,-0.25,0.04999999999999993,90.0,-5.0,0,0,0,1,MIXED,IDIOSYNCRATIC
2021-01-12,0.15486974837714115,-0.11005534379486637,-0.04239975975845389,0.29543159747823994,0.19304470566612103,-0.22386700024625844,0.9220633054636097,0.6304532229171302,-0.9300003051757812,0.039999999999999925,84.0,-8.0,0,0,0,1,MIXED,IDIOSYNCRATIC
2021-01-13,0.1962437352551116,-0.08735378480877579,-0.026819802978449218,0.21022829768790052,0.16711756093036617,-0.2152013087925894,0.9422530909109376,0.6620950841646636,-0.3899993896484375,0.020000000000000018,78.0,-10.0,0,0,1,0,IDIOSYNCRATIC,IDIOSYNCRATIC
2021-01-14,0.2501380726601087,-0.019047892733726993,-0.10156705135577011,0.21186875880227676,0.16570894862409655,-0.2161065388648387,0.9394394888961152,0.7022005384663124,-0.23000335693360796,0.050000000000000044,83.0,-10.0,0,0,1,0,IDIOSYNCRATIC,IDIOSYNCRATIC
2021-01-15,0.2971853634436599,0.043811243325640854,-0.18559659051988503,0.1927817528639785,0.18375025874821127,-0.2210303351107265,0.9717496795828705,0.5469824419172262,0.3300018310546733,0.010000000000000009,88.0,2.0,0,0,1,0,IDIOSYNCRATIC,IDIOSYNCRATIC
2021-01-19,0.24646534157970476,0.027361388528529134,-0.17140301375913408,0.1871591731966383,0.17628897644289074,-0.2127462346347505,0.9735962833810923,0.45846916144255545,0.6800003051757812,0.0,80.0,-12.0,0,0,1,0,IDIOSYNCRATIC,IDIOSYNCRATIC
2021-01-20,0.21503570333759559,-0.01403953381095236,-0.17226819805731766,0.17697307638530801,0.16189150928985122,-0.2121909849851934,0.9819277357754327,0.42940226374189333,0.45000457763671875,-0.020000000000000018,78.0,-13.0,0,0,1,0,IDIOSYNCRATIC,IDIOSYNCRATIC
2021-01-21,0.16288049994324907,-0.010414131255750025,-0.061613878940777855,0.15503500027794423,0.15179196694500718,-0.15812200787032077,1.1297683814556987,0.301453028654637,0.08999633789061079,0.020000000000000018,75.0,-16.0,0,0,1,0,IDIOSYNCRATIC,IDIOSYNCRATIC
2021-01-22,0.16846393915171212,-0.018494079053719904,-0.028265442620452316,0.1492885245707238,0.1387389829443133,-0.14819773989279209,1.1412697853066864,0.3277098721841607,-0.4100036621093892,0.020000000000000018,40.0,-55.0,0,0,1,0,IDIOSYNCRATIC,IDIOSYNCRATIC
2021-01-25,0.1669196063091043,-0.02664644168002046,-0.03796336095092115,0.1467796740659843,0.1372621273444859,-0.15209506942939718,1.139818484179167,0.33118778344143435,-0.0200042724609375,-0.020000000000000018,74.0,-20.0,0,0,1,0,IDIOSYNCRATIC,IDIOSYNCRATIC
2021-01-26,0.1751090613654222,-0.02888170264931028,-0.05057618639152541,0.14933580388790632,0.13723143588525777,-0.15181848976513043,1.1402316767709484,0.31639625825172496,-0.16000366210934658,0.0,71.0,-22.0,0,0,1,0,IDIOSYNCRATIC,IDIOSYNCRATIC
2021-01-27,0.26795318619428926,0.0025243850793109104,-0.10716037201651142,0.18189165314891023,0.14353255294784825,-0.18118331508460642,1.0923383076044575,0.11653965438243809,0.31000518798828125,-0.010000000000000009,78.0,-17.0,0,0,1,0,IDIOSYNCRATIC,IDIOSYNCRATIC
2021-01-28,0.2681877818067622,0.018321254184289495,-0.10940287640551295,0.1810098614121232,0.1445113788842241,-0.18833428719996712,1.1351951650515322,0.20136173744333197,0.4499969482421875,-0.040000000000000036,55.0,-36.0,0,0,1,0,IDIOSYNCRATIC,IDIOSYNCRATIC
2021-01-29,0.25127331318792046,0.025784696130177896,-0.11272930363805858,0.17092385680292155,0.12300186878357594,-0.16437098555574897,1.1261499829405701,0.17382662640179872,0.9500045776367045,0.010000000000000009,77.0,-16.0,0,0,1,0,IDIOSYNCRATIC,IDIOSYNCRATIC
2021-02-01,0.1820720162755664,-0.01577753321279355,-0.13480380407152512,0.15565383155714213,0.11385507504731489,-0.1749561029921409,1.1314623035735736,0.14529938553826835,1.0799942016601562,0.040000000000000036,77.0,-13.0,0,0,1,0,IDIOSYNCRATIC,IDIOSYNCRATIC
2021-02-02,0.19006507245008056,-0.07098867185524114,-0.07411505403629186,0.14570518008720323,0.08362302938389396,-0.155310247044492,1.0990723582906947,0.10496465537307903,1.319999694824233,0.050000000000000044,76.0,-8.0,0,0,1,0,IDIOSYNCRATIC,IDIOSYNCRATIC
2021-02-03,0.18491119453251056,-0.07184243809760373,-0.0815268538693078,0.14282702371050665,0.07933673646726103,-0.15645450764936833,1.0945482266168465,0.09745854146141325,1.6800003051757955,0.030000000000000027,78.0,0.0,0,0,1,0,IDIOSYNCRATIC,IDIOSYNCRATIC
2021-02-04,0.1649917986541923,-0.04004219553724413,-0.09955116005749139,0.14638107183811214,0.08979550273819573,-0.16084878033704647,1.0611530061868486,0.0027580365267095234,2.0,0.0,80.0,-3.0,0,0,1,0,IDIOSYNCRATIC,IDIOSYNCRATIC
2021-02-05,0.16454906292488483,-0.022664707684256963,-0.14132460698730717,0.1522887607783545,0.09678494789740354,-0.16858223775208372,1.0403608232140735,-0.0316540344233849,1.2099990844726562,-0.010000000000000009,81.0,-7.0,0,0,1,0,IDIOSYNCRATIC,IDIOSYNCRATIC
2021-02-08,0.18429761300224834,0.07269831168224855,-0.178887523263376,0.1624258841715268,0.12809007507031828,-0.16816330292288803,1.2326752073858624,0.12427979068301612,0.8300018310546875,-0.09999999999999998,83.0,3.0,0,0,1,0,IDIOSYNCRATIC,IDIOSYNCRATIC
2021-02-09,0.1850983949231623,0.07016926226896374,-0.15929667978852755,0.1646852686792873,0.1250522753756386,-0.1624265641685937,1.1168417810166253,0.2676373192495735,-0.09999847412110796,-0.13,95.0,17.0,0,0,1,0,IDIOSYNCRATIC,IDIOSYNCRATIC
2021-02-10,0.18196408234507844,0.07664160678939193,-0.15984589998237927,0.17543969245746388,0.12689898689881682,-0.16395405135170912,1.108754192269103,0.2807505936787741,0.31999969482423296,-0.13,92.0,17.0,0,0,1,0,IDIOSYNCRATIC,IDIOSYNCRATIC
2021-02-11,0.18144801488401313,0.06101782294578314,-0.16263661639955881,0.17077924351949386,0.11766660058074678,-0.15813424768479736,1.0851235278379954,0.24987848900091192,0.09999847412110796,-0.08000000000000007,93.0,53.0,0,0,1,0,IDIOSYNCRATIC,IDIOSYNCRATIC
2021-02-12,0.18168269021851657,0.050436547075777924,-0.14673723555238588,0.17073598013709743,0.11852742629603083,-0.15956248270373957,1.0789992866442355,0.19247841156413495,0.2400054931640767,-0.07000000000000006,92.0,18.0,0,0,1,0,IDIOSYNCRATIC,IDIOSYNCRATIC
2021-02-16,0.1753235057766076,0.0422715548429221,-0.14333926480315917,0.15969156459435305,0.1053447123793495,-0.1515841634057236,1.049522308101757,0.28970407000279746,-0.26999664306639204,0.050000000000000044,95.0,24.0,0,0,1,0,IDIOSYNCRATIC,IDIOSYNCRATIC
2021-02-17,0.2297844358415165,-0.06399947980647179,-0.10290369302620989,0.15755727587164353,0.09560823472120453,-0.1369087239231765,1.051683674452351,0.36864907553624104,0.4499969482422017,0.07999999999999996,95.0,17.0,0,0,1,0,IDIOSYNCRATIC,IDIOSYNCRATIC
2021-02-18,0.22683444457707233,-0.08146262285051023,-0.05290830636745509,0.16107044797722078,0.09473709382846249,-0.12977597949464656,1.0496649673582494,0.3741900659222749,0.1199951171875,0.15000000000000002,91.0,36.0,0,0,1,0,IDIOSYNCRATIC,IDIOSYNCRATIC
2021-02-19,0.24871848342072253,-0.017948027838417188,-0.08590352719996243,0.16000460848919856,0.10320275569222405,-0.140424471535768,0.8878231095583152,0.5950033321775665,0.23000335693360796,0.17999999999999994,93.0,16.0,0,0,1,0,IDIOSYNCRATIC,IDIOSYNCRATIC
2021-02-22,0.23902018006825426,-0.05094003117512538,-0.08517798710916553,0.17050943431304558,0.08767967594345,-0.12907194601061586,0.8995044091446126,0.4961338166779222,-0.2299957275390483,0.19999999999999996,94.0,17.0,0,0,1,0,IDIOSYNCRATIC,IDIOSYNCRATIC
2021-02-23,0.2476966430950831,-0.003993190497498462,-0.12117925532106127,0.17795716741708495,0.08188628809717932,-0.13412743842242275,0.9953406169752249,0.41111009758264916,-0.2200012207031108,0.24,94.0,18.0,0,0,1,0,IDIOSYNCRATIC,IDIOSYNCRATIC
2021-02-24,0.18551355495249258,-0.01429479139011234,-0.022294749263567493,0.17579812969628775,0.08312165281677575,-0.1354233931537442,0.9940499931008401,0.4227252098600857,0.01000213623045454,0.24,76.0,-2.0,0,0,1,0,IDIOSYNCRATIC,IDIOSYNCRATIC
2021-02-25,0.25599830479649854,0.07609114712507464,-0.06963873623748441,0.20731453182313364,0.10647129083408295,-0.13212672513793508,0.9794185607675789,0.4366297958324432,-0.5200042724609517,0.44000000000000006,79.0,-1.0,0,0,1,0,IDIOSYNCRATIC,IDIOSYNCRATIC
2021-02-26,0.24310172190074741,0.11175831286470504,-0.1355699711707812,0.20265394762331726,0.11629021593068717,-0.14734077045033792,0.9498166936077901,0.32546746082838607,0.470001220703125,0.3500000000000001,55.0,-26.0,0,0,1,0,IDIOSYNCRATIC,IDIOSYNCRATIC
2021-03-01,0.29142293339131337,0.10888741996950897,-0.11858949397199799,0.2283237300383576,0.1145407959948936,-0.13916166627719886,0.9666979130189186,0.36899753126095663,0.45999908447267046,0.31000000000000005,38.0,-45.0,0,0,1,0,IDIOSYNCRATIC,IDIOSYNCRATIC
2021-03-02,0.2878220598548281,0.0587293745062877,-0.043743317786537894,0.23722731730132376,0.109241692082809,-0.13324929050918344,0.9681345757584382,0.3664110446869434,-0.2299957275390625,0.24,78.0,-17.0,0,0,1,0,IDIOSYNCRATIC,IDIOSYNCRATIC
2021-03-03,0.25994869683955474,0.06019576208033025,-0.050960907147272506,0.22338868542120538,0.09507690695377781,-0.11495787944934129,0.9624178420444142,0.3529078335014244,-0.25,0.29000000000000004,78.0,-14.0,0,0,1,0,IDIOSYNCRATIC,IDIOSYNCRATIC
2021-03-04,0.3120489416571153,0.11035594606473564,-0.10327827995048831,0.2374111606096794,0.1026287007142924,-0.13591997122253147,0.972628549252264,0.2592278135007576,0.5099945068359091,0.38,84.0,-9.0,0,0,1,0,IDIOSYNCRATIC,IDIOSYNCRATIC
2021-03-05,0.38154518538722826,0.1472144614687515,-0.23214559040237237,0.23524349786374382,0.10247724885864644,-0.13874859399773384,0.9677005043533851,0.28141791038111663,0.45000457763671875,0.36,77.0,-15.0,0,0,1,0,IDIOSYNCRATIC,IDIOSYNCRATIC
2021-03-08,0.32222499067364335,0.13947754668868081,-0.2104667585029109,0.21157702385145577,0.09325093857944144,-0.12620691262410677,0.982341901691645,0.31459678990928935,1.2699966430664205,0.4,81.0,-14.0,0,0,1,0,IDIOSYNCRATIC,IDIOSYNCRATIC
2021-03-09,0.34860319908126375,0.1778966601229974,-0.22279282434223086,0.21873156043389155,0.10238822087674423,-0.1307153594053859,0.7588793186800862,0.17122691517667496,1.029998779296875,0.37,81.0,-14.0,0,0,1,0,IDIOSYNCRATIC,IDIOSYNCRATIC
2021-03-10,0.3491952601742875,0.17796917719732522,-0.23095566756564373,0.20316322600336212,0.09205933520109835,-0.11962678460816621,0.7600963576292681,0.18645847558925124,1.349998474121108,0.31000000000000005,68.0,-23.0,0,0,1,0,IDIOSYNCRATIC,IDIOSYNCRATIC
2021-03-11,0.2943163192439762,0.16580621320192476,-0.17784740784172498,0.20718998912228734,0.09186927982581967,-0.12307047762413903,0.7465839560466377,0.2522346794091771,1.0499954223632812,0.32000000000000006,73.0,-20.0,0,0,1,0,IDIOSYNCRATIC,IDIOSYNCRATIC
2021-03-12,0.2953047643878663,0.15297510744647586,-0.1624620033362219,0.21081550439693536,0.09236993385518391,-0.12644225702176962,0.7250129313988659,0.17955019049766785,1.2600021362304545,0.42000000000000004,70.0,-24.0,0,0,1,0,IDIOSYNCRATIC,IDIOSYNCRATIC
2021-03-15,0.2883891303211455,0.13323866354707997,-0.1705943578963498,0.20522657865746588,0.09147060673433026,-0.13018861810140786,0.7323379658657463,0.16286131534119455,1.3499984741210795,0.36,76.0,-18.0,0,0,1,0,IDIOSYNCRATIC,IDIOSYNCRATIC
2021-03-16,0.33958389729603394,0.16511479981335214,-0.14478388848291252,0.2036478506622207,0.09003777323214064,-0.12772402529840177,0.7264460518937617,0.14373162742244913,1.3600006103515625,0.2599999999999999,71.0,-5.0,0,0,1,0,IDIOSYNCRATIC,IDIOSYNCRATIC
2021-03-17,0.32555858914661884,0.20262653299360125,-0.17089791978973737,0.21435754979261123,0.09269257753560706,-0.13228846668144018,0.7105339864563096,0.12124166233328533,0.45000457763670454,0.25,71.0,-8.0,0,0,1,0,IDIOSYNCRATIC,IDIOSYNCRATIC
2021-03-18,0.34503350254708054,0.2101711439820419,-0.1867313337719703,0.19859430823892738,0.061974721413885187,-0.10069220094005696,0.7133316731892683,0.11294073700597618,1.2600021362304688,0.30999999999999994,72.0,17.0,0,0,1,0,IDIOSYNCRATIC,IDIOSYNCRATIC
2021-03-19,0.3618138570631333,0.1830744740600968,-0.17028119990947552,0.19759054595832756,0.06208498591197335,-0.10460878348807688,0.6628563202488599,0.04304992061962465,1.5599975585937642,0.2300000000000001,71.0,33.0,0,0,1,0,IDIOSYNCRATIC,IDIOSYNCRATIC
2021-03-22,0.3017726627951719,0.16844906124407016,-0.13024323374864594,0.1747370279154529,0.04178595355771143,-0.08861508949433354,0.6974723529329148,0.00591936033431216,1.7900009155273295,0.15000000000000002,70.0,-8.0,0,0,1,0,IDIOSYNCRATIC,IDIOSYNCRATIC
2021-03-23,0.293688066147014,0.039926579682397594,-0.10195319272596542,0.17322911324428295,0.04455195184811073,-0.09049294500192268,0.5836255378108963,0.11434472026826505,2.1699981689452983,0.13,66.0,-12.0,0,0,1,0,IDIOSYNCRATIC,IDIOSYNCRATIC
2021-03-24,0.3171771925819769,0.02015005716561802,-0.11658796469158976,0.18506228352118595,0.0407812920818189,-0.09931786880738618,0.5994995364383612,0.05991146675248697,2.3499984741210938,0.10000000000000009,65.0,-19.0,0,0,1,0,IDIOSYNCRATIC,IDIOSYNCRATIC
2021-03-25,0.3152508301847946,0.04239549528889142,-0.14664002338697812,0.18786968921352995,0.03949693328688479,-0.1051509800268941,0.5698708851084237,0.09339579308898223,2.75,-0.08999999999999997,60.0,-17.0,0,0,1,0,IDIOSYNCRATIC,IDIOSYNCRATIC
2021-03-26,0.3346976832253541,0.10111048300490506,-0.16870500779398373,0.19709357256795196,0.04507263199588891,-0.1098754172110954,0.6000041922479156,0.1738262878657631,1.839996337890625,0.039999999999999925,54.0,-27.0,0,0,1,0,IDIOSYNCRATIC,IDIOSYNCRATIC
2021-03-29,0.3290812289116064,0.0631300816382853,-0.15851280723755606,0.19201141073004294,0.037250966366456514,-0.10486488055674813,0.5764203843393483,0.15150628082081158,1.900001525878892,0.07999999999999996,72.0,-9.0,0,0,1,0,IDIOSYNCRATIC,IDIOSYNCRATIC
2021-03-30,0.3329197130001397,0.07453853083417002,-0.14512633177355017,0.19434189959056758,0.03679154712634834,-0.09895782685027124,0.5648645558319306,0.19707581594928653,2.5100021362304545,0.16000000000000003,72.0,4.0,0,0,1,0,IDIOSYNCRATIC,IDIOSYNCRATIC
2021-03-31,0.3411490469609731,0.10858937902349937,-0.19679276997455897,0.19000481666730246,0.03163035432820986,-0.09858943696764932,0.5519840839862432,0.15343044770297837,2.280006408691392,0.10999999999999999,76.0,3.0,0,0,1,0,IDIOSYNCRATIC,IDIOSYNCRATIC
2021-04-01,0.33160786718864155,0.10513320936083852,-0.2123516509352713,0.1876215212977028,0.02837266340906191,-0.09633767239396727,0.5246713031110518,0.19633580278079418,1.3000030517578267,0.0,74.0,4.0,0,0,1,0,IDIOSYNCRATIC,IDIOSYNCRATIC
2021-04-05,0.337801023593588,0.07960216449417595,-0.1574705091283385,0.18624430424198204,0.025910336204544384,-0.09487154855227489,0.5258796504561853,0.18818234273896958,0.6199951171875,0.040000000000000036,71.0,-5.0,0,0,1,0,IDIOSYNCRATIC,IDIOSYNCRATIC
2021-04-06,0.31344870171684647,0.11442291699825473,-0.18328619980517738,0.18732988955164448,0.011298814419896868,-0.08790014268566551,0.48990055749444683,0.1077807123527423,0.02999877929686079,-0.030000000000000027,75.0,4.0,0,0,1,0,IDIOSYNCRATIC,IDIOSYNCRATIC
2021-04-07,0.32440857012294577,0.1242090220280902,-0.1841120028216201,0.18436470181971693,0.02189748768756847,-0.08686000223245385,0.48532373348868446,0.02209500124634274,0.5,0.0,72.0,1.0,0,0,1,0,IDIOSYNCRATIC,IDIOSYNCRATIC
2021-04-08,0.3312425596810786,0.1575719435206457,-0.21969651653050576,0.18937214984432366,0.027807270905294453,-0.09847141069670882,0.4990020634316873,0.040508497152541775,0.26999664306642046,0.040000000000000036,73.0,1.0,0,0,1,0,IDIOSYNCRATIC,IDIOSYNCRATIC
2021-04-09,0.24063627653480382,0.06562091223946802,-0.2530224988041093,0.20505730037912065,0.00961087027555983,-0.1153502266355305,0.4873021625009649,0.007580946926129322,0.7400054931640483,0.09999999999999998,70.0,-1.0,0,0,1,0,IDIOSYNCRATIC,IDIOSYNCRATIC
2021-04-12,0.2399257438278556,-0.007549187180462451,-0.22436989023088882,0.21388129871729428,0.024834016271107134,-0.12553760627385555,0.4952369422137411,0.04370670326516918,0.45999908447265625,-0.020000000000000018,74.0,4.0,0,0,1,0,IDIOSYNCRATIC,IDIOSYNCRATIC
2021-04-13,0.17595345536735746,0.04634654983167185,-0.2930423534280377,0.23152149599991234,0.05830424005773925,-0.1585166508664006,0.5209770923284018,0.1274011865298346,0.01999664306642046,-0.039999999999999925,74.0,8.0,0,0,1,0,IDIOSYNCRATIC,IDIOSYNCRATIC
2021-04-14,0.15101734502145187,0.07623017886076507,-0.32270750677946164,0.23421089407283208,0.058746935552633196,-0.15524193853830223,0.5214919352475654,0.10525177683305452,-0.18000030517580967,-0.009999999999999898,75.0,10.0,0,0,1,0,IDIOSYNCRATIC,IDIOSYNCRATIC
2021-04-15,0.23237351229513012,0.11551977286736463,-0.3457352952045647,0.2313248172909178,0.054624228997894875,-0.1568244751093516,0.5095576697884489,0.07275984086967342,0.26999664306642046,-0.09999999999999998,79.0,19.0,0,0,1,0,IDIOSYNCRATIC,IDIOSYNCRATIC
2021-04-16,0.16576900202800118,0.03390284272762717,-0.24428695940304346,0.23703543805778166,0.04626748843643533,-0.15431356228750825,0.5162909227256869,0.06221237091171826,-0.29000091552732954,-0.20999999999999996,78.0,24.0,0,0,1,0,IDIOSYNCRATIC,IDIOSYNCRATIC
2021-04-19,0.22726914327310296,0.07562897462851338,-0.04346279277612237,0.249215863458195,0.046818725470381364,-0.1115825753967085,0.6263241385984758,-0.045986284456183024,-0.849998474121108,-0.16000000000000003,74.0,2.0,0,0,1,0,IDIOSYNCRATIC,IDIOSYNCRATIC
2021-04-20,0.3631962957553333,0.16910636229125336,-0.11705024042298574,0.25354133276183055,0.05230355362159468,-0.10514208668888979,0.5808557467020163,0.03502788041243762,-0.5600051879882812,-0.09999999999999998,73.0,1.0,0,0,1,0,IDIOSYNCRATIC,IDIOSYNCRATIC
2021-04-21,0.24440394116207223,0.022962966130740246,-0.05866434570733849,0.24475973065411433,0.03974982151213456,-0.10127651618825859,0.604235030129119,-0.015331980562333581,-1.17999267578125,-0.09999999999999998,73.0,-3.0,0,0,1,0,IDIOSYNCRATIC,IDIOSYNCRATIC
2021-04-22,0.27671060898761457,0.0482960543652598,-0.07181314152660806,0.2536022375374424,0.04545709145973978,-0.11280358196435096,0.6073950103028407,-0.019362106531483073,-1.1999969482422017,-0.07000000000000006,65.0,-9.0,0,0,1,0,IDIOSYNCRATIC,IDIOSYNCRATIC
2021-04-23,0.21725410855551197,0.062492917062329935,-0.0136930242692426,0.246121053710832,0.048321514749883,-0.10089147926665724,0.6049117250131566,-0.011877976301130938,-2.019996643066392,-0.07000000000000006,55.0,-16.0,0,0,1,0,IDIOSYNCRATIC,IDIOSYNCRATIC
2021-04-26,0.2372444804347072,0.06996058675684047,-0.013646764516597817,0.2482337303302643,0.05699610874160302,-0.09344829050968106,0.5939669240988181,-0.020439849278147175,-1.959999084472642,-0.10999999999999999,27.0,-48.0,0,0,1,0,IDIOSYNCRATIC,IDIOSYNCRATIC
2021-04-27,0.2476051338669683,0.07155797323720647,0.009623017518987576,0.24893537906403507,0.058188598333579776,-0.09370475586349791,0.5735163756944973,-0.04819166436493038,-2.029998779296861,-0.13,50.0,-22.0,0,0,1,0,IDIOSYNCRATIC,IDIOSYNCRATIC
2021-04-28,0.24965045606480035,0.07094822914338036,0.007841414497455648,0.2481063008119409,0.047140526854528374,-0.08999826681524721,0.5676726419021676,-0.07200052965865097,-2.690002441406236,-0.16000000000000003,59.0,-14.0,0,0,1,0,IDIOSYNCRATIC,IDIOSYNCRATIC
2021-04-29,0.24349206287084926,0.05582691668357525,0.06426666746778985,0.2423650787819112,0.03616516868232435,-0.06658355633800248,0.57157262604015,-0.09544956293137757,-2.6200027465820312,-0.14,52.0,-18.0,0,0,1,0,IDIOSYNCRATIC,IDIOSYNCRATIC
2021-04-30,0.14878775320691748,0.007354066996127756,0.2473208944718203,0.22992925481344398,0.032101253885211053,-0.035752573149514556,0.6353339648978452,-0.023033608089103583,-1.6500015258789062,-0.09999999999999998,51.0,-23.0,0,0,1,0,IDIOSYNCRATIC,IDIOSYNCRATIC
2021-05-03,0.14951937333513401,-0.008075609575850769,0.2488956995136755,0.23083620220974482,0.024617761659715322,-0.03084003914308579,0.6359938430812717,-0.03195894124832485,-1.650001525878892,-0.17000000000000004,61.0,-13.0,0,0,1,0,IDIOSYNCRATIC,IDIOSYNCRATIC
2021-05-04,0.3186363868191448,0.03556481139882492,0.14724180120960256,0.24790128195336983,0.041217503530546776,-0.06215547957697303,0.6777350349845743,-0.0871886799224802,-1.0499954223632812,-0.16000000000000003,68.0,-7.0,0,0,1,0,IDIOSYNCRATIC,IDIOSYNCRATIC
2021-05-05,0.2841605837207727,0.06085148199404241,0.15330998243882318,0.2402767593768593,0.05243670059871177,-0.06702575508257268,0.7174981806782524,0.02423727740516094,-1.150001525878892,-0.21999999999999997,48.0,-31.0,0,0,1,0,IDIOSYNCRATIC,MIXED
2021-05-06,0.23466467338936733,0.03675737458352488,0.1992273975057717,0.23833303698432917,0.04052817406774749,-0.05889062378971974,0.7061325203082413,-0.033605491856707574,-1.1100006103515625,-0.18000000000000005,65.0,-13.0,0,0,1,0,IDIOSYNCRATIC,MIXED
2021-05-07,0.24062235327538875,0.03432051350779437,0.19054026551153347,0.23340203603541818,0.05186478040993109,-0.06324487805160109,0.7090497372367989,-0.015373845239157954,-1.9300003051757812,-0.25,64.0,-10.0,0,0,1,0,IDIOSYNCRATIC,MIXED
2021-05-10,0.2308358276956319,0.027020412860712453,0.19501365925973502,0.24225196010436148,0.04913755787688802,-0.06254858464464162,0.7062801812790345,-0.06972227821603569,-1.9300003051757812,-0.27,72.0,-1.0,0,0,1,0,IDIOSYNCRATIC,MIXED
2021-05-11,0.26136975945595703,0.09561438021878355,0.16632101617177536,0.2422932782769,0.04187546685784555,-0.0518161393363428,0.6734196595802078,-0.11323946432201401,-1.7099990844726562,-0.20000000000000007,61.0,-12.0,0,0,1,0,IDIOSYNCRATIC,MIXED
2021-05-12,0.4399624820579923,0.2945564148386568,-0.1193062479419705,0.2861478534089033,0.06955035052399568,-0.1032777889501799,0.8241683058946551,-0.24998667294588006,-0.9800033569335795,-0.16000000000000003,68.0,3.0,0,0,0,1,MIXED,MIXED
2021-05-13,0.45189912105401847,0.30356754064199304,-0.11372160933916131,0.31322157434635867,0.028383408110151737,-0.10061137889165589,0.826628915538549,-0.241775995952764,-0.9199981689453267,-0.07999999999999996,31.0,-24.0,0,0,0,1,MIXED,MIXED
2021-05-14,0.4425410220052863,0.30660074772408435,-0.11522768578634764,0.30349667742760805,0.02369968565341229,-0.08391094044352748,0.8261609781437188,-0.21058918731842935,-1.2399978637695455,-0.10999999999999999,26.0,-1.0,0,0,0,1,MIXED,MIXED
2021-05-17,0.4265582687255346,0.16418971574713417,-0.09506991638116914,0.3120723097418537,0.013652537449826778,-0.0761118347183417,0.8829945004011953,-0.2467927957730915,-0.8499984741210938,-0.17000000000000004,27.0,-23.0,0,0,0,1,MIXED,MIXED
2021-05-18,0.4265854901385938,0.16825294950009984,-0.09098243812499551,0.2972038866700429,0.015835460983222097,-0.08382390810761635,0.8780297956290402,-0.27467223041668576,-1.489997863769517,-0.14,21.0,-38.0,0,0,0,1,MIXED,MIXED
2021-05-19,0.38125963476307245,0.16131626255957887,-0.20118364696490382,0.2831249050190832,0.041657404006263735,-0.1266454262033771,0.9891405759800693,-0.3762595612267451,-0.9700012207031392,-0.040000000000000036,23.0,-29.0,0,0,0,1,MIXED,MIXED
2021-05-20,0.42402366871213343,0.1419156150807004,-0.22267994647391465,0.28550282135702454,0.045407452363976426,-0.11383117578402538,1.0631360196860713,-0.23840266135597799,-1.5200042724609233,-0.020000000000000018,11.0,-40.0,0,0,0,1,MIXED,MIXED
2021-05-21,0.4250183809287875,0.16414783376570305,-0.2555291647024197,0.29068003188843294,0.051355677658845376,-0.1410594148957722,1.096231542209667,-0.3145411755075656,-0.8400039672851562,-0.040000000000000036,19.0,-42.0,0,0,0,1,MIXED,MIXED
2021-05-24,0.45315986277837256,0.1947876143377992,-0.2683339461428729,0.2949254235621982,0.06310941435980186,-0.16421972771923188,1.0826046669116742,-0.3333926933848897,-0.9799957275390767,-0.04999999999999993,10.0,-58.0,0,0,0,1,MIXED,MIXED
2021-05-25,0.4322393935487252,0.17587306252667445,-0.2506794502018795,0.2974442300686492,0.06227215097746188,-0.16136568561289472,1.0756108778929592,-0.3598197951145677,-1.2700042724609375,-0.09999999999999998,22.0,-26.0,0,0,0,1,MIXED,MIXED
2021-05-26,0.44837329200334125,0.16769794499610877,-0.2084155700838607,0.29316174561394476,0.04367456698888076,-0.135320149432031,1.0840110115917851,-0.33306397392806275,-0.5699996948242188,-0.039999999999999925,22.0,-43.0,0,0,0,1,MIXED,MIXED
2021-05-27,0.44665758056142624,0.15820207754236199,-0.20980756547354132,0.29971604864413703,0.047905125951436166,-0.13873115138336192,1.0839133013616122,-0.3316914811744644,-0.6399993896484375,-0.040000000000000036,27.0,-37.0,0,0,0,1,MIXED,MIXED
2021-05-28,0.4369119088187746,0.1531966457767894,-0.21823071439719682,0.30362227804215697,0.04778398196360665,-0.14077280105384227,1.046715549691322,-0.4810427803968688,-1.25,-0.07999999999999996,21.0,-51.0,0,0,0,1,MIXED,MIXED
2021-06-01,0.4130516583105123,0.0981319036658886,-0.3053829308109191,0.32627069169022377,0.04489756336305016,-0.1827430788650627,1.0608101762732154,-0.44419309117617706,-1.1199951171875142,-0.04999999999999993,20.0,-41.0,0,0,0,1,MIXED,MIXED
2021-06-02,0.4315633204192495,0.10330064585079557,-0.30855323832925313,0.3284656523837894,0.06134461330560662,-0.18826636604508726,1.0572911466307608,-0.3502216662500862,-1.3899993896484375,-0.039999999999999925,23.0,-45.0,0,0,0,1,MIXED,MIXED
2021-06-03,0.42504996931772654,0.01782131726330012,-0.23361970228692674,0.32281471804097145,0.04028079108071402,-0.16567913102741558,1.0283138982703024,-0.3815621357731931,-0.8099975585937642,0.08999999999999997,24.0,-7.0,0,0,0,1,MIXED,MIXED
2021-06-04,0.36436030691600957,-0.035247067481124515,-0.19381956942549106,0.3048916799148406,0.024373493650324568,-0.14819247083273102,1.0383826511481962,-0.424347429482677,-0.8099975585937642,0.030000000000000027,27.0,1.0,0,0,0,1,MIXED,MIXED
2021-06-07,0.3429629908962747,-0.04643928139030249,-0.1726004447547909,0.27407579666984755,0.005150168146567474,-0.11478696139100537,1.0583730074175932,-0.5359285246240427,-0.28000640869140625,0.07000000000000006,15.0,-12.0,0,0,0,1,MIXED,MIXED
2021-06-08,0.3237352379880938,-0.054637533740399785,-0.16987789524674926,0.27222660617714123,0.004122342180104506,-0.1055223494531366,1.0616753582491063,-0.5121167501965471,-0.12999725341798296,0.08000000000000007,13.0,-8.0,0,0,0,1,MIXED,MIXED
2021-06-09,0.3072975423112775,-0.0758699029900344,-0.15425654274298742,0.2752211800160489,-0.0011625471637733064,-0.10215759095754211,1.1535399057295637,-0.41765260515869873,-0.01999664306639204,0.07000000000000006,14.0,-9.0,0,0,0,1,MIXED,MIXED
2021-06-10,0.30441129436206554,-0.07703049794952968,-0.1519591507921379,0.28728673767463503,0.002191275878035931,-0.09589814989043396,1.0644587197822513,-0.29204020137879,-0.629997253417983,-0.050000000000000044,21.0,10.0,0,0,0,1,MIXED,MIXED
2021-06-11,0.30925887269435337,-0.1049663883944978,-0.12433482040236712,0.2783231351251855,0.014336949442896365,-0.09700005682369091,1.0663689313665279,-0.2864155510728966,-0.1900024414062358,0.0,21.0,2.0,0,0,0,1,MIXED,MIXED
2021-06-14,0.37566494530251837,-0.11830289390269004,-0.23222033062749445,0.2850734805764516,0.005875425065753225,-0.09561958383657146,1.1087152251236347,-0.21530434361209022,0.1999969482421875,0.030000000000000027,28.0,18.0,0,0,0,1,MIXED,MIXED
2021-06-15,0.36839361589659925,-0.12970449931846134,-0.233429860900949,0.2884407533065535,-0.0025997216691942848,-0.09225662481809033,1.0110097392553545,-0.07463794551257932,0.31999969482421875,0.030000000000000027,38.0,16.0,0,0,0,1,MIXED,MIXED
2021-06-16,0.34107254006252197,-0.10516314298915369,-0.23268020333103112,0.28707360914776126,0.011859872529804805,-0.10179870360396037,1.0244521880555915,-0.11241304302409512,1.3799972534179545,0.13,33.0,11.0,0,0,0,1,MIXED,MIXED
2021-06-17,0.3732955219741729,-0.11371172599748502,-0.2178623877884208,0.2782192942833456,-0.03014541165572077,-0.09453459977598888,0.8839249730712241,0.02800927254012256,1.6999969482422017,0.050000000000000044,26.0,-1.0,0,0,0,1,MIXED,MIXED
2021-06-18,0.3890185999682978,-0.10191045456123766,-0.2409737220390889,0.2844401336360871,-0.02343695451911032,-0.10453969470800248,0.836264534186434,-0.13066733497557395,2.4200057983398438,-0.010000000000000009,25.0,4.0,0,0,0,1,MIXED,MIXED
2021-06-21,0.3274373163485853,-0.18865290473794022,-0.1403165852812575,0.2599828340227626,-0.05410222697206497,-0.07271171223479389,0.8835710221472858,-0.16353790849096272,1.8400039672851562,0.050000000000000044,23.0,3.0,0,0,0,1,MIXED,MIXED
2021-06-22,0.37037277757138726,-0.1934265021339349,-0.15170417455069185,0.2612976684990973,-0.04403962133735351,-0.07765490673698647,0.8772805383618621,-0.1745798893471229,1.9000015258789062,0.0,10.0,-13.0,0,0,0,1,MIXED,MIXED
2021-06-23,0.3713028495442634,-0.1929830257089068,-0.14360643849876953,0.2617045070674974,-0.04452320779514723,-0.0757745470432077,0.8913116701415268,-0.1299344316104855,2.160003662109361,0.020000000000000018,14.0,-10.0,0,0,0,1,MIXED,MIXED
2021-06-24,0.22945781858226552,-0.2722190236961701,-0.04878613409273895,0.2673977979093636,-0.032411559051357536,-0.07615084095617987,0.8933260732031967,-0.12542029756561068,1.779998779296875,0.009999999999999898,22.0,-5.0,0,0,0,1,MIXED,MIXED
2021-06-25,0.23770606194979663,-0.29174030510703897,-0.042071880218641076,0.2733618243556864,-0.02247384036328264,-0.09306053630946878,0.9396688778746924,-0.19466777046833844,1.8399963378906392,0.010000000000000009,27.0,12.0,0,0,0,1,MIXED,MIXED
2021-06-28,0.28212077668681645,-0.29128775247535404,-0.02496237590084311,0.28160285528172857,-0.02228737690805155,-0.0898681907546726,0.9630959461928975,-0.03602940854241943,1.8499984741210795,0.0,25.0,12.0,0,0,0,1,MIXED,MIXED
2021-06-29,0.23510443369409245,-0.2413946694727487,-0.05082156920375386,0.2850978063479006,-0.04160358104424057,-0.07259899418160168,0.9693464812258944,-0.022526603614461363,2.220001220703111,0.010000000000000009,25.0,11.0,0,0,0,1,MIXED,MIXED
2021-06-30,0.24016717042666363,-0.244445550437148,-0.0696946576893562,0.2814145615043216,-0.03528548936220226,-0.08357959338189182,0.9677248325733961,-0.06982959528262773,2.5400009155273295,-0.020000000000000018,28.0,7.0,0,0,0,1,MIXED,MIXED
2021-07-01,0.2277968033785424,-0.25498835032452727,0.01894197588332302,0.27658878759025096,-0.044243138259128324,-0.07928099398768254,0.9615971470692773,-0.15520445783487236,2.0999984741210938,-0.07999999999999996,28.0,7.0,0,0,0,1,MIXED,MIXED
2021-07-02,0.11746125904270775,-0.3017766808106925,0.10593410240810938,0.2753733236458336,-0.04161979945022003,-0.08207640154329704,0.9433191896509275,-0.08473204965430692,2.0900039672851562,-0.050000000000000044,21.0,-7.0,0,0,0,1,MIXED,MIXED
2021-07-06,0.056229185921227186,-0.2928492691041599,0.14041927336013263,0.2579918589404614,-0.06464074267590494,-0.08194849746454347,0.8845104710423153,0.0198982685556812,2.600006103515611,-0.12,20.0,-18.0,0,0,0,1,MIXED,MIXED
2021-07-07,0.009756675134041852,-0.30643476723257296,0.16930635125158544,0.2593355250038896,-0.07647767560640849,-0.07828671578652961,0.8854425194374638,0.011368216968837717,2.559997558593764,-0.12,28.0,-5.0,0,0,0,1,MIXED,MIXED
2021-07-08,0.033687248483648534,-0.3118793639064503,0.18463582424592942,0.23514905658341761,-0.07232693619568138,-0.07827695870170832,0.796041227345318,-0.12741766395126403,2.239997863769517,-0.10000000000000009,20.0,-6.0,0,0,0,1,MIXED,MIXED
2021-07-09,0.04805825675303468,-0.2981678261330153,0.14282826459962505,0.23531324069407103,-0.067209330511397,-0.08759385141839643,0.8033945910676432,-0.08244555751026247,2.0499954223632812,-0.010000000000000009,20.0,-5.0,0,0,0,1,MIXED,MIXED
2021-07-12,0.04405399801038266,-0.2965357870615262,0.1372858535525327,0.270894637281946,-0.052800584775014585,-0.09386950728527708,0.8011338307047904,-0.11869601083379809,1.6700057983398295,-0.09999999999999998,25.0,2.0,0,0,0,1,MIXED,MIXED
2021-07-13,0.040823332743176254,-0.2810290481219437,0.1237234388587469,0.2626038191580864,-0.06355002238462923,-0.08166990682724812,0.7458898617806816,-0.20688949148017133,2.2300033569335938,-0.08999999999999997,20.0,10.0,0,0,0,1,MIXED,MIXED
2021-07-14,0.04764716572617453,-0.26566218836304634,0.1350483146584117,0.2609078833730082,-0.06086357017482629,-0.08653570898780316,0.7456477682366403,-0.20787534497126803,1.8700027465820312,-0.09999999999999998,21.0,7.0,0,0,0,1,MIXED,MIXED
2021-07-15,0.07352193938590894,-0.28355812483390574,0.12878961039508424,0.31347485908387734,-0.03996525528461266,-0.10811960422595428,0.734589076200225,-0.18781778173196642,1.490005493164091,-0.26,20.0,-2.0,0,0,0,1,MIXED,MIXED
2021-07-16,0.14695099002677214,-0.2323769898404542,0.07885134757308616,0.2940372513287165,-0.070370979304634,-0.09592067083575728,0.7345917735469857,-0.1914995518027837,0.8000030517577983,-0.27,22.0,-5.0,0,0,0,1,MIXED,MIXED
2021-07-19,0.24773605605571472,-0.19454473299183636,0.021247966331782282,0.2964766171106581,-0.07435597644895224,-0.09416647747519072,0.7112569343889681,-0.14949809106923614,0.6599960327148438,-0.26,24.0,-1.0,0,0,0,1,MIXED,MIXED
2021-07-20,0.23135178694257758,-0.16451026861648307,-0.0434582266217797,0.2735857615130985,-0.0716055077046209,-0.08546096469973119,0.5865746936633137,-0.060826256451267824,1.1100006103515625,-0.28,19.0,-6.0,0,0,0,1,MIXED,MIXED
2021-07-21,0.27659439971900646,-0.17069906603957793,-0.09943351037376608,0.2838276207547654,-0.08002842651323278,-0.09772272174440788,0.6385199027436527,-0.012225131703728825,1.0199966430664062,-0.15000000000000002,10.0,-18.0,0,0,0,1,MIXED,MIXED
2021-07-22,0.3403700173213957,-0.18083674764370214,-0.09513528089460654,0.289959484212034,-0.07759109974500027,-0.09542632907454514,0.6245940343675654,-0.042708017977172365,1.0199966430664205,-0.17000000000000004,21.0,-7.0,0,0,0,1,MIXED,MIXED
2021-07-23,0.3792905862527993,-0.17841801887550637,-0.09939176894593532,0.296790003686777,-0.08194306706284338,-0.09303930081942478,0.6322996095874616,-0.031679775562911135,1.0900039672851562,-0.24,23.0,2.0,0,0,0,1,MIXED,MIXED
2021-07-26,0.32871006268211506,-0.15972748225275218,-0.2009506413776087,0.28577362639615683,-0.09619578942325058,-0.09914609884854486,0.6478744181021214,0.1656471712572921,0.840003967285142,-0.31000000000000005,26.0,6.0,0,0,0,1,MIXED,MIXED
2021-07-27,0.20238302339767247,-0.1200913587097335,-0.22003017638669922,0.2716031530820431,-0.09590758177250898,-0.10495430303002516,0.6097792164112238,0.13488777432085167,0.5500030517578267,-0.2899999999999999,32.0,4.0,0,0,0,1,MIXED,MIXED
2021-07-28,0.21767066228656387,-0.10983824307920752,-0.22433544914758152,0.27226794957727923,-0.0947081482737951,-0.1070008028922358,0.5980223452487942,0.10893777971316729,0.26999664306642046,-0.31999999999999995,50.0,30.0,0,0,0,1,MIXED,MIXED
2021-07-29,0.20194955292589403,-0.19556724546077156,-0.1571464613693103,0.292735995838667,-0.09675708126944696,-0.1135063139071723,0.5892199253339124,0.13257585637961608,-0.5800018310546733,-0.2799999999999999,50.0,30.0,0,0,0,1,MIXED,MIXED
2021-07-30,0.1600575154277657,-0.36933391221890893,-0.10962987475092216,0.28349296164938564,-0.10752854587660872,-0.10409765942545034,0.5821745976420998,0.22956633263310908,-0.43000030517576704,-0.2899999999999999,53.0,28.0,0,0,0,1,MIXED,MIXED
2021-08-02,0.1010535314368307,-0.40441355120679595,-0.022738365724571677,0.2742831661804375,-0.10079094821767613,-0.09292953814078311,0.653943060894418,0.1453984731239962,-0.18000030517579546,-0.2799999999999999,48.0,28.0,0,0,0,1,MIXED,MIXED
2021-08-03,0.1932110432261289,-0.26081854620045447,-0.18499419402079284,0.2715154157477031,-0.10199750103013604,-0.0898948482448521,0.6645236113082785,0.10834966206880696,-0.470001220703125,-0.25,48.0,27.0,0,0,0,1,MIXED,MIXED
2021-08-04,0.1802560868912066,-0.25044574726580604,-0.15399927630264112,0.2575796015014738,-0.1071334807552631,-0.07895887656462781,0.6725487970144973,0.1604506533575846,-0.37000274658203125,-0.20999999999999996,42.0,22.0,0,0,0,1,MIXED,MIXED
2021-08-05,0.19382561818051303,-0.2572482213669182,-0.16324042002144942,0.27218582082609194,-0.09565855077203111,-0.08621053016306453,0.6615506786775625,0.21760078926679546,-0.12000274658204546,-0.18000000000000005,50.0,28.0,0,0,0,1,MIXED,MIXED
2021-08-06,0.15542593464043394,-0.29648136484590476,-0.08504064967874303,0.2656509594094225,-0.11535010800863156,-0.07084731893492537,0.6707569801130655,0.23652156644533845,0.6700057983398438,-0.15000000000000002,52.0,28.0,0,0,0,1,MIXED,MIXED
2021-08-09,0.14669800280990422,-0.36919071780217017,-0.07852249425983553,0.26519215611311814,-0.15242134783120836,-0.06080576134378518,0.6996962948860166,0.3353344409996425,0.719993591308608,-0.09000000000000008,65.0,46.0,0,0,0,1,MIXED,MIXED
2021-08-10,0.09443601772773597,-0.3979969601387247,-0.09623651984202024,0.2693091828921673,-0.15635606617004694,-0.060968293504213095,0.7015370336414893,0.3321423860328349,0.3099975585937642,-0.10000000000000009,71.0,61.0,0,0,0,1,MIXED,MIXED
2021-08-11,0.092193365797966,-0.3680770443731016,-0.10618293198347387,0.27310125476581,-0.15283875010887238,-0.06110619540742836,0.7024493206740017,0.3286585467687454,0.5,-0.10000000000000009,70.0,49.0,0,0,0,1,MIXED,MIXED
2021-08-12,0.07054435926040734,-0.3544482407473849,-0.0826752242073824,0.27093812041168774,-0.15120947690898748,-0.06549391884833093,0.6972225329746516,0.33501626158138725,0.4199981689452983,-0.040000000000000036,70.0,47.0,0,0,0,1,MIXED,MIXED
2021-08-13,0.07149394295832556,-0.21895060557506657,-0.1559098733374022,0.26653164623880193,-0.12365108611408596,-0.08819711157976909,0.7152287721318747,0.41939227215879094,-0.17000579833982954,-0.06000000000000005,70.0,44.0,0,0,0,1,MIXED,MIXED
2021-08-16,0.0877413082504667,-0.23851936231826865,-0.1750547911854298,0.2612534769704308,-0.14006769753078877,-0.07996347789553694,0.7313210835080572,0.40064539365141577,-0.26000213623048296,-0.050000000000000044,72.0,40.0,0,0,0,1,MIXED,MIXED
2021-08-17,0.12710454481400665,-0.2315517122970327,-0.2228045649071702,0.26546901831700725,-0.13914125328685842,-0.08755562322828055,0.7273641396617431,0.4051147503510408,0.15999603271482954,-0.040000000000000036,72.0,22.0,0,0,0,1,MIXED,MIXED
2021-08-18,0.13152819020303244,-0.22568423381972255,-0.21927499879586115,0.2663671880168544,-0.13477114055247116,-0.08706274390457512,0.7020217795782603,0.3330455446441208,0.3899993896484375,-0.07000000000000006,73.0,23.0,0,0,0,1,MIXED,MIXED
2021-08-19,0.10599962784155101,-0.23592715888183186,-0.21671608114845017,0.25491874040670476,-0.15011209025442043,-0.06124845289442607,0.706190002782176,0.36864760909430055,0.75,-0.030000000000000027,70.0,17.0,0,0,0,1,MIXED,MIXED
2021-08-20,0.1433387475022459,-0.23489344031128032,-0.2182728023809073,0.26785382102873595,-0.14934718415639367,-0.06482762407599305,0.7141044176811872,0.3847415738062492,0.589996337890625,0.040000000000000036,70.0,22.0,0,0,0,1,MIXED,MIXED
2021-08-23,0.12638792167641788,-0.2415305061435755,-0.18490841803061575,0.2672200668556484,-0.15104603056587118,-0.06607567846943192,0.6413788643314824,0.282905401805387,0.30999755859375,0.09000000000000008,79.0,31.0,0,0,0,1,MIXED,MIXED
2021-08-24,0.08715800481751303,-0.23199498992323317,-0.13982660711524614,0.26294703489270893,-0.14693396175469142,-0.06616690898378202,0.6481976055649284,0.1911176539864011,0.45999908447265625,0.11999999999999988,79.0,37.0,0,0,0,1,MIXED,MIXED
2021-08-25,0.08518893588651782,-0.2348481600114863,-0.1561063562070959,0.24467181211401356,-0.16151927144452963,-0.1045016563119842,0.6504780123662592,0.202242649420375,0.5100021362304545,0.1499999999999999,73.0,23.0,0,0,0,1,MIXED,MIXED
2021-08-26,0.0895239097790125,-0.2385208133176117,-0.16324281260417073,0.25594149586247794,-0.16367930748246423,-0.11147216375780708,0.6746334504695486,0.1598274782674034,1.1999969482422017,0.15999999999999992,75.0,23.0,0,0,0,1,MIXED,MIXED
2021-08-27,0.09849266456439243,-0.20947012512835134,-0.1856305228572306,0.2805172193167536,-0.13318307575277563,-0.12566103040878465,0.6668001848211081,0.14975467791705177,0.5200042724609091,0.07999999999999985,71.0,6.0,0,0,0,1,MIXED,MIXED
2021-08-30,0.01294998304865357,-0.17559730348963418,-0.15872441740922574,0.2632460449284122,-0.1348071823564202,-0.12002220469659651,0.624225183894005,0.18259042736846712,0.599998474121108,0.08999999999999986,73.0,2.0,0,0,0,1,MIXED,MIXED
2021-08-31,0.0925682192566423,-0.18695952889170836,-0.1492487423497231,0.2707608780303689,-0.1360839689591217,-0.12603190389241503,0.610840045811098,0.21208399043233098,0.5499954223632812,0.15999999999999992,73.0,3.0,0,0,0,1,MIXED,MIXED
2021-09-01,0.04696759113400964,-0.17129320260414033,-0.12715264481156646,0.2640357308565972,-0.1403979918069397,-0.12846413801027165,0.6074603496652289,0.20614647958187177,0.18000030517579546,0.1299999999999999,71.0,1.0,0,0,0,1,MIXED,MIXED
2021-09-02,0.049084416098783404,-0.16869457863336879,-0.12160841885061685,0.26688212900838815,-0.13988613477926287,-0.13111680108938656,0.6040975160776884,0.18810084699879653,-0.00999450683592329,0.07000000000000006,74.0,4.0,0,0,0,1,MIXED,MIXED
2021-09-03,0.022847069891304212,-0.1576356051147556,-0.13053344973036923,0.26722158335751844,-0.1343904593557439,-0.1343124617331167,0.5892079926529389,0.15560683437856776,-0.7600021362304545,0.050000000000000044,74.0,2.0,0,0,0,1,MIXED,MIXED
2021-09-07,0.03968782072489113,0.009525047400516911,-0.17383554344710597,0.2664404764401099,-0.0994948536104208,-0.15243185401711365,0.5814083915514907,0.009567429834674873,-0.43000030517579546,0.06000000000000005,79.0,7.0,0,0,0,1,MIXED,MIXED
2021-09-08,0.15441256694944763,0.006482418832995346,-0.15492596814265158,0.2916566924206899,-0.09304772008257027,-0.19562822808932526,0.5808711489328898,0.011046777654292086,-0.40999603271485796,0.010000000000000009,47.0,-26.0,0,0,0,1,MIXED,MIXED
2021-09-09,0.14727363341492175,0.002396341442930859,-0.15181297391180826,0.2902857163791195,-0.09081346511291276,-0.19967493368091888,0.5812302528706896,0.017346407615904048,-0.43000030517578125,-0.010000000000000009,45.0,-25.0,0,0,0,1,MIXED,MIXED
2021-09-10,0.18767084802381256,0.022447834991367252,-0.1732469611766337,0.2720536387922674,-0.1004992717185235,-0.18820772391068116,0.5858809105284245,0.010202974515638744,-0.45999908447267046,0.0,46.0,-24.0,0,0,0,1,MIXED,MIXED
2021-09-13,0.25685593896437087,0.05859793339844413,-0.2311319064796354,0.2856358054451713,-0.1095056109488367,-0.19069950989185844,0.5233074386408296,-0.061044307316802285,0.10000610351563921,0.040000000000000036,44.0,-35.0,0,0,0,1,MIXED,MIXED
2021-09-14,0.22984287138162182,0.08178306707310774,-0.280308506698266,0.2775596382274743,-0.09604048080237645,-0.1955924001104138,0.5333821226281914,0.023374708626671244,0.02000427246095171,0.050000000000000044,30.0,-49.0,0,0,0,1,MIXED,MIXED
2021-09-15,0.26915997041305895,0.07167541031961677,-0.2895004267751257,0.2784449465509827,-0.10467941472300725,-0.19532926949809165,0.5266116183922728,0.07499850897576757,-0.6399993896484375,0.030000000000000027,49.0,-24.0,0,0,0,1,MIXED,MIXED
2021-09-16,0.2692429955189308,0.09439998785372462,-0.32527644103489195,0.2791165816965014,-0.09489277202332813,-0.1965404329205235,0.528225267668639,0.0644428028898169,-0.279998779296875,0.040000000000000036,53.0,-22.0,0,0,0,1,MIXED,MIXED
2021-09-17,0.26509366742881135,0.10163258739094573,-0.3323701014249138,0.2801486992665812,-0.09499933150492673,-0.19625509534951155,0.5108136934232187,0.011702869848189213,-0.37000274658201704,0.08000000000000007,48.0,-23.0,0,0,0,1,MIXED,MIXED
2021-09-20,0.47509794067362937,0.13336720674966585,-0.4070732803806035,0.24228858316712906,-0.15153865914007,-0.14451731080027957,0.5766831597769123,-0.14115744405415998,-0.26000213623048296,0.030000000000000027,50.0,-23.0,0,0,0,1,MIXED,MIXED
2021-09-21,0.46507108639058253,0.2750162994262945,-0.4590894808830505,0.23832791815167367,-0.16097013756907988,-0.1412832900396829,0.5948872723994482,-0.19683183276256505,0.23999786376954546,0.06000000000000005,27.0,-46.0,0,0,0,1,MIXED,MIXED
2021-09-22,0.5020366183449588,0.2264669653156524,-0.3675521128101813,0.26156201828197706,-0.167594409750306,-0.12720034629704569,0.6434531738683412,-0.09058733643483234,0.5699996948242188,0.050000000000000044,21.0,-50.0,0,0,0,1,MIXED,MIXED
2021-09-23,0.5167696405033372,0.18818597356984285,-0.38918573911963056,0.2572896497404146,-0.13918573766621475,-0.1552499477381559,0.6459158398647334,-0.08669114936203716,0.26999664306642046,0.09999999999999998,27.0,-47.0,0,0,0,1,MIXED,MIXED
2021-09-24,0.5217349813271492,0.19140470377573232,-0.4020187797073934,0.25663058858106746,-0.136910881074356,-0.1707623847455484,0.6496219598598545,-0.09145104719953713,0.2700042724609091,0.12,33.0,-41.0,0,0,0,1,MIXED,MIXED
2021-09-27,0.5557539145232416,0.09087889513352891,-0.3178653551409682,0.26428142854622855,-0.1392458008789835,-0.12872034999540055,0.6254489210450712,-0.14975033102528532,0.6899948120117188,0.21000000000000008,26.0,-53.0,0,0,0,1,MIXED,MIXED
2021-09-28,0.5269241529787768,0.13576439615520922,-0.3309719806717592,0.23102443510425086,-0.14902089250177952,-0.10422795625926529,0.618130567288272,-0.13690257482876944,1.1199951171875,0.2400000000000001,25.0,-22.0,0,0,0,1,MIXED,MIXED
2021-09-29,0.5126710948636293,0.1289892909906616,-0.25956220391692825,0.21886157529634168,-0.14965961669056652,-0.08530867316327585,0.621146790684907,-0.12644472187292904,1.7099990844726705,0.21000000000000008,24.0,-21.0,0,0,0,1,MIXED,MIXED
2021-09-30,0.48478979157009794,0.2116033287073612,-0.2721994001185588,0.1972832279783815,-0.12094161286932642,-0.08372770759391211,0.6381570633123617,-0.10926761554278211,1.8000030517577983,0.18000000000000005,20.0,-26.0,0,0,0,1,MIXED,MIXED
2021-10-01,0.506741676073069,0.22939731676086145,-0.38029561863990147,0.2135688942367106,-0.10844171542728742,-0.104600546213507,0.7245665667580381,-0.02485192139967378,1.80999755859375,0.13,27.0,-17.0,0,0,0,1,MIXED,MIXED
2021-10-04,0.403124106984418,0.23864526039697018,-0.3857461256162308,0.18901613767474598,-0.10495072961562567,-0.11598787983187626,0.7266194275304247,-0.018408599554438684,1.7699966430664205,0.12,54.0,24.0,0,0,0,1,MIXED,MIXED
2021-10-05,0.44789569910634786,0.21891560247481626,-0.3791198955989357,0.20160338854774404,-0.10841345509255841,-0.11320261655702632,0.7039679499883077,0.09574841587738414,1.4600067138671875,0.06999999999999995,59.0,10.0,0,0,0,1,MIXED,MIXED
2021-10-06,0.4884546078177682,0.23473254770462243,-0.32379071187410663,0.21129321600424905,-0.09217707645364324,-0.09787420298708685,0.7365514182743447,0.18325731082768593,1.6199951171875,0.13,68.0,15.0,0,0,0,1,MIXED,MIXED
2021-10-07,0.4426062989592833,0.2602368812311965,-0.3051851249331659,0.20069375675484516,-0.08673500006161439,-0.09024935843726328,0.7480097119597204,0.1482701259603867,1.7399978637695312,0.20000000000000007,76.0,28.0,0,0,0,1,MIXED,MIXED
2021-10-08,0.4322177353382278,0.2728819141947221,-0.28232634546548546,0.20007540570447133,-0.09027849721627014,-0.09031428687307273,0.7337100791014506,0.18430907334902025,1.4899978637695455,0.16000000000000003,74.0,24.0,0,0,0,1,MIXED,MIXED
2021-10-12,0.42292639048856095,0.18804204478355588,-0.2276101115703369,0.2353295755844094,-0.05742445068800893,-0.1315440739676644,0.7563186869041797,0.17397102448006269,1.8699951171875,0.15000000000000002,78.0,57.0,0,0,0,1,MIXED,MIXED
2021-10-13,0.42895729660404874,0.20334766075201968,-0.24020903550042494,0.2583321712743986,-0.03375741807896046,-0.16372186541426773,0.7566171603015455,0.17519523798203723,1.5900039672851562,0.08000000000000007,70.0,43.0,0,0,0,1,MIXED,MIXED
2021-10-14,0.3883807666038092,0.20148576149243239,-0.21865981362400622,0.24934083147168828,-0.035022041495913835,-0.16169216419459193,0.7550612284406909,0.1819987317160779,1.0999984741210938,0.010000000000000009,70.0,37.0,0,0,0,1,MIXED,MIXED
2021-10-15,0.4005878602469803,0.10231632720372462,-0.22666525589230196,0.26756484136737424,-0.06072152432329178,-0.16822063531179574,0.7813195019609083,0.264740269799935,0.7400054931640341,-0.010000000000000009,71.0,45.0,0,0,0,1,MIXED,MIXED
2021-10-18,0.39431149301857793,0.09858624206331171,-0.22535333228678595,0.2731077434656114,-0.05757252263335056,-0.17040509550392252,0.6688255431716538,0.3699939495026736,0.7099990844726847,0.030000000000000027,78.0,53.0,0,0,0,1,MIXED,MIXED
2021-10-19,0.4314611918912039,-0.014154244566333933,-0.1538635513555475,0.27661193452418636,-0.05101000254687944,-0.18254000840424875,0.6200448979064104,0.45689566102650014,0.590003967285142,0.06999999999999995,75.0,51.0,0,0,0,1,MIXED,MIXED
2021-10-20,0.42447189126751744,-0.006668846293502093,-0.1567988465494637,0.2658743087344375,-0.03498748124038619,-0.1841042901760229,0.5978137784384613,0.4150738935717528,0.09999847412110796,0.039999999999999925,82.0,62.0,0,0,0,1,MIXED,MIXED
2021-10-21,0.3709370698734547,2.2057923853108143e-05,-0.1927412163584437,0.25261548494263625,-0.03389108248159671,-0.19194219581977595,0.6569321963717059,0.326189916157799,0.6699981689453125,-0.05999999999999994,84.0,57.0,0,0,0,1,MIXED,MIXED
2021-10-22,0.36700152003100117,-0.03876066499954689,-0.16106604568369254,0.25549138985290365,-0.06903690939494922,-0.16073793733326777,0.634161597132858,0.34834986036496957,0.2799987792968892,-0.10999999999999999,75.0,21.0,0,0,0,1,MIXED,MIXED
2021-10-25,0.37749919581373687,-0.019350434858833428,-0.14475417153249426,0.2661781275002546,-0.08033557932841315,-0.1521782601762727,0.6270279393441116,0.4005001007661441,0.43000030517580967,-0.15000000000000002,72.0,13.0,0,0,0,1,MIXED,MIXED
2021-10-26,0.385784245874132,-0.004907925821617418,-0.1574919137880667,0.24909462139476937,-0.08103255260168045,-0.1381447438703367,0.6431016677303242,0.38597524761282365,0.18000030517579546,-0.22000000000000008,76.0,8.0,0,0,0,1,MIXED,MIXED
2021-10-27,0.37755023908701485,-0.006318721942465049,-0.13077939951869985,0.2926263246166229,-0.03610492215744591,-0.196685133749523,0.66673063621828,0.3414824789345686,-0.4799957275390625,-0.29000000000000015,73.0,-3.0,0,0,0,1,MIXED,MIXED
2021-10-28,0.3933363306900744,-0.045469308600325026,-0.154143289854243,0.297191395016995,-0.03364920300416626,-0.20503233660754147,0.6582662388670681,0.3252342104044287,-0.9000015258789062,-0.15000000000000002,66.0,-8.0,0,0,0,1,MIXED,MIXED
2021-10-29,0.3885764074194916,-0.06476335320068424,-0.0873154533847163,0.2986450992089253,-0.038393721605186004,-0.18313240159414004,0.5958798122252038,0.25717016697830253,0.08000183105470171,-0.05999999999999994,70.0,-1.0,0,0,0,1,MIXED,MIXED
2021-11-01,0.23941846428010316,-0.009233678196139372,-0.06731906962686311,0.28986492833155303,-0.04241311717095247,-0.17496403991586998,0.6056409043788147,0.21682431803201205,0.06999969482419033,-0.030000000000000027,74.0,-4.0,0,0,0,1,MIXED,MIXED
2021-11-02,0.25275434764528426,0.030334014699514078,-0.06979113993217223,0.29538630012835254,-0.03475395339404714,-0.17760941135877764,0.5978145780202386,0.20485258484580082,0.10999298095703125,-0.039999999999999925,73.0,3.0,0,0,0,1,MIXED,MIXED
2021-11-03,0.20690193071210808,0.07274744636495178,-0.09842158579678141,0.27418496745771415,-0.03175254347774833,-0.1811972584911089,0.555190551192137,0.12877567785133992,-0.40999603271484375,-0.030000000000000027,76.0,6.0,0,0,0,1,MIXED,MIXED
2021-11-04,0.17239478277688053,0.05361883189875607,-0.12377748877372409,0.2646951353627018,-0.030982549037879475,-0.19854695086797877,0.5521124893853933,0.1328754379300769,0.12999725341796875,-0.15000000000000002,73.0,2.0,0,0,0,1,MIXED,MIXED
2021-11-05,0.16663574729320013,0.015010671428375436,-0.09077284669320862,0.2624096737176175,-0.03102084661266886,-0.18913767490371144,0.5535552663854038,0.12454354799794116,0.25,-0.20000000000000007,73.0,-5.0,0,0,0,1,MIXED,MIXED
2021-11-09,0.030963295079597507,-0.02765843259557928,-0.10262939043677168,0.2591897877951363,-0.017431472456883198,-0.20356392460956865,0.6043792237519438,0.17818744396260267,-0.55999755859375,-0.2699999999999999,84.0,2.0,0,0,0,1,MIXED,MIXED
2021-11-10,0.11200684501545685,-0.07197838848936947,-0.1934098669102604,0.2728354726401363,-0.03095137378837343,-0.22493434594621137,0.6161288651328607,0.12425046372567379,0.7699966430664205,-0.17999999999999994,75.0,-9.0,0,0,0,1,MIXED,MIXED
2021-11-12,0.08208295435854755,-0.1697263897845265,-0.14627208287366045,0.2561681281700473,-0.03256999645315206,-0.23675692463486359,0.5701477114698136,0.04075306542699768,1.1899948120117188,-0.17999999999999994,74.0,2.0,0,0,0,1,MIXED,MIXED
2021-11-15,0.1400339000478395,-0.16527465913810946,-0.1497348675051054,0.2526766351125185,-0.03359045083505069,-0.2356849740437517,0.5711647523814254,0.02439593514238406,1.4600067138671733,-0.17999999999999994,72.0,-4.0,0,0,0,1,MIXED,MIXED
2021-11-16,0.0629982830186501,-0.05986224509354233,-0.22796286972897162,0.2369191456390152,-0.018757464826645854,-0.2553390436261618,0.588277674989927,-0.06593996276969927,2.129997253417983,-0.21000000000000008,71.0,-2.0,0,0,0,1,MIXED,MIXED
2021-11-17,0.05335670997056529,-0.07060150106046922,-0.28709202531733247,0.2346538680218114,-0.01893920538245914,-0.24962468753675124,0.5788418240306089,-0.08908683238950126,2.270004272460909,-0.18000000000000005,52.0,-14.0,0,0,0,1,MIXED,MIXED
2021-11-18,0.07000583908327425,-0.05786995920415398,-0.22618527661768553,0.22370997755466485,-0.010360843694382957,-0.22825958473896463,0.5781277419431656,-0.08848291440208098,1.7700042724609375,-0.17999999999999994,54.0,-16.0,0,0,0,1,MIXED,MIXED
2021-11-19,0.07439105180110711,-0.07666483862822392,-0.19629681300680518,0.21697815555390426,-0.01395898811418614,-0.21314068410064355,0.5792855405868252,-0.04331369027307054,2.4599990844726562,-0.13000000000000012,34.0,-40.0,0,0,0,1,MIXED,MIXED
2021-11-22,0.2140298981142479,0.03709832868208771,-0.26188654559801,0.22606983061525732,0.008966171044957031,-0.22338982034541785,0.568705467945383,-0.11326238764902599,2.690002441406236,0.040000000000000036,50.0,-23.0,0,0,0,1,MIXED,MIXED
2021-11-23,0.17511957225424543,0.024440055714214384,-0.2584627656834398,0.2152632197355992,0.0056768850997632155,-0.2208636094633534,0.5592426102551318,-0.04740395344475093,2.5400009155273153,0.1100000000000001,33.0,-43.0,0,0,0,1,MIXED,MIXED
2021-11-24,0.1582737321181782,-0.01765204128064152,-0.24877970855953682,0.23524740983294296,0.004976936022076989,-0.22684124573667724,0.5541344082984454,-0.03837882954570693,2.9799957275390625,0.14000000000000012,42.0,-31.0,0,0,0,1,MIXED,MIXED
2021-11-26,0.2677776745128444,-0.009539840418826452,-0.12466449701504155,0.2508922879496117,0.015489964223102375,-0.16543828922715476,0.5592742226749543,-0.12367528399423286,2.7399978637695312,-0.07000000000000006,47.0,-26.0,0,0,0,1,MIXED,MIXED
2021-11-29,0.3592860398815034,0.11608777717888533,-0.07339455444743524,0.2794527580972813,0.012504871168810288,-0.14962841890538475,0.6191866736680391,-0.07370211939585192,2.2199935913085795,-0.06000000000000005,33.0,-42.0,0,0,0,1,MIXED,MIXED
2021-11-30,0.35352246008197413,0.12678634636160438,-0.058850259844848526,0.27700074472313946,0.019685635047249357,-0.14348394613599286,0.6175787462416994,-0.06779964272205911,2.1100006103515625,-0.15000000000000002,40.0,-44.0,0,0,0,1,MIXED,MIXED
2021-12-01,0.3023432671397516,0.11805676605493717,-0.03836958670817478,0.2806087218172951,0.0273957290409587,-0.12158317659737555,0.6017570065059327,-0.09964673933568936,1.9600067138671733,-0.06000000000000005,34.0,-41.0,0,0,0,1,MIXED,MIXED
2021-12-02,0.2986235634963527,0.09371120886209341,-0.014826227705810486,0.2996090755901525,0.027660796474297245,-0.11156345059302394,0.6024155291295034,-0.10881123582728236,2.269996643066392,-0.09999999999999998,32.0,-45.0,0,0,0,1,MIXED,MIXED
2021-12-03,0.39480633707395474,0.039868232599277416,0.013830249684633197,0.3205105659209887,0.00987278872370495,-0.10635705301813005,0.6209578620352207,-0.1367437872380151,1.7700042724609517,-0.050000000000000044,31.0,-43.0,0,0,0,1,MIXED,MIXED
2021-12-06,0.32779342942435863,0.06715551059535181,-0.008994497527368315,0.29908400171162924,0.015141761256587428,-0.11473789271899147,0.6455092333131898,-0.18932386558133493,1.970001220703125,0.08000000000000007,16.0,-56.0,0,0,0,1,MIXED,MIXED
2021-12-07,0.29224647344175586,0.03465970464313463,-0.022449185990451263,0.2983383757201821,0.02829682201593371,-0.12931823625227623,0.5107869705332605,-0.28718954878675923,2.319999694824247,0.1200000000000001,25.0,-46.0,0,0,0,1,MIXED,MIXED
2021-12-08,0.295908987059798,0.003370463698196476,-0.01965527266924991,0.3023761413990338,0.026030445478167893,-0.13899057048793115,0.5117555311704318,-0.28220373582594477,1.9300003051757812,0.16999999999999993,28.0,-24.0,0,0,0,1,MIXED,MIXED
2021-12-09,0.3453358407111917,0.048248439450171675,-0.0663321871108979,0.3285074116272935,0.03698987162273089,-0.15537278582727462,0.5312326315469318,-0.30996712621397593,1.4199981689453125,0.15999999999999992,29.0,-25.0,0,0,0,1,MIXED,MIXED
2021-12-13,0.3049119293913764,0.08619034550438442,-0.07081489368441661,0.32384602574292787,0.037152221216660786,-0.15895459279426927,0.529243023136516,-0.3167702817628819,1.1900024414062642,0.16999999999999993,28.0,-22.0,0,0,0,1,MIXED,MIXED
2021-12-14,0.30258653928232415,0.0843796852805599,-0.0782058080890307,0.3307192541889777,0.0804052565727903,-0.18571132037765628,0.5307781582036101,-0.3100792518829375,1.1599960327148438,0.19999999999999984,21.0,-12.0,0,0,0,1,MIXED,MIXED
2021-12-15,0.3596470146873413,0.12449127883909417,-0.11469960428196584,0.35210797927779436,0.14273234527747417,-0.20128840810079016,0.5532175426834802,-0.20731801953137274,0.5900039672851562,0.18000000000000005,28.0,-14.0,0,0,0,1,MIXED,MIXED
2021-12-16,0.3665749949822064,0.10300343375324116,-0.08347219908836395,0.35593320294856595,0.12986191386399376,-0.18463073211833592,0.5531827934063126,-0.23625304865206548,0.20999908447267046,0.1200000000000001,29.0,-18.0,0,0,0,1,MIXED,MIXED
2021-12-17,0.37726952739041364,0.1330477754658725,-0.09206500134741294,0.355542565874847,0.13434578870276384,-0.19587508042866986,0.5318788847176559,-0.2090093915047963,1.029998779296875,0.16999999999999993,23.0,-10.0,0,0,0,1,MIXED,MIXED
2021-12-20,0.35321471177186636,0.12023244183320149,-0.09621843217779621,0.3510139212762849,0.13204184342611705,-0.19481010435529234,0.5279370122267039,-0.21490551869993774,0.48000335693357954,0.15000000000000013,25.0,-15.0,0,0,0,1,MIXED,MIXED
2021-12-21,0.4597168599418911,0.07123376597447932,-0.016713710580800796,0.3719411919764285,0.09700459194604079,-0.1655743142914223,0.5529816660634979,-0.13997841531420846,-0.01000213623048296,0.020000000000000018,27.0,-7.0,0,0,0,1,MIXED,MIXED
2021-12-22,0.45915253338487255,0.07445635659925225,-0.02154624017224151,0.3674518819432971,0.10169584786022288,-0.15907079115522887,0.5425142840721844,-0.16877549782391044,-0.40999603271484375,-0.06000000000000005,45.0,13.0,0,0,0,1,MIXED,MIXED
2021-12-23,0.4585091488762479,0.13136981779599838,0.012248991908855485,0.36771367680501876,0.10292777454572664,-0.15091083430960103,0.5682173657176226,-0.10275483852968537,-0.8199996948242188,0.0,34.0,3.0,0,0,0,1,MIXED,MIXED
2021-12-27,0.45522640212062837,0.12829000553649142,0.005905182721204181,0.3653061638642376,0.10250316522241197,-0.15102062914538383,0.5449138877532665,-0.056234803237478516,0.0,0.050000000000000044,40.0,24.0,0,0,0,1,MIXED,MIXED
2021-12-28,0.46206269444167214,0.14901620251730843,-0.007462215487932093,0.3720670710086406,0.11660887653621627,-0.17187622856862092,0.5007572634978595,-0.1945037698529896,-0.1399993896484233,0.010000000000000009,41.0,16.0,0,0,0,1,MIXED,MIXED
2021-12-29,0.46155145674672365,0.14702280335908424,0.004551509114514539,0.3628802716900427,0.11719535519875177,-0.16053659340413454,0.5031443407880515,-0.20488385938825632,-0.05999755859373579,0.09000000000000008,27.0,-1.0,0,0,0,1,MIXED,MIXED
2021-12-30,0.49613754376474334,0.1356141371149665,0.0808714666155294,0.36330130293260743,0.12029500952536776,-0.1609889941481756,0.5089168939454584,-0.19314490140996682,-0.08000183105467329,-0.050000000000000044,22.0,-7.0,0,0,0,1,MIXED,MIXED
2021-12-31,0.501604272777211,0.10992037484781855,0.09271108241870557,0.3721105949162801,0.11485500950092853,-0.1585422853132576,0.5097411737173493,-0.1985667720580889,-0.45999908447262783,-0.010000000000000009,28.0,4.0,0,0,0,1,MIXED,MIXED
2022-01-03,0.542260897582037,0.06723541326915836,0.06425487612716621,0.37128747431445064,0.11784423497650408,-0.15191568998551386,0.48726587523616866,-0.1429651443407627,0.11999511718747158,0.1100000000000001,29.0,1.0,0,0,0,1,MIXED,MIXED
2022-01-04,0.537844367066013,0.088721861011274,0.019482198013228615,0.3677581080438155,0.11646478579899866,-0.1453327285816058,0.4516163247992468,-0.09719587147333597,0.0,0.09999999999999998,23.0,2.0,0,0,0,1,MIXED,RISK_ASSET
2022-01-05,0.5666149769398585,0.03624728001734927,0.06888576771521608,0.3813650545114943,0.09917333486552372,-0.12131978639940194,0.47908555335820985,-0.15158162766501554,-0.18000030517580967,0.17000000000000004,24.0,-4.0,0,0,0,1,MIXED,RISK_ASSET
2022-01-06,0.583031045724629,0.08076776716643243,0.06989727344648733,0.3944598875938708,0.0950435201648457,-0.12547409275475327,0.4789274082616579,-0.1571326387472184,0.3600006103515625,0.27,15.0,-14.0,0,0,0,1,MIXED,RISK_ASSET
2022-01-07,0.5959606311824623,0.05723363382819617,0.12925718383222945,0.3997220053821,0.0877366414907001,-0.10328830646989771,0.45730304073535194,-0.13725907158911704,-0.5299987792968892,0.26,18.0,-5.0,0,0,0,1,MIXED,RISK_ASSET
2022-01-10,0.5725502238284634,0.0536204249481536,0.051284891127936834,0.39875165553937614,0.0887772883503202,-0.09437039822542231,0.45946370906457623,-0.12190608039499323,-0.06000518798828125,0.26,23.0,-2.0,0,0,0,1,MIXED,RISK_ASSET
2022-01-11,0.5540558348776213,0.14614907106338937,-0.08116579376650651,0.40265715526518986,0.09896953231552408,-0.099836638585438,0.4688910788591557,-0.08950814800426798,-0.6999969482421733,0.18999999999999995,21.0,-6.0,1,0,0,0,RISK_ASSET,RISK_ASSET
2022-01-12,0.5521018513854924,0.15054540064051602,-0.16570367533001762,0.40260194593434057,0.09641467616801323,-0.11210454143046816,0.48219193707135577,-0.05883941313192967,-1.5699996948242188,0.19000000000000006,22.0,-23.0,1,0,0,0,RISK_ASSET,RISK_ASSET
2022-01-13,0.5944160135039029,0.15850476610289405,-0.15432602565191728,0.41782593074211694,0.05489391600916832,-0.07871593631899172,0.4541490071661266,-0.1380540191839809,-1.7200012207031392,0.19000000000000006,21.0,-13.0,1,0,0,0,RISK_ASSET,RISK_ASSET
2022-01-14,0.6047701855751209,0.14119280140510873,-0.11429384456749801,0.4177708713149495,0.051862062997046196,-0.07244948206310667,0.45326328719462283,-0.10069029028969922,-0.870002746582017,0.31999999999999995,21.0,-19.0,1,0,0,0,RISK_ASSET,RISK_ASSET
2022-01-18,0.5692958455075285,0.21395502170941252,-0.12759345284668863,0.41737413293549047,0.051778459596986945,-0.07790955173265574,0.44552591190206275,-0.08645271621828843,-0.839996337890625,0.38,24.0,-17.0,1,0,0,0,RISK_ASSET,RISK_ASSET
2022-01-19,0.6509629234058562,0.1578991576844887,-0.09245044196270663,0.41532097370145105,0.035977892217581374,-0.07250452418492156,0.44145608801656505,-0.11603347251232327,-1.0400009155273153,0.39,24.0,-3.0,1,0,0,0,RISK_ASSET,RISK_ASSET
2022-01-20,0.6871467716207393,0.16436258412073615,-0.11242323025786993,0.41934009625435925,0.03823349974285404,-0.07670996642232597,0.40869674871480616,-0.1847790084953941,-0.75,0.45999999999999996,24.0,2.0,1,0,0,0,RISK_ASSET,RISK_ASSET
2022-01-21,0.7103114002461545,0.19680142807376874,-0.06172204182797798,0.4634233159612329,0.039747073039349635,-0.06092832098729129,0.5358427869177209,-0.2880678570043449,-0.4400024414062358,0.42000000000000004,19.0,-9.0,1,0,0,0,RISK_ASSET,RISK_ASSET
2022-01-24,0.7041423335449978,0.16402121708826856,0.012285840386371469,0.46098710715481983,0.04731615149512584,-0.05454482032205421,0.49908014354932145,-0.32606044428569747,-0.09999847412107954,0.33999999999999997,13.0,-16.0,1,0,0,0,RISK_ASSET,RISK_ASSET
2022-01-25,0.6683111931463326,0.1688342285295143,0.014004974626834935,0.44835521658573124,0.04631792417187188,-0.05332463007213447,0.5042334645510863,-0.3150760298904514,-0.1399993896484233,0.39,12.0,-11.0,1,0,0,0,RISK_ASSET,RISK_ASSET
2022-01-26,0.6714085401677575,0.14184732545263065,0.024990584788171902,0.4479668385214721,0.04436260161478916,-0.05061170644819674,0.4764785453162551,-0.25568542782804055,0.29000091552731533,0.48,23.0,-1.0,1,0,0,0,RISK_ASSET,RISK_ASSET
2022-01-27,0.6589962736138274,0.11687890383695052,0.05400522819733022,0.4182382869875436,0.06576106750646964,-0.04452589468667869,0.47959044607600654,-0.22361557798091278,1.3300018310547017,0.39,20.0,5.0,1,0,0,0,RISK_ASSET,RISK_ASSET
2022-01-28,0.6215912100326864,0.0794427110090497,0.06971857491753485,0.42488153756696734,0.07720107298011576,-0.04944979601931613,0.48073455414748456,-0.22203581160363037,1.2999954223632812,0.4,24.0,6.0,1,0,0,0,RISK_ASSET,RISK_ASSET
2022-01-31,0.6210839627058747,0.13322058266818354,-0.016619033594069105,0.4167941282884193,0.09371425712352323,-0.07648260695619398,0.49034449430441773,-0.1850613254983178,0.870002746582017,0.39,20.0,-3.0,1,0,0,0,RISK_ASSET,RISK_ASSET
2022-02-01,0.6325826486812507,0.12816419672682688,0.0160947719730812,0.412897527872162,0.11074115834431997,-0.06710770125389559,0.49160536783764525,-0.18159404904766802,0.15000152587892046,0.35,26.0,5.0,1,0,0,0,RISK_ASSET,RISK_ASSET
2022-02-02,0.6211646123375845,0.12003314722847377,0.06761021270163663,0.4070704093367026,0.10154296249716491,-0.03844062987148366,0.5091118584350638,-0.21676585434292983,-0.34999847412110796,0.28,28.0,6.0,1,0,0,0,RISK_ASSET,RISK_ASSET
2022-02-03,0.5066925519388772,0.12724321584698256,0.05072565578767809,0.38447989959082085,0.10197636651974516,-0.041165640469050385,0.4889108970256835,-0.15925835005612549,-0.8100051879882812,0.2599999999999999,20.0,-1.0,1,0,0,0,RISK_ASSET,RISK_ASSET
2022-02-04,0.5258172055048121,0.1251002516827684,0.08019432877011987,0.39391171477087056,0.09216839196520121,-0.0229770998723039,0.6380677566063284,-0.03922116929508855,-0.7699966430664062,0.25,20.0,-1.0,1,0,0,0,RISK_ASSET,RISK_ASSET
2022-02-07,0.48477993317931656,0.1611052115317605,0.07493595728944603,0.38385228631953033,0.10793064001700513,-0.033564299515030614,0.6527949552928215,0.05346545509866759,-0.3399963378906108,0.24,45.0,21.0,1,0,0,0,RISK_ASSET,RISK_ASSET
2022-02-08,0.49286314725043623,0.16395395346542516,0.08075311293229916,0.3920360798118416,0.07674901089259728,-0.027965024430177864,0.6527954929752087,0.0534730922914977,-0.34999847412107954,0.23999999999999994,48.0,24.0,1,0,0,0,RISK_ASSET,RISK_ASSET
2022-02-09,0.500827616817224,0.1402742859833414,0.10026875709903624,0.3876170185484495,0.07289561091430238,-0.010394021018631431,0.6492342195714752,0.03682179533605565,-0.13000488281252842,0.31000000000000005,54.0,30.0,1,0,0,0,RISK_ASSET,RISK_ASSET
2022-02-10,0.5107608920414791,0.14606374211843967,0.08425521144833063,0.4053878607996937,0.07198495477652378,-0.006167657949600757,0.6452450061125693,-0.008775505697245119,0.5500030517577983,0.32,50.0,31.0,1,0,0,0,RISK_ASSET,RISK_ASSET
2022-02-11,0.5213696830156285,0.06983451420285229,0.04785854098807419,0.40311202868640433,0.061669753945705924,-0.024278624807624775,0.6427329991999446,-0.004320803800346943,1.2900009155273295,0.21999999999999997,50.0,37.0,1,0,0,0,RISK_ASSET,RISK_ASSET
2022-02-14,0.5223661629591871,0.08498553529069726,0.041205294287058734,0.40454235503010205,0.05795838474248599,-0.041724454919969796,0.6414658982742609,-0.011968902223947111,1.2000045776367188,0.16000000000000003,46.0,34.0,1,0,0,0,RISK_ASSET,RISK_ASSET
2022-02-15,0.555391993709975,0.03860545761321695,-0.011102617009711838,0.42794674985325487,0.030742924138141198,-0.06016825888067002,0.6577033923328571,0.05060422144792247,0.2599945068359233,0.15999999999999998,46.0,23.0,1,0,0,0,RISK_ASSET,RISK_ASSET
2022-02-16,0.5510128157699992,0.03268012261795092,-0.001101001897966517,0.42868947094710624,0.02593719039839108,-0.05591717226255249,0.6573274352681873,0.05175883684089449,0.18999481201171875,0.13999999999999996,51.0,31.0,1,0,0,0,RISK_ASSET,RISK_ASSET
2022-02-17,0.5582539764864268,-0.09665896204220376,-0.03184537719236645,0.47121495226170557,-0.007347034302303404,-0.07540883124680929,0.7128801800687112,-0.003506750782606108,0.06000518798828125,0.03999999999999998,52.0,28.0,1,0,0,0,RISK_ASSET,RISK_ASSET
2022-02-18,0.5607343495366948,-0.10995157894245006,-0.03627757397018985,0.4721550656310233,-0.0036483281532508527,-0.07362885411893406,0.5944130610856676,0.09351140570907325,0.40000152587890625,0.09999999999999998,30.0,10.0,1,0,0,0,RISK_ASSET,RISK_ASSET
2022-02-22,0.563518363631885,-0.09998137526458167,-0.07825255069655261,0.47455665716368045,-0.025448378132597378,-0.061270889002684674,0.6183064946548197,0.04355349349935875,0.11000061035154829,0.12,20.0,-6.0,1,0,0,0,RISK_ASSET,RISK_ASSET
2022-02-23,0.5693404209081526,-0.10717399310199491,-0.09179172581235492,0.4799829648613394,-0.028992474459553642,-0.06337241425672213,0.6254976361124315,0.009227372056987235,0.24000549316403408,0.08999999999999997,25.0,-3.0,1,0,0,0,RISK_ASSET,RISK_ASSET
2022-02-24,0.5713803144989651,-0.16592879948197353,-0.001421115388835972,0.4895417603042617,0.014657250895994648,-0.0327282704680378,0.6322078776312505,0.03938777645810265,0.6500015258789205,-0.05999999999999994,23.0,3.0,1,0,0,0,RISK_ASSET,RISK_ASSET
2022-02-25,0.5789287193863849,-0.18412022884562768,0.012683866362993509,0.49318116703643466,0.011423204503844205,-0.04523327853920474,0.6360513650830373,0.05439238916262265,-0.6399993896484375,0.020000000000000018,27.0,7.0,1,0,0,0,RISK_ASSET,RISK_ASSET
2022-02-28,0.5419645936022371,-0.0911858088708329,0.0013975880024394366,0.4799813028909795,0.04619926752094302,-0.03221347734573175,0.7135027660025873,0.13378935112502546,-0.55999755859375,-0.13,20.0,-25.0,1,0,0,0,RISK_ASSET,RISK_ASSET
2022-03-01,0.5201421163805106,-0.04096903245183918,0.025923123097036923,0.46833234006163144,0.05651924106133673,-0.008032158468034577,0.7157509628970958,0.14199741810910285,0.8700027465820312,-0.25,51.0,3.0,1,0,0,0,RISK_ASSET,RISK_ASSET
2022-03-02,0.5013457583395534,-0.03340608437129544,0.04655224427828981,0.47734089252515277,0.05515144227099447,0.00010744068277496608,0.7181263121766949,0.12550638367106148,1.0,-0.22999999999999998,52.0,-2.0,1,0,0,0,RISK_ASSET,RISK_ASSET
2022-03-03,0.5077072647751275,-0.027252482246729732,0.014184325434576352,0.480251703134364,0.05328644508624493,-0.01225395624876517,0.7070709790650961,0.13872264497777104,1.849998474121108,-0.19999999999999996,39.0,-11.0,1,0,0,0,RISK_ASSET,RISK_ASSET
2022-03-04,0.5144762036175393,-0.13148107047701973,-0.08965682720852199,0.4849636172113539,-0.002116208432363306,-0.06534771664356155,0.7702263873648088,0.051996153580543936,3.2700042724609517,-0.37,33.0,-17.0,1,0,0,0,RISK_ASSET,RISK_ASSET
2022-03-07,0.4838277158386437,-0.23261277634296512,-0.1686552416948566,0.49016215265669866,-0.026225492715375744,-0.07228067067031044,0.6676976136874604,-0.08649707597136183,3.80999755859375,-0.51,23.0,-23.0,1,0,0,0,RISK_ASSET,RISK_ASSET
2022-03-08,0.48270716033690697,-0.1770223933840544,-0.1783350453377315,0.4912218654712949,-0.0028104200807358326,-0.08034238470046721,0.6378793959479652,-0.12375097349878181,3.659996032714858,-0.56,21.0,-25.0,1,0,0,0,RISK_ASSET,RISK_ASSET
2022-03-09,0.5484135444069359,-0.3134957955610495,-0.29460366949574057,0.5137691243877294,-0.08772912842305312,-0.1292824099245861,0.7043117026404071,-0.049614949450261875,2.3300018310546875,-0.44,22.0,-29.0,1,0,0,0,RISK_ASSET,RISK_ASSET
2022-03-10,0.5474894909855561,-0.3266536833192124,-0.3273644753106814,0.5138586932852213,-0.08140694800951943,-0.1673185638799993,0.7334441606163214,-0.11714391993278947,3.020004272460966,-0.4,28.0,-24.0,1,0,0,0,RISK_ASSET,RISK_ASSET
2022-03-11,0.5564891089384646,-0.3137963950234063,-0.35368487908298335,0.5166761583579031,-0.07615643612066891,-0.17397338999671524,0.7332177562592355,-0.11596600844204695,3.569999694824247,-0.52,22.0,-8.0,1,0,0,0,RISK_ASSET,RISK_ASSET
2022-03-14,0.5396429502027911,-0.3191399132231405,-0.35547083818631064,0.5026775748529844,-0.08513222454993985,-0.1818145120111797,0.7350906152515992,-0.06682214614765819,2.979995727539091,-0.28,23.0,3.0,1,0,0,0,RISK_ASSET,RISK_ASSET
2022-03-15,0.514169263856901,-0.29304574340163364,-0.35106816838634314,0.4929833919006197,-0.08115826136785079,-0.18200734828038967,0.7347455099466148,-0.07933618431805875,2.6999969482421733,-0.18999999999999995,21.0,-4.0,1,0,0,0,RISK_ASSET,RISK_ASSET
2022-03-16,0.5352001061865529,-0.27688675195080537,-0.3809592350616939,0.5115130151875572,-0.06609794022666696,-0.19838547062835687,0.7340992181565003,-0.08010132113109901,2.3899993896484375,-0.18,24.0,1.0,1,0,0,0,RISK_ASSET,RISK_ASSET
2022-03-17,0.5503578406487701,-0.2792000859091368,-0.42767189820767937,0.5095719523938576,-0.06637589593879147,-0.19723751537851347,0.7332340264993207,-0.07093694295899461,2.3100051879882812,-0.27999999999999997,27.0,0.0,1,0,0,0,RISK_ASSET,RISK_ASSET
2022-03-18,0.5825891948539211,-0.286064440413674,-0.4352329423653357,0.5313229046200201,-0.08676238366970415,-0.17703499852931062,0.6802113722530096,0.030683905735046074,2.4300003051757955,-0.25999999999999995,25.0,5.0,1,0,0,0,RISK_ASSET,RISK_ASSET
2022-03-21,0.5868863945172341,-0.318708906834796,-0.4880656512981963,0.5314048502916882,-0.08882030779971524,-0.17911468773026207,0.6816904949235543,0.025819034817385973,2.4599990844726562,-0.08999999999999997,30.0,-21.0,1,0,0,0,RISK_ASSET,RISK_ASSET
2022-03-22,0.6283064908912124,-0.36427678205898034,-0.48706681865154505,0.5342078520104594,-0.08956558427385218,-0.16842178878341235,0.6674832227850558,0.10109138628884043,2.459999084472642,-0.020000000000000018,26.0,-26.0,1,0,0,0,RISK_ASSET,RISK_ASSET
2022-03-23,0.6166508150076851,-0.34815012951097396,-0.488489703321756,0.5287435841883926,-0.08197162567607474,-0.16847683121417395,0.658026238962981,0.13980626699489285,2.4300003051758097,-0.07999999999999996,31.0,-8.0,1,0,0,0,RISK_ASSET,RISK_ASSET
2022-03-24,0.6290727867028589,-0.336930917471505,-0.482372648291775,0.5357326792321504,-0.07487550512141229,-0.16560405166592315,0.6570005176123557,0.13700041300912807,1.6500015258789062,0.010000000000000009,40.0,7.0,1,0,0,0,RISK_ASSET,RISK_ASSET
2022-03-25,0.6258906261284624,-0.3485726197286255,-0.48638372098574234,0.5354381438948496,-0.07701335752742278,-0.1650806336592435,0.6545175879247014,0.12304467882148784,2.1899948120117188,0.09999999999999998,47.0,24.0,1,0,0,0,RISK_ASSET,RISK_ASSET
2022-03-28,0.6218823118624639,-0.37962467374313136,-0.43864617623901025,0.5536487038034106,-0.12535310600434044,-0.1342859819428238,0.6016718532106183,0.08718351580999463,2.3799972534179688,0.30000000000000004,60.0,39.0,1,0,0,0,RISK_ASSET,RISK_ASSET
2022-03-29,0.6173970982501418,-0.3806701506209662,-0.42450505882018064,0.5533647385104808,-0.12757856118396116,-0.13655237558957287,0.5963842761448669,0.06779073521666011,0.9899978637695312,0.45,56.0,34.0,1,0,0,0,RISK_ASSET,RISK_ASSET
2022-03-30,0.6024922978257691,-0.3646382900154902,-0.37662829051355856,0.5656135605716268,-0.13662196484341663,-0.14749603946577236,0.5960589044230037,0.06901645591733714,0.40000152587890625,0.33999999999999997,55.0,27.0,1,0,0,0,RISK_ASSET,RISK_ASSET
2022-03-31,0.611667302026177,-0.353219864455206,-0.40751234492097393,0.5681926117897119,-0.1309743240560917,-0.1675813931612568,0.5951383692995751,0.07019292502716738,0.5199966430664205,0.30999999999999994,52.0,30.0,1,0,0,0,RISK_ASSET,RISK_ASSET
2022-04-01,0.5721510729662442,-0.3136943370289225,-0.42955218264689315,0.5661836120416789,-0.1624480716127612,-0.1550847337234583,0.5095411756641318,0.16766165460242063,-0.02000427246095171,0.52,50.0,27.0,1,0,0,0,RISK_ASSET,RISK_ASSET
2022-04-04,0.5629291080967425,-0.31490156528420715,-0.42358659266500154,0.5685307203936858,-0.15454500525003867,-0.15175149767149537,0.4922481731278977,0.20286959214538858,-0.3000030517578267,0.61,52.0,31.0,1,0,0,0,RISK_ASSET,RISK_ASSET
2022-04-05,0.5637851237049862,-0.2993946027948659,-0.45879664665007014,0.5735218927638785,-0.15034937406620735,-0.15323732653612127,0.504507380264457,0.16213999332353152,0.4100036621093608,0.74,53.0,29.0,1,0,0,0,RISK_ASSET,RISK_ASSET
2022-04-06,0.5762012048895768,-0.29057256478577675,-0.4447670292364594,0.5739101153029,-0.15649059331400406,-0.1887941738389182,0.47362334719508015,0.028733455209098188,1.6299972534179688,0.68,48.0,21.0,1,0,0,0,RISK_ASSET,RISK_ASSET
2022-04-07,0.5721057013521476,-0.2814940596301853,-0.5112660094527055,0.5663661484511191,-0.15356449199121724,-0.20649237418096686,0.4123971123681897,0.09813323624116126,1.239997863769517,0.72,34.0,9.0,1,0,0,0,RISK_ASSET,RISK_ASSET
2022-04-08,0.5757297567061554,-0.2858809447424189,-0.49732762517372153,0.5682024441887217,-0.1608427029673078,-0.21077670475385993,0.4221219904543997,0.0862047462728704,0.6800003051757528,0.7899999999999999,37.0,7.0,1,0,0,0,RISK_ASSET,RISK_ASSET
2022-04-11,0.646575959510344,-0.39785709762109844,-0.5270803129596074,0.5813898407920813,-0.16718297597714912,-0.21154997362925088,0.4840305304072161,-0.003658395808580059,0.870002746582017,0.67,32.0,6.0,1,0,0,0,RISK_ASSET,RISK_ASSET
2022-04-12,0.6779429420321916,-0.4440578935129997,-0.57421177459195,0.5826475850112768,-0.1648991436419213,-0.2057572294642396,0.48588899154545545,0.019843067891359003,1.220001220703125,0.5499999999999999,20.0,-11.0,1,0,0,0,RISK_ASSET,RISK_ASSET
2022-04-13,0.7000071613044467,-0.4425313884330797,-0.5880848454818599,0.5807107349415662,-0.1510442006016444,-0.217621440151942,0.46820469950080007,0.0005540177126490999,1.5,0.51,25.0,-15.0,1,0,0,0,RISK_ASSET,RISK_ASSET
2022-04-14,0.7005514574789625,-0.4217510649640504,-0.5880052810759978,0.6022817806425442,-0.15497977563430038,-0.22138398329643122,0.479748051161462,-0.025119438764097512,2.309997558593736,0.6499999999999999,28.0,-19.0,1,0,0,0,RISK_ASSET,RISK_ASSET
2022-04-18,0.7002478554830738,-0.354396701660747,-0.49629703261978464,0.6083878055054046,-0.15338902007124414,-0.2121154181149182,0.48064598921701585,-0.023599604869166176,2.5499954223632812,0.6499999999999999,24.0,-36.0,1,0,0,0,RISK_ASSET,RISK_ASSET
2022-04-19,0.6958712810064378,-0.3365188439217077,-0.470424295325871,0.6101769185815631,-0.16059753819301711,-0.21280491332152807,0.4804902943160233,0.010287086811489803,2.4599990844726562,0.58,27.0,-29.0,1,0,0,0,RISK_ASSET,RISK_ASSET
2022-04-20,0.7000687075847103,-0.4258049474890195,-0.4403429414584663,0.6050464638789551,-0.17668805974527024,-0.19843609848692906,0.46779467208589265,-0.023514572344694583,1.9000015258789205,0.46,27.0,-28.0,1,0,0,0,RISK_ASSET,RISK_ASSET
2022-04-21,0.6588290054923567,-0.23782724875361064,-0.28512864675613586,0.6086468075925758,-0.17260120144747879,-0.20217730416191965,0.4696433931546295,-0.05673025814364606,1.9599990844726278,0.5,27.0,-25.0,1,0,0,0,RISK_ASSET,RISK_ASSET
2022-04-22,0.6827577596195221,-0.191884022244117,-0.2443537803600209,0.6091032179361984,-0.16433866403132985,-0.20632656231883711,0.4619511400669511,-0.10093506936135002,2.4300003051757812,0.49999999999999994,26.0,-24.0,1,0,0,0,RISK_ASSET,RISK_ASSET
2022-04-25,0.6831034854641451,-0.23393587381462477,-0.19305043309015496,0.6115152744825924,-0.17388110209546068,-0.19778249000082315,0.4664488238898821,-0.09181205660384295,2.940002441406236,0.37,23.0,-29.0,1,0,0,0,RISK_ASSET,RISK_ASSET
2022-04-26,0.7753444133586539,-0.20919899523106217,-0.2463319313412445,0.6173385040947711,-0.1806748935430064,-0.21153810202146145,0.4390019531069233,-0.212194917633715,3.2100067138671733,0.41,27.0,-26.0,1,0,0,0,RISK_ASSET,RISK_ASSET
2022-04-27,0.8098055267091374,-0.2679630936776099,-0.1937589480394267,0.6136982956972223,-0.1808955112163898,-0.20750895102170533,0.4563677240839631,-0.19028278237838506,4.5499954223632955,0.39,21.0,-27.0,1,0,0,0,RISK_ASSET,RISK_ASSET
2022-04-28,0.7764053784950687,-0.31132329490033006,-0.06837828242776894,0.6139630619750407,-0.1813224888038129,-0.19058756193204057,0.4632691051067,-0.16827088042213006,5.830001831054702,0.39,24.0,-10.0,1,0,0,0,RISK_ASSET,RISK_ASSET
2022-04-29,0.7855646797804813,-0.3086606997724154,-0.0019594126722472494,0.6190912836594273,-0.1779302138342421,-0.17157815240975383,0.46125516912361797,-0.165055224540376,4.650001525878892,0.53,23.0,-14.0,1,0,0,0,RISK_ASSET,RISK_ASSET
2022-05-02,0.7676960487154967,-0.26877657765358604,-0.0048756802135299275,0.6088630217087261,-0.17422883309086046,-0.16603374615854422,0.45332241645756577,-0.18332571530209435,5.1100006103515625,0.59,28.0,-4.0,1,0,0,0,RISK_ASSET,RISK_ASSET
2022-05-03,0.758678598727752,-0.26372947010392134,0.02121705702738154,0.6092228786342608,-0.17505504373385372,-0.1634618519161522,0.4507530814688013,-0.21108954859150378,4.480003356933608,0.52,27.0,7.0,1,0,0,0,RISK_ASSET,RISK_ASSET
2022-05-04,0.7733984350209553,-0.1489132564838503,-0.10109292615807242,0.6187336701138082,-0.1604193325563154,-0.18923735007938633,0.4944311312508894,-0.13763201045261605,3.1199951171875,0.37,21.0,-4.0,1,0,0,0,RISK_ASSET,RISK_ASSET
2022-05-05,0.8263151986211893,-0.14328741056272656,-0.2449833385875495,0.6424479235187799,-0.14584091713866318,-0.2337148810016234,0.5368281938241971,-0.16662767008111792,4.150001525878906,0.4,27.0,-1.0,1,0,0,0,RISK_ASSET,RISK_ASSET
2022-05-06,0.8209140478341459,-0.184766321216656,-0.242927204269719,0.6496399544128919,-0.1572871606329658,-0.23421857136914506,0.5343216698317507,-0.18819437442028789,3.910003662109375,0.42000000000000004,22.0,-2.0,1,0,0,0,RISK_ASSET,RISK_ASSET
2022-05-09,0.7856249059921474,0.06736254959813105,-0.13145106570968482,0.6640949112017105,-0.0686099859813999,-0.20625726783409748,0.7793551825154161,-0.333448263263438,3.849998474121108,0.44999999999999996,11.0,-16.0,1,0,0,0,RISK_ASSET,RISK_ASSET
2022-05-10,0.7880442378008548,0.1734650903009703,-0.1452933475110813,0.6662138425379758,-0.07930316158827519,-0.20227558294355055,0.7680656281352399,-0.24212916503472148,3.9899978637695455,0.46,10.0,-17.0,1,0,0,0,RISK_ASSET,RISK_ASSET
2022-05-11,0.7989550386450751,0.11254114006012164,-0.0955139447058129,0.6741598947581877,-0.08999232575948642,-0.19758486661434907,0.7859299449378215,-0.3269552205230034,3.55999755859375,0.35,12.0,-15.0,1,0,0,0,RISK_ASSET,RISK_ASSET
2022-05-12,0.802072263129872,0.07636232894981045,-0.05959026686606485,0.6748656331748336,-0.0902324895987167,-0.19275744092619562,0.7748408322927677,-0.34868932237798167,4.970001220703139,0.35,12.0,-14.0,1,0,0,0,RISK_ASSET,RISK_ASSET
2022-05-13,0.7818717013903775,0.06663438797253365,-0.06908324181904409,0.6672831086150652,-0.09168260173715076,-0.19503920151318055,0.7781625482954921,-0.3102553660301558,4.2399978637695455,0.3,10.0,-13.0,1,0,0,0,RISK_ASSET,RISK_ASSET
2022-05-16,0.766006820779207,0.11227817201893915,-0.10468294805959881,0.6564852488825188,-0.0893883325069871,-0.20711721898132898,0.7767160420241621,-0.3127068867662213,3.410003662109361,0.27,14.0,-13.0,1,0,0,0,RISK_ASSET,RISK_ASSET
2022-05-17,0.7686836240528695,0.08612481593973362,-0.1528791575907806,0.6569074490921617,-0.09575216852327612,-0.21432305984291006,0.777919152840352,-0.31046687013358876,2.4000015258789062,0.27,8.0,-13.0,1,0,0,0,RISK_ASSET,RISK_ASSET
2022-05-18,0.776040907315966,0.07229134521521008,-0.16542138704521672,0.6647599024109755,-0.09178098219175332,-0.23755029221351903,0.7897708772414943,-0.365058625321332,3.4199981689453267,0.24000000000000002,12.0,-12.0,1,0,0,0,RISK_ASSET,RISK_ASSET
2022-05-19,0.7524096595643808,0.16983432726614373,-0.25484354197234227,0.6578107892911761,-0.06798237017629934,-0.26540707247474404,0.8282257238321162,-0.2903567131021165,2.1399993896484517,0.37,13.0,-10.0,1,0,0,0,RISK_ASSET,RISK_ASSET
2022-05-20,0.7448961427059524,0.15735012498688117,-0.2644321647244961,0.653688654075333,-0.07713375528244977,-0.2653599865867442,0.831891617659895,-0.30817223784979975,1.9300003051757812,0.31,13.0,-15.0,1,0,0,0,RISK_ASSET,RISK_ASSET
2022-05-23,0.7398410377821736,0.1731955892175534,-0.2615549913020493,0.6513807602163255,-0.0794417341224652,-0.24913857382512722,0.8243542880598131,-0.32957130465932705,0.3300018310546733,0.36,10.0,-17.0,1,0,0,0,RISK_ASSET,RISK_ASSET
2022-05-24,0.7092852127207062,0.22860700995851957,-0.2719581983731295,0.638972352055976,-0.07733278539408646,-0.2575762313288983,0.817348956022707,-0.2510219659037103,-0.4400024414062358,0.29,12.0,-9.0,1,0,0,0,RISK_ASSET,RISK_ASSET
2022-05-25,0.7071713070373146,0.21062768932097944,-0.28263861321825545,0.6361250458000521,-0.07606735252182864,-0.2611001258717413,0.80418339056923,-0.28322322902839014,-0.8899993896484375,0.25,11.0,-16.0,1,0,0,0,RISK_ASSET,RISK_ASSET
2022-05-26,0.6820796094424312,0.19342806781817307,-0.26575699584338175,0.6284901188398605,-0.07641590300082524,-0.25768387568653417,0.7980899649219555,-0.3067408352947871,-1.7900009155273722,0.25,12.0,-10.0,1,0,0,0,RISK_ASSET,RISK_ASSET
2022-05-27,0.6446204289614735,0.18912620081254203,-0.2550230361250436,0.6112308871501916,-0.07297358599095993,-0.25730122441903985,0.7967979236307772,-0.29913637065652177,-1.2900009155273295,0.1,12.0,1.0,1,0,0,0,RISK_ASSET,RISK_ASSET
2022-05-31,0.582628386113714,0.08853968666315998,-0.244655294833916,0.5853559642106864,-0.10020042075919049,-0.24605465439363597,0.8980331917851666,-0.19219526693101968,-1.989997863769517,0.03,16.0,6.0,1,0,0,0,RISK_ASSET,RISK_ASSET
2022-06-01,0.5698044984299132,0.07892957082701794,-0.2856003763920442,0.5742850627293155,-0.12261602242787703,-0.28328084564668754,0.9176372677984549,-0.23651995576095483,-0.9199981689453267,0.14999999999999997,17.0,5.0,1,0,0,0,RISK_ASSET,RISK_ASSET
2022-06-02,0.5813050395729682,0.10681913766317187,-0.30471926339126026,0.576004629920237,-0.11472562299241473,-0.2903126562395015,0.8985996464542798,-0.26464999938296196,-0.8199996948242188,0.19,13.0,1.0,1,0,0,0,RISK_ASSET,RISK_ASSET
2022-06-03,0.5822611253161499,0.11335910923774305,-0.307033499648326,0.5838527181330687,-0.10845729161888897,-0.2927893126163313,0.8647751866577248,-0.2080739243640768,-1.6100006103515625,0.04000000000000001,10.0,0.0,1,0,0,0,RISK_ASSET,RISK_ASSET
2022-06-06,0.5786556259071645,0.09272661280661308,-0.278856211676342,0.5815138052655248,-0.11604954501881339,-0.2842646491233249,0.893187054542643,-0.13878157190148244,-1.2200012207031392,0.020000000000000018,13.0,-1.0,1,0,0,0,RISK_ASSET,RISK_ASSET
2022-06-07,0.5730318699560735,0.1335945758406313,-0.29794294646796077,0.5828392123622416,-0.11442777249784467,-0.29096729422616313,0.6559436822682324,0.027942954541734986,-1.3300018310546875,-0.04999999999999999,15.0,7.0,1,0,0,0,RISK_ASSET,RISK_ASSET
2022-06-08,0.553875016106104,0.1454120202061018,-0.27966792610510943,0.5833808166901603,-0.11159294748986177,-0.29233149359467603,0.6596245371562659,-0.026408684828178756,-1.379997253417983,-0.06,17.0,5.0,1,0,0,0,RISK_ASSET,RISK_ASSET
2022-06-09,0.5442569602209778,0.16776345601178969,-0.30525593434912823,0.5794367539909488,-0.11496218276203353,-0.28594249676230576,0.6112331076572977,0.03982491931254723,-0.6299972534179688,0.07999999999999999,11.0,-2.0,1,0,0,0,RISK_ASSET,RISK_ASSET
2022-06-10,0.5457946215997209,0.1236157638280523,-0.34165792308957815,0.5824169757928245,-0.12466661005461005,-0.2936230636836516,0.6242007640130269,0.001240384434234916,-0.6999969482421875,0.14,13.0,0.0,1,0,0,0,RISK_ASSET,RISK_ASSET
2022-06-13,0.5974169819448764,0.40224956067464795,-0.43448241678704025,0.6010115814176847,0.050685782490703095,-0.3493712755342861,1.0856182797249971,-0.2640560292648423,0.5200042724609091,0.44999999999999996,11.0,1.0,1,0,0,0,RISK_ASSET,RISK_ASSET
2022-06-14,0.5980291799988472,0.43512728526394845,-0.45016386940229164,0.6128224654977851,0.05209470669419197,-0.3500272438905556,1.0790537742280844,-0.29621927733970166,1.3299942016601705,0.69,8.0,-4.0,1,0,0,0,RISK_ASSET,RISK_ASSET
2022-06-15,0.6029369421307521,0.44402200847995527,-0.4592226036381669,0.6128057887174313,0.055846421825151725,-0.3633946053600074,1.0781738713584532,-0.29854541322770606,1.8000030517578125,0.36,7.0,-4.0,1,0,0,0,RISK_ASSET,RISK_ASSET
2022-06-16,0.6071979504626641,0.351877681969479,-0.27810266414257545,0.6341839718248684,0.02220464681737542,-0.27151680645322346,1.1108333723530273,-0.3429681915238557,-0.18000030517580967,0.49,7.0,-5.0,1,0,0,0,RISK_ASSET,RISK_ASSET
2022-06-17,0.595438488452489,0.33341984000442615,-0.20952736805976105,0.6338108153244573,0.018814919471395467,-0.262781926622876,1.083713674148347,-0.39258785315218936,1.9799957275390767,0.42000000000000004,9.0,-3.0,1,0,0,0,RISK_ASSET,RISK_ASSET
2022-06-21,0.600469445843018,0.3270909077213405,-0.2146294801145828,0.634412816259678,0.016156394233317776,-0.26387103922857,1.0868430462918865,-0.34354852611273196,1.2900009155273295,0.47,9.0,-7.0,1,0,0,0,RISK_ASSET,RISK_ASSET
2022-06-22,0.5464653622150708,0.24029499999261564,-0.2368128413349472,0.6337478203920478,0.01303740949230219,-0.25929437576771813,1.0874186039690836,-0.37561719379300895,2.1199951171875284,0.36,11.0,-6.0,1,0,0,0,RISK_ASSET,RISK_ASSET
2022-06-23,0.5530900220761852,0.2332577929502099,-0.22966397985536482,0.6375733462189295,0.01273959165512859,-0.25134523038628015,1.1088977687848276,-0.3410470259075259,2.5699996948242188,0.38,11.0,-2.0,1,0,0,0,RISK_ASSET,RISK_ASSET
2022-06-24,0.5312956600754463,0.26829494295240025,-0.24044707118844946,0.6339026121937064,0.011042916102260379,-0.2540675863969728,1.1110254962607022,-0.33100868816360457,2.1300048828124716,0.37999999999999995,11.0,1.0,1,0,0,0,RISK_ASSET,RISK_ASSET
2022-06-27,0.5327735467928524,0.29537148677558905,-0.26039458486024636,0.6289270962389139,0.02260323106745578,-0.2429946558584885,1.1110177209478542,-0.34462210478420185,2.1100006103515625,0.52,12.0,-1.0,1,0,0,0,RISK_ASSET,RISK_ASSET
2022-06-28,0.5320527102497968,0.3111761191105948,-0.2584259935173239,0.6273199752368582,0.024402226198703865,-0.2461965790316941,1.111022272062009,-0.34470390855705774,2.8400039672851562,0.61,10.0,-5.0,1,0,0,0,RISK_ASSET,RISK_ASSET
2022-06-29,0.5442727129761203,0.29887443149976983,-0.2447812888770724,0.6203027518694415,0.0483975574499861,-0.24809686222684757,1.0194779448987923,-0.45830448779074745,3.3600006103515625,0.53,13.0,-4.0,1,0,0,0,RISK_ASSET,RISK_ASSET
2022-06-30,0.5368540936580488,0.31425578997479925,-0.22548502940989282,0.6205207050054811,0.0493313638024157,-0.2449022710652858,1.0081622095971448,-0.4095672688761942,2.1399993896484375,0.36000000000000004,11.0,0.0,1,0,0,0,RISK_ASSET,RISK_ASSET
2022-07-01,0.5226085961903915,0.3195052706212444,-0.21579789229331428,0.6159980495620635,0.05182967848675386,-0.24935790873570723,0.9961996946419691,-0.4581435144551408,3.3700027465820312,0.28,11.0,-2.0,1,0,0,0,RISK_ASSET,RISK_ASSET
2022-07-05,0.5502837342204204,0.1644011683082114,-0.07515766759708768,0.6195535259327218,0.027673015635324802,-0.21467230427426812,1.0247320475334323,-0.3861017275681082,4.3600006103515625,0.30000000000000004,19.0,8.0,1,0,0,0,RISK_ASSET,RISK_ASSET
2022-07-06,0.5503418884062433,0.13528977825659583,-0.05547577713999945,0.6176740841854513,0.02348250610295042,-0.22511515951843605,0.9987879455711242,-0.42309785066518146,4.659996032714858,0.36,18.0,10.0,1,0,0,0,RISK_ASSET,RISK_ASSET
2022-07-07,0.5677299342718661,0.14063131438819187,-0.05685477959728312,0.6212240600142755,0.026842924785214693,-0.21960181826818762,1.0293933985055228,-0.36455812261769405,4.809997558593736,0.43000000000000005,18.0,11.0,1,0,0,0,RISK_ASSET,RISK_ASSET
2022-07-08,0.599272014347985,0.12856839520645372,-0.050275860108361915,0.6310400117692628,0.0014164781989027308,-0.22511504293126278,1.0311790553166762,-0.32957195292183966,4.470001220703139,0.43999999999999995,20.0,13.0,1,0,0,0,RISK_ASSET,RISK_ASSET
2022-07-11,0.61712360183113,0.1408021443377124,-0.0997898494712665,0.6437817280994846,-0.006528715961967287,-0.2568768930854088,1.0560801881651771,-0.4106646776596833,4.799995422363281,0.38000000000000006,22.0,13.0,1,0,0,0,RISK_ASSET,RISK_ASSET
2022-07-12,0.6323603189980715,0.14201511933623395,-0.09634009967499657,0.6468265720407055,-0.005361180416043123,-0.2559465214167076,1.05578940034703,-0.40883807981090303,3.9199981689453125,0.25,16.0,7.0,1,0,0,0,RISK_ASSET,RISK_ASSET
2022-07-13,0.6609280766808858,0.1642503640592816,-0.11442727302693323,0.6416231113848851,0.006217964426407193,-0.25648878475963605,0.6360676462130225,-0.10667448916028927,2.879997253417983,-0.08999999999999997,15.0,4.0,1,0,0,0,RISK_ASSET,RISK_ASSET
2022-07-14,0.7087178553433686,0.20422468577748148,-0.09601515947142934,0.6398067805763272,0.028384563816973393,-0.2325859586348309,0.6402747084057155,-0.07656842095599017,3.0200042724609375,-0.27,18.0,7.0,1,0,0,0,RISK_ASSET,RISK_ASSET
2022-07-15,0.7124217034531483,0.23875799899157998,-0.08313147498171176,0.6425129856230984,0.03683000670408873,-0.2323295848597357,0.6390045018817027,-0.08004939899696084,2.899993896484389,-0.06000000000000005,15.0,4.0,1,0,0,0,RISK_ASSET,RISK_ASSET
2022-07-18,0.6718625843278491,0.23110203206159077,-0.12028263290747708,0.6275020755813432,0.02698895548806624,-0.24914749742879,0.5899392936959638,0.09824407714549416,3.740005493164091,-0.07000000000000006,20.0,8.0,1,0,0,0,RISK_ASSET,RISK_ASSET
2022-07-19,0.6837979964567665,0.23859600222671953,-0.14897261467130177,0.6199530479194061,0.0984376809339768,-0.22639758726250866,0.6018671693298928,0.13325154826634958,1.9800033569335795,-0.050000000000000044,30.0,20.0,1,0,0,0,RISK_ASSET,RISK_ASSET
2022-07-20,0.6832796322804391,0.24683600394533192,-0.1599422500415129,0.6181319515655411,0.1063111205105505,-0.21756613066706848,0.6033194997828131,0.11487358759012492,2.6399993896484375,-0.039999999999999925,31.0,18.0,1,0,0,0,RISK_ASSET,RISK_ASSET
2022-07-21,0.6824531438460075,0.24259031390130387,-0.16100779377247676,0.6180636337071449,0.10440172986336402,-0.21642452206417234,0.5854606698623276,0.14754297114470843,2.7100067138671733,-0.040000000000000036,34.0,23.0,1,0,0,0,RISK_ASSET,RISK_ASSET
2022-07-22,0.6772440957715874,0.24090092871725502,-0.15621753388227333,0.6279762622967818,0.11457461739922921,-0.2132715650240593,0.5672208511391729,0.0744210757272743,2.3000030517578125,-0.15999999999999998,33.0,22.0,1,0,0,0,RISK_ASSET,RISK_ASSET
2022-07-25,0.6990034161752979,0.23940757969824145,-0.1423070525846701,0.6323620971199644,0.11760670258167634,-0.20385997928977742,0.6100386631640846,0.006106366524549413,2.290000915527358,-0.11999999999999994,30.0,11.0,1,0,0,0,RISK_ASSET,RISK_ASSET
2022-07-26,0.7010803620517441,0.277546360666402,-0.12388497091903578,0.623628751893375,0.10832585493813757,-0.1880571083097005,0.6042964137025455,0.024028438863177473,3.25,-0.2,26.0,8.0,1,0,0,0,RISK_ASSET,RISK_ASSET
2022-07-27,0.6644573334968933,-0.08335060597193372,0.021421915275550152,0.6382616766371065,0.1306420926927407,-0.21124237555580683,0.6509693057138616,0.12280355320795817,1.9399948120117188,-0.36,28.0,10.0,1,0,0,0,RISK_ASSET,RISK_ASSET
2022-07-28,0.6652248838719195,-0.03906442279360262,0.02209135302573232,0.6383720573745832,0.1502291346119937,-0.2156349458245662,0.658165633784367,0.17060789635986068,1.2399978637695312,-0.54,32.0,12.0,1,0,0,0,RISK_ASSET,RISK_ASSET
2022-07-29,0.6581662513389288,-0.06353186956283047,0.031674113123906826,0.6362500369508949,0.15395996191753406,-0.21480627475856354,0.6532758876071687,0.18496996342470257,1.2099990844726705,-0.51,39.0,17.0,1,0,0,0,RISK_ASSET,RISK_ASSET
2022-08-01,0.5720419677342078,0.06523786484048552,-0.21828994459751774,0.6332186239932391,0.1579125264983306,-0.20986573042423926,0.6497178718115326,0.19054594085858467,0.3099975585937642,-0.45000000000000007,33.0,17.0,1,0,0,0,RISK_ASSET,RISK_ASSET
2022-08-02,0.5774657388549067,0.07573066924437954,-0.2477814148154554,0.6371560510916424,0.15378351248933184,-0.21084212471695113,0.6400558766862378,0.12934919659913025,-0.26000213623048296,-0.25,31.0,16.0,1,0,0,0,RISK_ASSET,RISK_ASSET
2022-08-03,0.55722019156799,0.07364379862656135,-0.24749330554186838,0.6299966442386237,0.14779814964845314,-0.21234506093513913,0.6400398518914132,0.1060226856337053,-0.5899963378906108,-0.41000000000000003,34.0,16.0,1,0,0,0,RISK_ASSET,RISK_ASSET
2022-08-04,0.5553297022102569,0.0655601549807074,-0.2425266437333421,0.6301071399388369,0.14492364894843662,-0.20845896498373648,0.6188489417132601,0.04488676667656696,-1.4399948120117188,-0.4600000000000001,30.0,15.0,1,0,0,0,RISK_ASSET,RISK_ASSET
2022-08-05,0.5250547579845615,0.06596264146441226,-0.2175170749921277,0.6247973288619059,0.17022603218386073,-0.2016164210515786,0.6255788169274606,0.06924944305230382,-0.3899993896484375,-0.35,31.0,11.0,1,0,0,0,RISK_ASSET,RISK_ASSET
2022-08-08,0.5405364156238579,0.08336801366130857,-0.22294410729854014,0.6237151603624967,0.17575303438700854,-0.20161448860432818,0.5395407846349222,0.17582506559751146,-1.5799942016601705,-0.38000000000000006,30.0,0.0,1,0,0,0,RISK_ASSET,RISK_ASSET
2022-08-09,0.5456621565011929,0.06876909278715806,-0.23070227874803811,0.6252552918273794,0.1745578784372076,-0.20218396412363165,0.5345434693538899,0.18126969349015623,-1.6999969482421733,-0.31,42.0,11.0,1,0,0,0,RISK_ASSET,RISK_ASSET
2022-08-10,0.5529011783401351,0.059222726133425545,-0.24927936532811373,0.6277011019514239,0.1731887181087149,-0.21255079911862207,0.5261282375320651,0.16958972859921623,-2.7600021362304545,-0.25,31.0,-3.0,1,0,0,0,RISK_ASSET,RISK_ASSET
2022-08-11,0.5500575972936784,0.06021650035260434,-0.23936984808661965,0.6270181601038839,0.17685159670229797,-0.21591678959511984,0.525746365341544,0.15245283940334234,-3.4500045776367188,-0.21999999999999997,41.0,8.0,1,0,0,0,RISK_ASSET,RISK_ASSET
2022-08-12,0.5426805141417357,0.0581590231636725,-0.2450646647850091,0.6286125745110887,0.18039036875262449,-0.2123651139995765,0.5267931310229439,0.15800062441734813,-2.4300003051758097,-0.19999999999999996,42.0,12.0,1,0,0,0,RISK_ASSET,RISK_ASSET
2022-08-15,0.5550931253048996,0.07935183870135896,-0.24404907410643534,0.6281253961495294,0.17783850891550015,-0.20930606097750598,0.4673988021704787,0.07086571747206899,-0.8199996948242472,-0.24,45.0,19.0,1,0,0,0,RISK_ASSET,RISK_ASSET
2022-08-16,0.546189691977183,0.1954500731871966,-0.36104362983331134,0.624191751573765,0.1829142051594365,-0.20907975582661148,0.4507682627809789,0.02089472919451575,-0.18000030517578125,-0.24,44.0,16.0,1,0,0,0,RISK_ASSET,RISK_ASSET
2022-08-17,0.5607296423695007,0.25614028434002534,-0.382092605287715,0.6249154456905812,0.18346027785974905,-0.2094308192777899,0.4578744740843713,0.004478027947020419,-0.5100021362304545,-0.23000000000000004,41.0,9.0,1,0,0,0,RISK_ASSET,RISK_ASSET
2022-08-18,0.5361708523067727,0.26606770959062764,-0.3936718689248796,0.623869229110959,0.18852268934056102,-0.20726061392824893,0.45815600208053064,0.0020746926862896444,0.5699996948242188,-0.21999999999999997,30.0,-9.0,1,0,0,0,RISK_ASSET,RISK_ASSET
2022-08-19,0.5828281215951898,0.31675171571066074,-0.43553568784510743,0.6222485389036455,0.21169502195880918,-0.22405695541387716,0.5850048120590843,-0.08435000345051472,1.439994812011733,0.0,33.0,0.0,1,0,0,0,RISK_ASSET,RISK_ASSET
2022-08-22,0.45885710441824973,0.2660626137496072,-0.31473049433209505,0.609202514196004,0.20255715213263253,-0.21544828541047323,0.5539284035594545,0.0017402483820434834,2.5699996948242045,0.010000000000000009,29.0,-2.0,1,0,0,0,RISK_ASSET,RISK_ASSET
2022-08-23,0.44408371884993736,0.2536416921571991,-0.317704722318749,0.60657060555582,0.20005523454972834,-0.21197718595937548,0.5538659379182925,0.013483886063548,1.4300003051758097,0.019999999999999962,28.0,-6.0,1,0,0,0,RISK_ASSET,RISK_ASSET
2022-08-24,0.46666480363169094,0.23451494753297114,-0.31692094398966064,0.6052185355357834,0.19899032519350365,-0.20946214744815028,0.48001811766815106,-0.06931186876434227,2.2300033569335795,0.13,25.0,-5.0,1,0,0,0,RISK_ASSET,RISK_ASSET
2022-08-25,0.47225374349449506,0.28385884928655103,-0.3394562649342826,0.6071096326345171,0.19778506631706916,-0.2161079329662522,0.45741598820318957,-0.09879268300340086,2.1200027465820312,0.22999999999999998,25.0,-6.0,1,0,0,0,RISK_ASSET,RISK_ASSET
2022-08-26,0.5405877191183985,0.3607872957785724,-0.34671652825199056,0.6135112395342518,0.22279176863659728,-0.22051589805724506,0.5007143284823948,-0.161230754871624,2.900001525878892,0.32999999999999996,27.0,-3.0,1,0,0,0,RISK_ASSET,RISK_ASSET
2022-08-29,0.6266841099813403,0.38809484543906814,-0.28708548701889075,0.6133380814704398,0.22305037030466332,-0.22101568891174603,0.4995835241182732,-0.13854051312874335,3.3899993896484233,0.45000000000000007,24.0,-18.0,1,0,0,0,RISK_ASSET,RISK_ASSET
2022-08-30,0.6051268712583445,0.400873337717194,-0.2365630191423581,0.6143845442773884,0.22465382163492081,-0.21935052334431293,0.5028957991550346,-0.14902159382969693,2.529998779296889,0.29000000000000004,27.0,-4.0,1,0,0,0,RISK_ASSET,RISK_ASSET
2022-08-31,0.6046773083178122,0.3815927216203452,-0.2400964835499261,0.6142299248428935,0.21894995285724883,-0.2188812391277992,0.5077085286511874,-0.13058090795336197,2.1899948120117188,0.44000000000000006,23.0,-18.0,1,0,0,0,RISK_ASSET,RISK_ASSET
2022-09-01,0.6082129882855951,0.38134687088772584,-0.21559707914986392,0.6124439895443539,0.23232192961566325,-0.21801404788026815,0.5088261996296931,-0.11724956502130637,4.0,0.5900000000000001,20.0,-22.0,1,0,0,0,RISK_ASSET,RISK_ASSET
2022-09-02,0.6024706336997508,0.3758731116789595,-0.22232794611088935,0.6048919530423612,0.23587846586086436,-0.2103645607952445,0.4930343086834986,-0.15377494380062606,2.9099960327148295,0.36,25.0,-20.0,1,0,0,0,RISK_ASSET,RISK_ASSET
2022-09-06,0.6139154961421277,0.39657030817861705,-0.31151225177704883,0.6061527299725609,0.24823409060289017,-0.2290147215729781,0.5100836845550692,-0.23422560584395524,3.7699966430664205,0.56,22.0,-22.0,1,0,0,0,RISK_ASSET,RISK_ASSET
2022-09-07,0.6362847180084988,0.41661078783477784,-0.3308823801710526,0.6093265068353788,0.252116187901213,-0.23957427588971278,0.5208104954227545,-0.1830094585984442,3.4699935913085795,0.48999999999999994,24.0,-17.0,1,0,0,0,RISK_ASSET,RISK_ASSET
2022-09-08,0.549543906591385,0.3467019969428937,-0.24591612572840219,0.6139501012466992,0.2512236666649954,-0.24871572965931354,0.4995497066464021,-0.21422018334878926,4.5100021362304545,0.53,20.0,-10.0,1,0,0,0,RISK_ASSET,RISK_ASSET
2022-09-09,0.5725266177774687,0.31892204066101637,-0.33372541057992855,0.6202761135598547,0.2703913905197003,-0.2737482452398256,0.6312531396675858,-0.11377284774826636,3.910003662109375,0.51,22.0,-11.0,1,0,0,0,RISK_ASSET,RISK_ASSET
2022-09-12,0.5992875915807138,0.34151953014417696,-0.3766292990208481,0.6231283720431801,0.2778548480350303,-0.2857523956784734,0.6506734869510609,-0.0869577755570566,2.7000045776367188,0.58,25.0,-4.0,1,0,0,0,RISK_ASSET,RISK_ASSET
2022-09-13,0.6894722635357755,0.43711872692931253,-0.5056181774456103,0.6332474547620286,0.28671351773275683,-0.3035631621278555,0.7259163282020104,-0.17328614234755293,3.2699966430664205,0.63,34.0,6.0,1,0,0,0,RISK_ASSET,RISK_ASSET
2022-09-14,0.6879856664261019,0.4337996536348954,-0.5057966745557498,0.6213436067266541,0.2846322264677057,-0.2823794652742595,0.726162553792718,-0.16546440474879132,3.160003662109375,0.57,27.0,2.0,1,0,0,0,RISK_ASSET,RISK_ASSET
2022-09-15,0.722735276481114,0.44071717739178845,-0.5024095325694481,0.6226600152089095,0.2876898079952361,-0.2828267311716445,0.7272806612397632,-0.16931704610618842,3.1699981689452983,0.5900000000000001,28.0,3.0,1,0,0,0,RISK_ASSET,RISK_ASSET
2022-09-16,0.7226513798586208,0.4916282401972143,-0.5318320655932495,0.5946757184331442,0.2501073904733379,-0.30725303223916006,0.7284228301105279,-0.16040486090197684,2.279998779296889,0.7100000000000001,20.0,-7.0,1,0,0,0,RISK_ASSET,RISK_ASSET
2022-09-19,0.7259826796913477,0.5416912689755666,-0.5975814623356681,0.5921940124469223,0.25710699189906877,-0.3101683133235499,0.635706093438081,-0.06599962030914096,1.5699996948241903,0.72,21.0,-3.0,1,0,0,0,RISK_ASSET,RISK_ASSET
2022-09-20,0.7306286768482853,0.5344969046533676,-0.5986678248110947,0.5834614923321859,0.281252029686543,-0.32024151406362134,0.6355908927490408,-0.12466545009982338,1.1699981689453267,0.71,23.0,-4.0,1,0,0,0,RISK_ASSET,RISK_ASSET
2022-09-21,0.7267027642021547,0.5366548794664565,-0.6100951297672044,0.5834711022796483,0.28644326495084016,-0.32928432594542006,0.6352627435791754,-0.14902885746971034,2.019996643066392,0.6599999999999999,23.0,0.0,1,0,0,0,RISK_ASSET,RISK_ASSET
2022-09-22,0.6663102504007132,0.5410228658300733,-0.5248792159451972,0.5765142032535671,0.289086100598613,-0.3119983387998588,0.6613348074414678,-0.09718684664205221,2.6699981689453125,0.8,22.0,2.0,1,0,0,0,RISK_ASSET,RISK_ASSET
2022-09-23,0.6596122036699212,0.5057538690945275,-0.4579520709512341,0.5795252381264356,0.27924500848813383,-0.2972546674265006,0.6592429042630488,-0.11275243959171884,4.720001220703111,0.8900000000000001,20.0,-5.0,1,0,0,0,RISK_ASSET,RISK_ASSET
2022-09-26,0.6573157207740177,0.481442387187986,-0.46258200854156656,0.578702091732974,0.2808454837126091,-0.2902285335441181,0.6239495800416339,-0.05255905362117755,5.2999954223632955,1.09,21.0,-1.0,1,0,0,0,RISK_ASSET,RISK_ASSET
2022-09-27,0.6637483245788519,0.48870802497014937,-0.4691829607672688,0.5712011105511231,0.285236953457521,-0.2855884115244961,0.6238197680476744,-0.0602816953001476,5.2700042724609375,1.0999999999999999,20.0,-4.0,1,0,0,0,RISK_ASSET,RISK_ASSET
2022-09-28,0.6648548753373107,0.4774264490906149,-0.46672617628395013,0.5789853170818791,0.26945192498317694,-0.2689063289744292,0.6218785344228509,-0.018871268359390368,3.8300018310546875,0.8299999999999998,20.0,0.0,1,0,0,0,RISK_ASSET,RISK_ASSET
2022-09-29,0.6259764723756458,0.47495691289352493,-0.4744838422799482,0.5678456234698104,0.27221121366821993,-0.2670134075789965,0.620701883932121,-0.02406370677309278,3.5500030517577983,0.9,22.0,0.0,1,0,0,0,RISK_ASSET,RISK_ASSET
2022-09-30,0.6262392784437911,0.47430885536072576,-0.4834032505577418,0.5687245448876013,0.27261843918788714,-0.27191756811348217,0.6207503484421357,-0.035158847628378974,2.4300003051758097,0.8699999999999999,21.0,-4.0,1,0,0,0,RISK_ASSET,RISK_ASSET
2022-10-03,0.6287146503473748,0.4500803230158036,-0.47451957368372166,0.5802617178519985,0.2662804879879251,-0.27123300050405214,0.6215755741225895,-0.01748779607270195,2.220001220703125,0.7,24.0,-10.0,1,0,0,0,RISK_ASSET,RISK_ASSET
2022-10-04,0.6946134850974698,0.500200330881694,-0.5476969235724363,0.5866414499716098,0.27776945237973066,-0.2849862311879158,0.5966567466835214,0.07657572341183612,-0.1399993896484375,0.5299999999999999,20.0,-7.0,1,0,0,0,RISK_ASSET,RISK_ASSET
2022-10-05,0.6934141174587267,0.5003758775469008,-0.539961201965883,0.5951276150166879,0.2777919051709227,-0.28474910412684695,0.5935616881215894,0.04413236358767502,1.2300033569335938,0.7200000000000001,25.0,-3.0,1,0,0,0,RISK_ASSET,RISK_ASSET
2022-10-06,0.6974698331310069,0.5028481612499416,-0.5321528905731577,0.6139030147130935,0.27874286391345904,-0.285474452180953,0.5951220466048416,0.03185225152554326,2.5500030517578267,0.7300000000000001,26.0,6.0,1,0,0,0,RISK_ASSET,RISK_ASSET
2022-10-07,0.6903870054567832,0.5068626377405975,-0.5338938921502574,0.6318414186538593,0.3187967327328868,-0.2949015567537765,0.4763997674086212,-0.08969567420982327,3.8000030517577983,0.7100000000000001,23.0,2.0,1,0,0,0,RISK_ASSET,RISK_ASSET
2022-10-11,0.6566592359385887,0.48469977892407307,-0.5489944971733174,0.6326004147821399,0.33133140408248246,-0.2782381297545307,0.30048527721939317,-0.06331712482232064,3.4000015258789062,0.6400000000000001,24.0,1.0,1,0,0,0,RISK_ASSET,RISK_ASSET
2022-10-12,0.6553763571410678,0.47706344265038175,-0.5610506843100732,0.6323040963599702,0.3293197200905005,-0.27677043176044147,0.30199830020778456,-0.055023259772475866,3.6599960327148438,0.6700000000000002,20.0,-2.0,1,0,0,0,RISK_ASSET,RISK_ASSET
2022-10-13,0.6533812391878888,0.47973957035799014,-0.5579508605934569,0.6339747757480786,0.3346456226963516,-0.2869246869174975,0.2923338130067426,-0.016288647008916374,2.6200027465820455,0.6099999999999999,20.0,0.0,1,0,0,0,RISK_ASSET,RISK_ASSET
2022-10-14,0.6430069982501994,0.4878509087328345,-0.5744619603068154,0.628771396955426,0.33496500645846505,-0.28644687673006464,0.2936113607351954,-0.03013340141172048,3.5499954223632812,0.52,24.0,3.0,1,0,0,0,RISK_ASSET,RISK_ASSET
2022-10-17,0.6386149077042104,0.5060740945475727,-0.580917778512934,0.6267635280397151,0.3377553566095573,-0.29115151189330246,0.2992582325031419,0.0003391188398224644,2.3000030517578267,0.42000000000000015,20.0,0.0,1,0,0,0,RISK_ASSET,RISK_ASSET
2022-10-18,0.6483102796193253,0.5013536517258179,-0.5713762840631608,0.6320004199468818,0.33701286186143214,-0.29274856680747713,0.2760619540591922,0.023212269037581314,1.9099960327148295,0.43000000000000016,22.0,2.0,1,0,0,0,RISK_ASSET,RISK_ASSET
2022-10-19,0.6411415538125917,0.48896214213791395,-0.5667440856416275,0.6313897257071919,0.3536804917016662,-0.2859607533987043,0.27014861925822026,0.03142646065686423,2.3400039672851562,0.5900000000000001,23.0,1.0,1,0,0,0,RISK_ASSET,RISK_ASSET
2022-10-20,0.6425837550558055,0.49140267881429706,-0.5650295171233616,0.6162722107290205,0.2290204309389325,-0.2583736569059956,0.2176889017195627,-0.01870789605139525,1.5299987792968608,0.43999999999999995,23.0,2.0,1,0,0,0,RISK_ASSET,RISK_ASSET
2022-10-21,0.6442740159531514,0.5155918152869179,-0.5753988548356229,0.6147134564967778,0.22675841895073595,-0.2577585316821424,0.21821228844953083,-0.006507409101290762,-1.1800003051757528,0.3699999999999999,23.0,-1.0,1,0,0,0,RISK_ASSET,RISK_ASSET
2022-10-24,0.6438854999350422,0.5067010584203205,-0.5571789906305471,0.6145490116095672,0.2199700830014004,-0.25525779034571394,0.22010164379765484,0.006373160580787905,-2.1100006103515767,0.09999999999999987,22.0,2.0,1,0,0,0,RISK_ASSET,RISK_ASSET
2022-10-25,0.5492410443532565,0.5082123319889456,-0.5418210280284855,0.5919109455268132,0.2859359596384021,-0.37902521175688686,0.2543408727928885,0.05027332035082026,-3.160003662109361,-0.04999999999999982,20.0,-5.0,1,0,0,0,RISK_ASSET,RISK_ASSET
2022-10-26,0.45907286420014043,0.5173185739424379,-0.5838567834431188,0.5723455934426899,0.2950621713224864,-0.3979669603961477,0.27167355938633986,0.0668814155525774,-2.900001525878892,0.2100000000000002,33.0,7.0,1,0,0,0,RISK_ASSET,RISK_ASSET
2022-10-27,0.4624630281680673,0.46400847375175025,-0.6194066533653736,0.5763575314016796,0.2961915221978922,-0.40201970953310834,0.2865858479052018,0.03576924547586438,-1.660003662109375,-0.06000000000000005,32.0,9.0,1,0,0,0,RISK_ASSET,RISK_ASSET
2022-10-28,0.4804049132101584,0.4280680854765669,-0.6124387066601951,0.5784867395058817,0.2982664962439266,-0.4102850206829088,0.2881577301726338,0.058155061547033766,-1.4500045776367188,-0.16999999999999993,30.0,8.0,1,0,0,0,RISK_ASSET,RISK_ASSET
2022-10-31,0.4990247754601348,0.43855297570209195,-0.6192261438446666,0.5732368529783692,0.3136386489333324,-0.41970606417016654,0.2881921151521332,0.043486782763257126,-0.220001220703125,0.15000000000000013,31.0,7.0,1,0,0,0,RISK_ASSET,RISK_ASSET
2022-11-01,0.5063709937478627,0.4218074582168986,-0.6280277438759057,0.5791596906953029,0.31065813228539485,-0.4190783782632076,0.26106597149615557,0.0072720550446845784,1.410003662109375,0.18000000000000016,30.0,10.0,1,0,0,0,RISK_ASSET,RISK_ASSET
2022-11-02,0.5169801391992721,0.4652919941084377,-0.6079515588038512,0.5765181715503618,0.31396213333325185,-0.42249120709340143,0.2654681397696481,-6.0162896145191797e-05,0.279998779296875,0.030000000000000027,30.0,10.0,1,0,0,0,RISK_ASSET,RISK_ASSET
2022-11-03,0.6291363100557141,0.5182714703996666,-0.7215870663975451,0.570685908629781,0.3139611937289062,-0.40694377996298464,0.2629282681705152,0.012674995353237184,0.6699981689452983,0.1299999999999999,30.0,6.0,1,0,0,0,RISK_ASSET,RISK_ASSET
2022-11-04,0.6126217777146906,0.6227282014358796,-0.7902939942139217,0.5746603714303892,0.34178829826166357,-0.42668439329055524,0.29296966441975936,0.07869482166838362,-1.9200057983398438,0.06999999999999984,30.0,10.0,1,0,0,0,RISK_ASSET,RISK_ASSET
2022-11-08,0.3481341942622643,0.15656615470286933,-0.434668838768103,0.5327391347248618,0.23154032530668148,-0.36607732988596453,0.4817439818752562,-0.027142394468833014,-3.5999984741210795,0.019999999999999796,31.0,8.0,1,0,0,0,RISK_ASSET,RISK_ASSET
2022-11-09,0.3777979384728559,0.15762899802702432,-0.43807394921021786,0.5313625267425287,0.26988089054743136,-0.41987880251547305,0.7157298699795844,-0.18758183901345116,-2.7699966430664205,0.07999999999999985,29.0,6.0,1,0,0,0,RISK_ASSET,RISK_ASSET
2022-11-10,0.5555320212216808,0.3218934402344936,-0.5464311304526246,0.5779155005710283,0.3484996542801288,-0.4786751588916278,0.8111357406614941,-0.09724445652446466,-4.150001525878906,-0.19999999999999996,22.0,-1.0,1,0,0,0,RISK_ASSET,RISK_ASSET
2022-11-14,0.5360421802083059,0.30595941978290375,-0.478368248470512,0.5589718864114831,0.3420771659745569,-0.44637026164965765,0.8136377644178728,-0.16251561516656768,-5.379997253417969,-0.06000000000000005,24.0,4.0,1,0,0,0,RISK_ASSET,RISK_ASSET
2022-11-15,0.5210730079031483,0.2823448786154782,-0.45450968063460395,0.5511967692893219,0.3389158499938929,-0.4313450553703133,0.8177459032020444,-0.13548397063772366,-5.729995727539048,-0.15000000000000013,22.0,-11.0,1,0,0,0,RISK_ASSET,RISK_ASSET
2022-11-16,0.5201572707621704,0.2838134468441833,-0.46272429527944475,0.5499200324602236,0.3373471503882483,-0.4314725684361853,0.8179384191172137,-0.13817902911252083,-6.700004577636719,-0.3400000000000001,23.0,-9.0,1,0,0,0,RISK_ASSET,RISK_ASSET
2022-11-17,0.5187037025067643,0.2767750334720254,-0.46705078852316706,0.5553344755150815,0.3324930638953471,-0.43224321879532707,0.81837342660158,-0.1326024305327409,-6.189994812011719,-0.24,20.0,-10.0,1,0,0,0,RISK_ASSET,RISK_ASSET
2022-11-18,0.5260873798079864,0.2643832970110697,-0.45935978980181486,0.5560437350378106,0.3438902278452651,-0.43825003657425154,0.8174953774381254,-0.13819971334043207,-5.080001831054702,-0.11999999999999988,23.0,-8.0,1,0,0,0,RISK_ASSET,RISK_ASSET
2022-11-21,0.5308890093120413,0.27320388891631114,-0.4808185113009778,0.5565319016081895,0.35015044586055727,-0.44711459272047854,0.8324054957948978,-0.2032587525552041,-4.150001525878892,-0.1399999999999999,21.0,-9.0,1,0,0,0,RISK_ASSET,RISK_ASSET
2022-11-22,0.5402802513649843,0.27115832401220064,-0.48702123422827537,0.5829758190745606,0.35678438705907817,-0.44293398717899835,0.8241601927801984,-0.21613416307467528,-3.7299957275390767,-0.15000000000000013,22.0,-8.0,1,0,0,0,RISK_ASSET,RISK_ASSET
2022-11-23,0.5447589830042612,0.2761010768038489,-0.5021050420578602,0.5766968235557647,0.36007891899351874,-0.442777011027615,0.8196159573222804,-0.22348340044788517,-3.6199951171875284,-0.2100000000000002,22.0,-8.0,1,0,0,0,RISK_ASSET,RISK_ASSET
2022-11-25,0.5410952810894302,0.28947078077376975,-0.4984467634033101,0.5796475069563729,0.36115923150353957,-0.4428918366754756,0.8185584841928513,-0.2052396546536237,-4.629997253417969,-0.1499999999999999,20.0,-10.0,1,0,0,0,RISK_ASSET,RISK_ASSET
2022-11-28,0.5593661893082675,0.2978651088183315,-0.507065189186099,0.5821853798580819,0.36675021955061143,-0.44450568280956876,0.8136739880913236,-0.23898545140021704,-3.9899978637695455,-0.08000000000000007,28.0,-5.0,1,0,0,0,RISK_ASSET,RISK_ASSET
2022-11-29,0.5473176669462856,0.3005779416446961,-0.491151658318401,0.5788282947202271,0.3700425785209456,-0.4445747796689562,0.8183232118301398,-0.22019828037061204,-4.709999084472656,-0.08000000000000007,26.0,-5.0,1,0,0,0,RISK_ASSET,RISK_ASSET
2022-11-30,0.5739802838524118,0.3246135155381555,-0.5034977595076243,0.5930710101276077,0.38107019938255476,-0.46502495849091025,0.83899034544784,-0.1766260817708736,-5.530006408691392,-0.21999999999999997,29.0,0.0,1,0,0,0,RISK_ASSET,RISK_ASSET
2022-12-01,0.574273888286748,0.310931939127779,-0.4926463087944464,0.594723047269572,0.3690350198132783,-0.4556013838002373,0.8386606657212465,-0.172397726350386,-6.6199951171875,-0.40000000000000013,27.0,5.0,1,0,0,0,RISK_ASSET,RISK_ASSET
2022-12-02,0.5730490749148763,0.3043948489580276,-0.49151378392215694,0.5734200908649894,0.35527448424974734,-0.447842294097845,0.8395880906670591,-0.16776185679536812,-8.379997253417983,-0.6599999999999999,27.0,2.0,1,0,0,0,RISK_ASSET,RISK_ASSET
2022-12-05,0.5678675892844822,0.29116104603211507,-0.48301726693009595,0.5689850383879766,0.34076728239515686,-0.44849133118228807,0.8166263115602181,-0.21977751666462356,-5.589996337890611,-0.48,26.0,2.0,1,0,0,0,RISK_ASSET,RISK_ASSET
2022-12-06,0.5490366830934054,0.29758557536754326,-0.4787851362910754,0.5650093669621167,0.3413111278171669,-0.44711268476146754,0.8168766169664965,-0.18696331680023537,-4.540000915527372,-0.49,25.0,3.0,1,0,0,0,RISK_ASSET,RISK_ASSET
2022-12-07,0.5342381941050554,0.29678775209714114,-0.46088041436871674,0.5658654858516029,0.340707380295776,-0.4483852191784556,0.7389386218552838,-0.0957596478212121,-4.520004272460952,-0.48,29.0,6.0,1,0,0,0,RISK_ASSET,RISK_ASSET
2022-12-08,0.5840198733265783,0.2856859597399845,-0.4432967128270839,0.5683538295953857,0.3390703536402192,-0.44932832348103285,0.5017544673003994,0.0817441004299747,-5.780006408691392,-0.5,25.0,5.0,1,0,0,0,RISK_ASSET,RISK_ASSET
2022-12-09,0.5798069603016015,0.28221005674752037,-0.43840599562268784,0.575739703790234,0.3388565785846976,-0.44942432743528377,0.3532420975273314,-0.02613167908719806,-3.400001525878892,-0.11999999999999988,26.0,3.0,1,0,0,0,RISK_ASSET,RISK_ASSET
2022-12-13,0.586146380627247,0.32550004393427656,-0.4662232734068711,0.5832624312934519,0.37037675153124133,-0.47874287498262597,0.34003397383673756,0.06764994248191367,-2.6800003051757812,-0.24,27.0,5.0,1,0,0,0,RISK_ASSET,RISK_ASSET
2022-12-14,0.5859732893174538,0.3216206980147298,-0.46705648330963956,0.5837968913462546,0.36574341962752094,-0.47881578285131465,0.3369733666419813,0.053674555944569435,-2.6300048828125,-0.1499999999999999,30.0,8.0,1,0,0,0,RISK_ASSET,RISK_ASSET
2022-12-15,0.5982510714643504,0.3284665924079122,-0.4724083702705051,0.5835837290484162,0.3742241885722747,-0.48379371008568867,0.3471553146531824,0.040871855294283096,-1.7200012207031108,-0.09999999999999987,31.0,11.0,1,0,0,0,RISK_ASSET,RISK_ASSET
2022-12-16,0.6178779615002417,0.31564965442128057,-0.5238998055351414,0.5776714060993885,0.3650836664248523,-0.4746895810019059,0.3794450456688107,-0.0024018731078657915,-1.990005493164034,-0.1399999999999999,29.0,1.0,1,0,0,0,RISK_ASSET,RISK_ASSET
2022-12-19,0.6087101178438903,0.25352132674614086,-0.4900702923525275,0.57824495752202,0.36607571119991983,-0.4745252091694577,0.38185418270626714,-0.015577711666888708,-2.2099990844726562,-0.15000000000000013,29.0,3.0,1,0,0,0,RISK_ASSET,RISK_ASSET
2022-12-20,0.6116725080893081,0.2725588806525544,-0.5145774662679206,0.5743752139907063,0.37132709847168094,-0.48696327078464297,0.33655282672556863,0.06848179353739892,-3.8699951171875,-0.07000000000000006,29.0,0.0,1,0,0,0,RISK_ASSET,RISK_ASSET
2022-12-21,0.6860866340270657,0.4889472972434212,-0.5959067562237169,0.5730069236926251,0.3720673528256599,-0.4884013460498538,0.3281376948288637,0.03804256903683042,-3.05999755859375,-0.030000000000000027,26.0,-1.0,1,0,0,0,RISK_ASSET,RISK_ASSET
2022-12-22,0.7368960718035519,0.548158285298784,-0.5993416192568188,0.5682631676816585,0.3670446345059051,-0.48753406725367876,0.3165174025148873,0.013135827462171583,-1.650001525878892,0.09000000000000008,28.0,1.0,1,0,0,0,RISK_ASSET,RISK_ASSET
2022-12-23,0.5420579003828714,0.33176810411408475,-0.4121981078077724,0.5668278905945464,0.36459230935692555,-0.4876500219850577,0.3159229021747478,0.01651425756070962,-1.650001525878892,0.18999999999999995,27.0,1.0,1,0,0,0,RISK_ASSET,RISK_ASSET
2022-12-27,0.6479553646534372,0.3679924949523301,-0.6484906800401026,0.5662054954485422,0.36305935812154594,-0.4909876032823737,0.3087450211631266,0.030356617324931917,-2.5,0.15000000000000013,27.0,2.0,1,0,0,0,RISK_ASSET,RISK_ASSET
2022-12-28,0.6473035826146863,0.3884399426113262,-0.6422948302572709,0.565744146754762,0.357448496930304,-0.4862995548227944,0.3076724049923754,0.006521102914335601,-2.3600006103515625,0.10000000000000009,28.0,-1.0,1,0,0,0,RISK_ASSET,RISK_ASSET
2022-12-29,0.6166874015563332,0.38732556281495595,-0.639646053849078,0.580572171785101,0.36655281279997914,-0.5029424123913563,0.2666176390872386,-0.031130018844088874,-2.1100006103515767,0.21999999999999997,28.0,3.0,1,0,0,0,RISK_ASSET,RISK_ASSET
2022-12-30,0.6100979204287288,0.3807763387775401,-0.6413395748603294,0.5805428351942441,0.36539452622742774,-0.502083444453376,0.2640365921897944,-0.021719646127481222,-1.2100067138671875,0.41000000000000014,28.0,2.0,1,0,0,0,RISK_ASSET,RISK_ASSET
2023-01-03,0.6058419682634113,0.38995439771903506,-0.598425111839901,0.5800701076869041,0.3663668655043631,-0.4929312029721233,0.26319770367322326,-0.024213245726061178,-0.03000640869139204,0.44999999999999996,26.0,-1.0,1,0,0,0,RISK_ASSET,RISK_ASSET
2023-01-04,0.6100220184493909,0.4051060350673985,-0.6035459932485389,0.580495375559673,0.36777013930042346,-0.4932184366102113,0.2656285506572829,-0.006595430142441041,-1.0400009155273438,0.26,29.0,2.0,1,0,0,0,RISK_ASSET,RISK_ASSET
2023-01-05,0.6469174191530043,0.3772316489795072,-0.5342376986010344,0.5614225129668173,0.3486187707404313,-0.4895837712300398,0.2643974380399809,-0.01490128311169922,-0.5400009155273295,0.29000000000000004,29.0,-1.0,1,0,0,0,RISK_ASSET,RISK_ASSET
2023-01-06,0.6154276088129037,0.3892904696137646,-0.5070105071602076,0.5603182625473966,0.347830452669022,-0.48808491280122596,0.2608806099249017,0.006144486956291676,-1.2200012207031392,0.18000000000000016,26.0,-5.0,1,0,0,0,RISK_ASSET,RISK_ASSET
2023-01-09,0.6109982695938583,0.3802124592276684,-0.48136941456345217,0.5595509395620528,0.3436838506022777,-0.4914424529165111,0.2534196785552485,-0.0021446357601168104,-1.7699966430664062,0.1100000000000001,25.0,-4.0,1,0,0,0,RISK_ASSET,RISK_ASSET
2023-01-10,0.6174568619741718,0.379418218045375,-0.4614569289364596,0.5627494182479842,0.35017485459871994,-0.4887567699707619,0.25730836724518413,0.01811186861665911,-1.5699996948242472,0.06000000000000005,26.0,-3.0,1,0,0,0,RISK_ASSET,RISK_ASSET
2023-01-11,0.6239633060395324,0.32151028823292827,-0.40918105380696096,0.5670244485199282,0.35052648559682154,-0.4936619609046553,0.273339404191233,0.04146475220478927,-1.9399948120117188,-0.020000000000000018,26.0,-3.0,1,0,0,0,RISK_ASSET,RISK_ASSET
2023-01-12,0.599673747392539,0.3564692941934918,-0.4779956241050066,0.5655357279815423,0.3637802253313469,-0.503439035118828,0.3041142054344637,0.059403143964248,-1.7300033569335938,-0.050000000000000044,30.0,4.0,1,0,0,0,RISK_ASSET,RISK_ASSET
2023-01-13,0.5038958373256086,0.3550460435175844,-0.37868233980795624,0.566991527017842,0.36849546268269545,-0.4882775005298724,0.3509244471018531,0.11112342612574538,-1.5699996948242045,0.010000000000000009,31.0,3.0,1,0,0,0,RISK_ASSET,RISK_ASSET
2023-01-17,0.4747130114776653,0.29841228892838667,-0.37273040931175483,0.5563507695001557,0.342504152089524,-0.47148939539163126,0.380629165194836,0.1977354905031904,-2.1699981689453267,0.08000000000000007,51.0,24.0,1,0,0,0,RISK_ASSET,RISK_ASSET
2023-01-18,0.4905626756880875,0.3127077828739264,-0.3657387031930703,0.558684096766031,0.34547169742311584,-0.47075526395716205,0.3517923230991925,0.21733246833138917,-2.339996337890639,-0.10000000000000009,52.0,25.0,1,0,0,0,RISK_ASSET,RISK_ASSET
2023-01-19,0.46525958965892705,0.3096419758652903,-0.356018594641254,0.547198036861319,0.35446418067998237,-0.4703601080519167,0.34213637728444884,0.2489490131476077,-2.660003662109361,-0.22999999999999998,45.0,17.0,1,0,0,0,RISK_ASSET,RISK_ASSET
2023-01-20,0.556250053371733,0.2137948359991222,-0.3071535388325621,0.5575781815656897,0.3325499391894745,-0.4522374304875046,0.3980887575599377,0.29364486067618323,-1.959999084472642,-0.19999999999999996,51.0,23.0,1,0,0,0,RISK_ASSET,RISK_ASSET
2023-01-23,0.5395965950709657,0.24138946243778397,-0.33482295097750386,0.5142180818771351,0.3057675790815862,-0.4154547286316981,0.39170384526616303,0.3102172450589503,-2.0200042724609375,-0.16999999999999993,50.0,22.0,1,0,0,0,RISK_ASSET,RISK_ASSET
2023-01-24,0.5340095651394544,0.2392937116189159,-0.31762126041653166,0.5153805406063737,0.30404037051479005,-0.4141409547319504,0.40108316989095805,0.29637895044696555,-2.5100021362304545,-0.29000000000000004,52.0,26.0,1,0,0,0,RISK_ASSET,RISK_ASSET
2023-01-25,0.5239541989619516,0.24504552168544416,-0.31811092596084567,0.5100062006298766,0.29333341262235346,-0.4147179235517873,0.39681670689803183,0.31940794357711105,-2.6699981689453267,-0.3800000000000001,51.0,22.0,1,0,0,0,RISK_ASSET,RISK_ASSET
2023-01-26,0.5021023793931743,0.257602102985955,-0.32323354356438433,0.5065020331560874,0.29345394709788336,-0.41518890826672356,0.3961266436296808,0.32048173938621954,-2.3400039672851562,-0.42000000000000015,54.0,25.0,1,0,0,0,RISK_ASSET,RISK_ASSET
2023-01-27,0.48433163506302673,0.22307543112701123,-0.2865876823288146,0.5086807179764827,0.2932305388430915,-0.41504199659140234,0.38838530350709916,0.3323698361606348,-2.529998779296875,-0.41000000000000014,55.0,29.0,1,0,0,0,RISK_ASSET,RISK_ASSET
2023-01-30,0.4970069226353297,0.23011116297169745,-0.3052701388478647,0.507426409806547,0.2883504661045641,-0.41145039345362766,0.3978630458005871,0.3165692977411144,-1.55999755859375,-0.30000000000000004,61.0,36.0,1,0,0,0,RISK_ASSET,RISK_ASSET
2023-01-31,0.4432513841976199,0.1466584005681119,-0.24624302783229204,0.5049873865947739,0.29188365757723844,-0.40882055490888164,0.3925080484974273,0.33197328215938826,-1.4199981689453125,-0.30000000000000004,51.0,25.0,1,0,0,0,RISK_ASSET,RISK_ASSET
2023-02-01,0.4297851827937277,0.23953115327653957,-0.2510603299961275,0.5278439352081222,0.30423055703951896,-0.43636214322343303,0.3909985644273388,0.352275630302167,-3.2999954223632812,-0.3900000000000001,56.0,30.0,1,0,0,0,RISK_ASSET,RISK_ASSET
2023-02-02,0.3055056646649059,0.27827694836310984,-0.2792150164522794,0.5118272831311607,0.30634929772909186,-0.4463174237525017,0.4026245886269278,0.3306667264627634,-2.5,-0.29000000000000004,60.0,30.0,1,0,0,0,RISK_ASSET,RISK_ASSET
2023-02-03,0.3299809548648389,0.2671283228233133,-0.27302012945562276,0.5100900903525984,0.29811310922572815,-0.44172477939465365,0.4022834112661089,0.3312784079335305,-2.120002746582017,-0.17999999999999994,60.0,29.0,1,0,0,0,RISK_ASSET,RISK_ASSET
2023-02-06,0.38409729220717104,0.24335148308241905,-0.32209069102354,0.5132705209246272,0.296068050758148,-0.4485187386140468,0.43233344830324705,0.29462543730255175,-0.2599945068359091,0.039999999999999813,56.0,5.0,1,0,0,0,RISK_ASSET,RISK_ASSET
2023-02-07,0.38927732047725705,0.23116895720699643,-0.32029499766239095,0.5146264763140652,0.2915727703843093,-0.4476518926528404,0.4330395486617385,0.30221055565285343,0.43000030517578125,0.050000000000000044,54.0,2.0,1,0,0,0,RISK_ASSET,RISK_ASSET
2023-02-08,0.4173709532264946,0.2272244752228715,-0.3197404029268839,0.5274136252200546,0.290893345803953,-0.4472889103434893,0.44466894275308505,0.27372869929796007,0.17000579833985796,-0.08000000000000007,58.0,13.0,1,0,0,0,RISK_ASSET,RISK_ASSET
2023-02-09,0.43639339330002863,0.2926853467942456,-0.2727045039963288,0.5295038354055782,0.3010564598144739,-0.43864234913689926,0.4926491597247588,0.19603460087911176,0.02999877929688921,0.030000000000000027,55.0,4.0,1,0,0,0,RISK_ASSET,RISK_ASSET
2023-02-10,0.43006405918898455,0.27884144923047827,-0.27531766492778637,0.5307475846187336,0.3024433743504059,-0.438847099387535,0.47247512617537746,0.13750860266401954,1.3799972534179545,0.18999999999999995,48.0,-2.0,1,0,0,0,RISK_ASSET,RISK_ASSET
2023-02-13,0.4471704101621172,0.2818729182918082,-0.28391789718488475,0.5218197616697545,0.2893543567101134,-0.4272105165753372,0.4408062492028087,0.09108079951346987,1.150001525878892,0.09999999999999987,48.0,-4.0,1,0,0,0,RISK_ASSET,RISK_ASSET
2023-02-14,0.44416126672973055,0.289563786869422,-0.2967421563113162,0.5221679314388422,0.2874715532722552,-0.4272264799650315,0.3944646588455032,0.04884458220718548,0.8400039672851562,0.09999999999999987,50.0,-1.0,1,0,0,0,RISK_ASSET,RISK_ASSET
2023-02-15,0.41477851121444254,0.16313593471845844,-0.1333305652247633,0.5134760087208606,0.24209254377668513,-0.37384719322971927,0.4856342581706191,0.16120742122368242,1.5599975585937642,0.20999999999999996,53.0,-1.0,1,0,0,0,RISK_ASSET,RISK_ASSET
2023-02-16,0.4544272885732926,0.1649023885630821,-0.12666013925741285,0.5172599531843112,0.23606786939541774,-0.3684695195866645,0.49978464542534745,0.11359398563921873,1.8000030517577983,0.30000000000000004,62.0,7.0,1,0,0,0,RISK_ASSET,RISK_ASSET
2023-02-17,0.41934159979257235,0.15808176048598785,-0.10547790792724987,0.506008663283637,0.22823981682925612,-0.36126191237945177,0.45451422663355145,0.08001568245427156,1.8499984741210795,0.20999999999999996,61.0,0.0,1,0,0,0,RISK_ASSET,RISK_ASSET
2023-02-21,0.45130896416301464,0.1899611525737979,-0.14366441259342685,0.5033459287716798,0.2285714630256067,-0.3616343933313576,0.4547761360714742,0.0634325752526479,2.0400009155273438,0.29000000000000004,60.0,9.0,1,0,0,0,RISK_ASSET,RISK_ASSET
2023-02-22,0.4495864010441159,0.20022041528343817,-0.16612112165737025,0.5030450862624175,0.23051391303036028,-0.3638201231404431,0.453580945744636,0.06632925757255087,2.6699981689452983,0.33000000000000007,59.0,3.0,1,0,0,0,RISK_ASSET,RISK_ASSET
2023-02-23,0.43865807239737387,0.19670955365763962,-0.1650603245659405,0.5013499173772514,0.2343174461640448,-0.36341984818695783,0.4510119677262996,0.03525815610920918,2.9599990844726562,0.32000000000000006,56.0,-4.0,1,0,0,0,RISK_ASSET,RISK_ASSET
2023-02-24,0.4599628820016951,0.22010469473620248,-0.20636553015339817,0.5093293086003295,0.23848614856283526,-0.36921576773360654,0.4655391556789259,0.0071532372966103056,3.3700027465820312,0.41000000000000014,53.0,-7.0,1,0,0,0,RISK_ASSET,RISK_ASSET
2023-02-27,0.46082217741269554,0.167785080706389,-0.12169187617052546,0.5102786440179947,0.23870003109199017,-0.36756543858965957,0.46788353383704245,0.01906183608145529,2.7399978637695455,0.3700000000000001,50.0,-6.0,1,0,0,0,RISK_ASSET,RISK_ASSET
2023-02-28,0.45959095033624564,0.0730431487275443,-0.11502868067669114,0.513230103132618,0.23672671245443141,-0.36848470625913393,0.470036013379666,0.013360998800353296,2.5900039672851705,0.22999999999999998,53.0,-1.0,1,0,0,0,RISK_ASSET,RISK_ASSET
2023-03-01,0.4718297865463084,0.1354552739043689,-0.15915849669063065,0.5080685965531512,0.23599183228457657,-0.368742769652672,0.47365904742336257,0.021685515200002843,2.3800048828125,0.29000000000000004,50.0,-8.0,1,0,0,0,RISK_ASSET,RISK_ASSET
2023-03-02,0.44844123554893134,0.12984253020807932,-0.1805158310371556,0.5058821269110981,0.23595376202169213,-0.3698366224766112,0.4662648686605224,-0.010521569599482822,3.80999755859375,0.4600000000000002,51.0,-4.0,1,0,0,0,RISK_ASSET,RISK_ASSET
2023-03-03,0.36792473835758854,0.0004082085463935862,-0.07386692171597958,0.48110451844715096,0.21711370617134654,-0.35480021837117126,0.49424206262306686,-0.04840924545188592,2.7699966430664062,0.27,50.0,2.0,1,0,0,0,RISK_ASSET,RISK_ASSET
2023-03-06,0.2762767317669418,0.02117403115463515,-0.056453004009251,0.48060965324281313,0.2177456855412103,-0.3551523978183165,0.49457866399895234,-0.0444530422292022,1.430000305175767,0.17999999999999994,48.0,0.0,1,0,0,0,RISK_ASSET,RISK_ASSET
2023-03-07,0.27101166465905324,0.034078782859912816,-0.07804915319166308,0.47356367416410683,0.21991681671258284,-0.3438589156986156,0.4851706841561653,-0.024027002799818196,2.0,0.2100000000000002,49.0,-1.0,1,0,0,0,RISK_ASSET,RISK_ASSET
2023-03-08,0.25913375882787293,0.03887422229446793,-0.08411647431984598,0.4903293026781523,0.21610116670386964,-0.33309835690056094,0.4830084457972588,-0.06877451357588316,2.2300033569335938,0.2999999999999998,50.0,-3.0,1,0,0,0,RISK_ASSET,RISK_ASSET
2023-03-09,0.34070238952756843,-0.08792460628045937,0.014798103157783139,0.499024456787563,0.190777852362915,-0.3103860354401,0.5264405770662307,-0.1191353044204105,1.8999938964843892,0.33999999999999986,44.0,-18.0,1,0,0,0,RISK_ASSET,RISK_ASSET
2023-03-10,0.3463216652490905,-0.09144625226347025,0.02228364455990377,0.49866881303797056,0.18809455038697498,-0.30715429578861314,0.5016272066844907,-0.07773201338240716,1.3600006103515483,0.09999999999999987,34.0,-27.0,1,0,0,0,RISK_ASSET,RISK_ASSET
2023-03-13,0.27965422835453807,0.2608358900822519,-0.2557151609171712,0.44935032333129593,0.26583309386762355,-0.33665807317807384,0.8127707978268272,0.11119057180042378,-0.02999877929686079,-0.09999999999999987,49.0,-11.0,1,0,0,0,RISK_ASSET,RISK_ASSET
2023-03-14,0.2871537999398383,0.24895930534599656,-0.25254718978140916,0.45238210688617086,0.2620087126889321,-0.3353453926896764,0.8148597165526732,0.12638532694481064,0.25,-0.07999999999999985,56.0,-3.0,1,0,0,0,RISK_ASSET,RISK_ASSET
2023-03-15,0.2830091352613657,0.2334305161425208,-0.2590443716175106,0.4528403627130953,0.25526856150845567,-0.338576286923423,0.8167581646816588,0.09256844106905647,1.4199981689453125,-0.24,50.0,-6.0,1,0,0,0,RISK_ASSET,RISK_ASSET
2023-03-16,0.28674875555933643,0.22153936192869572,-0.2510036579687194,0.4601064281521194,0.25533009799510764,-0.35002460332480184,0.7614658982326044,0.03018615517551068,0.5,-0.11999999999999988,52.0,-1.0,1,0,0,0,RISK_ASSET,MIXED
2023-03-17,0.2905360709694697,0.34204516859161865,-0.31185105748759806,0.4301327145033107,0.28273183161454,-0.3468196762943039,0.8118794037975339,0.1491750740118637,-0.15000152587890625,-0.19999999999999996,51.0,1.0,1,0,0,0,RISK_ASSET,MIXED
2023-03-20,0.29275312046234725,0.3712376909021509,-0.32698446735721787,0.4357327330054115,0.2789531634995569,-0.3589849784870525,0.8039858472230933,0.12250962239070465,-0.5800018310546875,-0.1299999999999999,66.0,13.0,1,0,0,0,RISK_ASSET,MIXED
2023-03-21,0.2793123097720584,0.33770943902927836,-0.3045232959687704,0.4627721979849114,0.3520518869115495,-0.3958417172549808,0.8033759675323723,0.14239211408704858,-0.9199981689452983,-0.16999999999999993,68.0,18.0,1,0,0,0,RISK_ASSET,MIXED
2023-03-22,0.2955798810604486,0.28467528351655513,-0.23844525110261142,0.4460177642219389,0.33479709930154256,-0.34367559381374047,0.8123816627468214,0.12126757618202641,-2.2399978637695312,-0.32000000000000006,62.0,11.0,1,0,0,0,RISK_ASSET,MIXED
2023-03-23,0.29887465740453134,0.30096224168478997,-0.22759111283161312,0.3718103373559504,0.28028920053732237,-0.2592386284772554,0.8168825473901679,0.16819792386548604,-2.0699996948242188,-0.30000000000000004,57.0,7.0,0,0,0,1,MIXED,MIXED
2023-03-24,0.2667130334187836,0.2971461318795706,-0.27032059744795234,0.38859576296487064,0.30012557729701983,-0.3281639943808521,0.8158653985430386,0.16987025808637396,-2.089996337890611,-0.41000000000000014,61.0,13.0,0,0,0,1,MIXED,MIXED
2023-03-27,0.26693985001290527,0.3065881654398552,-0.2562068239097634,0.3848520202378213,0.3066450984982084,-0.3198667847960566,0.818902262401175,0.14303136651106937,-1.8099975585937642,-0.27,64.0,15.0,0,0,0,1,MIXED,MIXED
2023-03-28,0.273561330871703,0.3056431464934638,-0.2532691275979325,0.3834856692142055,0.3050515668697283,-0.317866011844265,0.8146135802124634,0.1638381974800865,-2.440002441406264,-0.25,59.0,9.0,0,0,0,1,MIXED,MIXED
2023-03-29,0.29116121862436883,0.28882806166739045,-0.2397799921388175,0.3880247977994949,0.2945415638583287,-0.3119715540192939,0.8204087083326439,0.18135479185361442,-1.8400039672851562,-0.33000000000000007,57.0,13.0,0,0,0,1,MIXED,MIXED
2023-03-30,0.254981631274185,0.37022847980104867,-0.3325823293781473,0.38423619008025217,0.28855529781118094,-0.305389822062014,0.8214995438308372,0.177446543321763,-2.8899993896484375,-0.3900000000000001,60.0,26.0,0,0,0,1,MIXED,MIXED
2023-03-31,0.231808335520545,0.35817404974957967,-0.32612263072012776,0.38501006587365694,0.2852527293044,-0.3012495625145341,0.7945358291245195,0.241755383939988,-2.0099945068359233,-0.29000000000000004,63.0,14.0,0,0,0,1,MIXED,MIXED
2023-04-03,0.2536721340974083,0.34695598825308005,-0.31118722798236165,0.3773148888886323,0.2689457496890476,-0.2664905345297349,0.8041175513816443,0.2142956345482048,-2.2600021362304688,-0.3500000000000001,63.0,7.0,0,0,0,1,MIXED,MIXED
2023-04-04,0.2527536096718674,0.34313803554440764,-0.31079011814288643,0.37248272586662423,0.26950078503688063,-0.2630196605165416,0.8007941855974133,0.23720735938888424,-4.0300064086914205,-0.49,62.0,12.0,0,0,0,1,MIXED,MIXED
2023-04-05,0.25200472950122976,0.33873676508236195,-0.3051696194867691,0.37000713749776354,0.2676363193854783,-0.25660972613083005,0.7921060978364811,0.2603958801547222,-3.8100051879882812,-0.5899999999999999,62.0,10.0,0,0,0,1,MIXED,MIXED
2023-04-06,0.2538975478732652,0.3380719275947736,-0.30429924481781095,0.3666508849413154,0.2694057428715339,-0.2572732976677181,0.7440451090145075,0.32005913613667614,-3.4899978637695455,-0.5699999999999998,63.0,12.0,0,0,0,1,MIXED,MIXED
2023-04-10,0.2089825544265074,0.2743629011546427,-0.20137940478210656,0.3547964851150863,0.24460360304891737,-0.21679427742823867,0.7505029895889535,0.3845117153494506,-2.0,-0.30000000000000004,62.0,-4.0,0,0,0,1,MIXED,MIXED
2023-04-11,0.20222812593060668,0.2758462778146264,-0.2036482034470718,0.3543730031293713,0.24552218486890098,-0.2198869679584713,0.4649747111759242,0.22275143745585652,-1.400001525878892,-0.17000000000000015,68.0,0.0,0,0,0,1,MIXED,MIXED
2023-04-12,0.20439206879419386,0.27778610112823143,-0.18106639353780288,0.3382762089389601,0.23372419034342068,-0.19935089515460283,0.4655845315037982,0.1971549048422164,-2.0999984741210938,-0.19000000000000017,65.0,3.0,0,0,0,1,MIXED,MIXED
2023-04-13,0.20556378131390093,0.2728892996976719,-0.17579141380098354,0.33657581254192315,0.2471874561270676,-0.2188080512980601,0.4567355508281616,0.2208144584361159,-3.6399993896484233,-0.06000000000000005,61.0,4.0,0,0,0,1,MIXED,MIXED
2023-04-14,0.21313457296538618,0.26362671982896396,-0.16685645952150033,0.33685240639334124,0.2449617074131503,-0.21862851867838687,0.4535494008880819,0.19627253442848355,-2.8699951171875284,-0.1200000000000001,68.0,7.0,0,0,0,1,MIXED,MIXED
2023-04-17,0.28916005474110723,0.3160983883088917,-0.2382897278187668,0.32973917096130084,0.24707570338395382,-0.22740570557070477,0.3727612994511097,0.07110966350696737,-1.6100006103515625,-0.010000000000000009,69.0,5.0,0,0,0,1,MIXED,MIXED
2023-04-18,0.2845780013971653,0.31546513072372545,-0.2455258850935316,0.3325358042604848,0.2483368677150381,-0.23203695084609968,0.38444360208774164,0.09050532669984207,-1.529998779296875,-0.030000000000000027,58.0,-1.0,0,0,0,1,MIXED,MIXED
2023-04-19,0.2706537158053158,0.3257102745829449,-0.25623909100885917,0.32588811898490594,0.2619330975811532,-0.24471365609927653,0.4308186076049836,0.022698530613858965,-1.290000915527358,-0.040000000000000036,63.0,6.0,0,0,0,1,MIXED,MIXED
2023-04-20,0.29107247533560887,0.3178369558661577,-0.249083900410324,0.32706159218983405,0.25923183291492186,-0.2398458104035543,0.4219109327301519,0.033792338780603184,-0.5100021362304688,0.08000000000000007,52.0,-8.0,0,0,0,1,MIXED,MIXED
2023-04-21,0.2041929403185411,0.3929263592729876,-0.28900894922656806,0.3230956313200636,0.27105929669180334,-0.23795569477317133,0.41954197539662846,-0.038020969412550724,-0.7099990844726562,0.10000000000000009,50.0,-13.0,0,0,0,1,MIXED,MIXED
2023-04-24,0.18873907740914486,0.43690328168057424,-0.3115746478135389,0.3241754692069919,0.2722792977420751,-0.23846720084085993,0.40808132697742927,0.0011652305424531915,-1.7700042724609517,0.08000000000000007,53.0,-10.0,0,0,0,1,MIXED,MIXED
2023-04-25,0.16763166474483696,0.29685460445076417,-0.0790922993095219,0.3034750839178986,0.26471779257918765,-0.2154563358219831,0.41617200087771344,0.042125684632701596,-1.0,-0.14000000000000012,53.0,-9.0,0,0,0,1,MIXED,MIXED
2023-04-26,0.1401981291816043,0.3130333463961518,-0.08093253539040106,0.3032055790393875,0.2641404466084333,-0.2150916320650034,0.4161263827226619,0.04146951040736812,-0.9599990844726562,-0.06000000000000005,56.0,-6.0,0,0,0,1,MIXED,MIXED
2023-04-27,0.19661725344451939,0.3216929023096733,-0.01997816293518171,0.3005699942871325,0.24933809767794285,-0.20036859918546654,0.41338112188411524,0.038929243956971143,-1.1399993896484375,0.020000000000000018,59.0,-4.0,0,0,0,1,MIXED,MIXED
2023-04-28,0.15298550230829033,0.3229169960557913,-0.02008497434970261,0.2897692359048481,0.26551571541842767,-0.1984106674232357,0.4113622607301369,0.04555823980855231,-0.4700012207031108,0.050000000000000044,64.0,2.0,0,0,0,1,MIXED,MIXED
2023-05-01,0.28697627019654515,0.10862805966886495,0.06194713553131231,0.28489777900825014,0.26948618087439946,-0.21141607616725347,0.437169509850431,-0.01367939502980283,-0.3600006103515767,0.20000000000000018,63.0,-5.0,0,0,0,1,MIXED,MIXED
2023-05-02,0.24590880312624827,0.14871502623877925,0.06667455365364473,0.28006563869758394,0.26603090068112,-0.20516880062511403,0.43415656747558085,0.031534557678088646,-0.12999725341796875,0.10000000000000009,55.0,-10.0,0,0,0,1,MIXED,MIXED
2023-05-03,0.22185370766893808,0.20686622038296312,0.04688594266511176,0.28472511371734677,0.2656862435924679,-0.20432045572700408,0.4334579585322678,0.02932357262847954,-0.25,0.07999999999999985,64.0,3.0,0,0,0,1,MIXED,MIXED
2023-05-04,0.16898624403448217,0.2898141616559726,-0.0386688259944252,0.288111859632083,0.26332163714381146,-0.20426162708549941,0.43411647168479517,0.023489669098398273,-0.4499969482421875,0.10999999999999988,64.0,-4.0,0,0,0,1,MIXED,MIXED
2023-05-05,0.18090201273051024,0.17463394366886215,-0.0748602520865852,0.29285317173196335,0.2491354108946365,-0.20622342022399326,0.44023076593441657,0.051775450080329924,-0.6100006103515625,0.16999999999999993,61.0,-8.0,0,0,0,1,MIXED,MIXED
2023-05-08,0.1700180830137066,0.10921048686224001,-0.053778309123332535,0.28452305101054925,0.2467665593680588,-0.21099133743293275,0.45330393251283513,-0.06833698539105962,-1.2099990844726278,0.15000000000000013,60.0,2.0,0,0,0,1,MIXED,MIXED
2023-05-09,0.16234124889728335,0.09044939356754735,-0.06387581744089996,0.2818442660676172,0.24274458611355224,-0.2094643982418434,0.4457453632886475,-0.08905908006903741,-0.5599975585937642,0.16000000000000014,51.0,-12.0,0,0,0,1,MIXED,MIXED
2023-05-10,0.1621548587896234,0.08783986199835941,-0.05902108738792567,0.285196352204594,0.2435009218647463,-0.210457878065101,0.4458570853276274,-0.08721804586445724,-0.01999664306640625,0.1200000000000001,52.0,0.0,0,0,0,1,MIXED,MIXED
2023-05-11,0.09070411614506112,0.15249235197393043,-0.12853351217718603,0.28374652165301245,0.25135175675104804,-0.22098004052197517,0.4475621988148755,-0.11854580750554268,1.0499954223632812,0.07000000000000006,52.0,2.0,0,0,0,1,MIXED,MIXED
2023-05-12,0.10215509514084628,0.1686157824119911,-0.15235218578984003,0.285693170772104,0.2531148509476128,-0.2287391645237748,0.4464309074382791,-0.12866962262348597,1.129997253417983,0.06000000000000005,49.0,-4.0,0,0,0,1,MIXED,MIXED
2023-05-15,0.08123495321577964,0.1884451874242703,-0.18515965402966109,0.2860147681356209,0.25288171878494387,-0.22918504049151178,0.439476959501139,-0.07957733129334338,0.3300018310546875,0.030000000000000027,50.0,-3.0,0,0,0,1,MIXED,MIXED
2023-05-16,0.07409723096508183,0.21710116256780493,-0.22367786710040732,0.2867344132619937,0.2546184469942615,-0.22997363375367036,0.41967485925871884,-0.11716873559785224,0.8099975585937642,0.050000000000000044,54.0,-2.0,0,0,0,1,MIXED,MIXED
2023-05-17,0.1063011328204311,0.18566218791664563,-0.19046282655745633,0.2924553211850701,0.257027668685174,-0.2335076209599919,0.3869486970527975,-0.05066324977070946,0.9099960327148295,0.030000000000000027,50.0,-9.0,0,0,0,1,MIXED,MIXED
2023-05-18,0.07288602859757733,0.21328829581119527,-0.22151886734829898,0.2803293386881323,0.26463938438290513,-0.2414926754490396,0.38735017551050266,-0.05134844608992073,1.7400054931640483,0.1399999999999999,51.0,-13.0,0,0,0,1,MIXED,MIXED
2023-05-19,0.07359911463393082,0.21239794867854078,-0.22327352076556745,0.2792278094538322,0.26174855578888967,-0.24186229100257448,0.36915424153587345,-0.014281298388038818,1.379997253417983,0.16999999999999993,48.0,-15.0,0,0,0,1,MIXED,MIXED
2023-05-22,0.09650218501438515,0.30039002155524286,-0.40426137858941413,0.2724099412103397,0.26372101654544333,-0.24163746765639052,0.3674325518287793,-0.02479363611544711,1.849998474121108,0.24,49.0,-6.0,0,0,0,1,MIXED,MIXED
2023-05-23,0.07896493124601062,0.2845566750439997,-0.3625998540271692,0.263862524836319,0.2513982183941439,-0.21619992302185384,0.35631323781135354,-0.038967881245974806,1.6299972534179545,0.29000000000000004,50.0,-14.0,0,0,0,1,MIXED,MIXED
2023-05-24,0.10892076057367116,0.3103087078030015,-0.4071590519904198,0.2648322197834458,0.2446357632980285,-0.22411259211470147,0.3714676036247684,-0.07629620730245139,2.4199981689453125,0.30000000000000004,50.0,-14.0,0,0,0,1,MIXED,MIXED
2023-05-25,0.09900667433491016,0.27621659501415297,-0.3858931547528428,0.26779326307800366,0.260283789477306,-0.23402262204349808,0.3437361780439297,-0.1072548139596084,2.7099990844726562,0.32000000000000006,51.0,-10.0,0,0,0,1,MIXED,MIXED
2023-05-26,0.13320462925943705,0.3287522441274557,-0.4124524282730088,0.26066400734299044,0.25916041607594786,-0.23572729770430625,0.3473874676521809,-0.09357487840779895,2.5400009155273295,0.31000000000000005,49.0,-11.0,0,0,0,1,MIXED,IDIOSYNCRATIC
2023-05-30,0.1381961577328822,0.3483318391609772,-0.3780782600318505,0.26681841525249,0.2595195156889115,-0.23311133248470978,0.3445114953795484,-0.013952239888815082,2.0199966430664205,0.10999999999999988,51.0,0.0,0,0,0,1,MIXED,IDIOSYNCRATIC
2023-05-31,0.1683248088066829,0.3253155005420341,-0.34150747806677073,0.2357883609932614,0.27317218330120663,-0.23628088293919566,0.33993729896157765,-0.0522793029032006,2.3600006103515625,0.21999999999999997,51.0,-1.0,0,0,0,1,MIXED,IDIOSYNCRATIC
2023-06-01,0.1473650134824457,0.28476495420320336,-0.2646617794480733,0.22756212066930562,0.2670022682882553,-0.2238839651420164,0.3384671249020896,-0.07836648571941739,2.220001220703139,0.27,52.0,0.0,0,0,0,1,MIXED,IDIOSYNCRATIC
2023-06-02,0.14012179378549883,0.24095125402605685,-0.24750991052318966,0.22874194315736848,0.258241364859323,-0.221358857157639,0.3452332533404212,-0.05699217682824568,2.6199951171875,0.33000000000000007,50.0,1.0,0,0,0,1,MIXED,IDIOSYNCRATIC
2023-06-05,0.15156741026866083,0.11372696270760506,-0.226398322328609,0.23139022249864394,0.23959694599684167,-0.21254752258876838,0.3772198373525083,-0.13672847762160908,2.7900009155273438,0.27,53.0,3.0,0,0,1,0,IDIOSYNCRATIC,IDIOSYNCRATIC
2023-06-06,0.15048002947708664,0.11305738123419994,-0.1868260064295952,0.23526786879877123,0.23757551169212823,-0.20511997156497244,0.3755128572611203,-0.01658384591754407,2.759994506835909,0.20999999999999996,44.0,-10.0,0,0,1,0,IDIOSYNCRATIC,IDIOSYNCRATIC
2023-06-07,0.3096207520145989,0.13967925415300808,-0.22419418038385747,0.24606227322970134,0.24832284686949344,-0.2026269487182491,0.392002719437475,-0.048626664924707394,2.4599990844726562,0.28,53.0,3.0,0,0,1,0,IDIOSYNCRATIC,IDIOSYNCRATIC
2023-06-08,0.3133955120622497,0.15607867383124893,-0.2246789158391481,0.24398122058311206,0.24705613197525128,-0.1999300281367565,0.3931173116738906,-0.041148965249448805,1.8599929809570312,0.27,50.0,-1.0,0,0,1,0,IDIOSYNCRATIC,IDIOSYNCRATIC
2023-06-09,0.23634515875722842,0.15834938975269172,-0.22684458732346516,0.24159913178295575,0.24620964869400971,-0.19885802699044905,0.38583551994314363,-0.019462197514384993,1.5,0.32000000000000006,50.0,2.0,0,0,1,0,IDIOSYNCRATIC,IDIOSYNCRATIC
2023-06-12,0.19909281231328954,0.15812265235939332,-0.2251154677029854,0.22229434816545915,0.23940291520893642,-0.18871013182586677,0.3922186267833081,-0.03424858381464251,0.9499969482421733,0.28,47.0,-2.0,0,0,1,0,IDIOSYNCRATIC,IDIOSYNCRATIC
2023-06-13,0.18479174083560032,0.13452120333105508,-0.17711686046447733,0.24108728409587096,0.23687511398526795,-0.18530973695279823,0.3879826977906067,-0.04798249462208205,0.9099960327148438,0.32999999999999985,45.0,-5.0,0,0,1,0,IDIOSYNCRATIC,IDIOSYNCRATIC
2023-06-14,0.24314624539565927,0.05574740054812591,-0.1164993332734461,0.23966469557843265,0.24372975990797816,-0.1813162761101744,0.40046688861953333,-0.07334290534800963,0.45000457763671875,0.27,46.0,-4.0,0,0,1,0,IDIOSYNCRATIC,IDIOSYNCRATIC
2023-06-15,0.28622334227885043,0.06127894373439801,-0.14569569075628652,0.2352984347356465,0.24944461735446358,-0.17540836575475935,0.40317249601430716,-0.06882947913636363,-0.7599945068359091,0.15999999999999992,41.0,-10.0,0,0,1,0,IDIOSYNCRATIC,IDIOSYNCRATIC
2023-06-16,0.22160373321860732,0.06294076137465732,-0.12421067856750541,0.22026814316983853,0.24670211142215054,-0.16857072302639733,0.41274500043252704,-0.018990382932499196,-1.279998779296875,0.13000000000000012,47.0,-2.0,0,0,1,0,IDIOSYNCRATIC,IDIOSYNCRATIC
2023-06-20,0.089461699189279,0.009398415298407705,-0.04635710704590024,0.20385990506941212,0.21431859798895,-0.15193018176078052,0.4861784807652525,0.05207338647910589,-0.659996032714858,0.06000000000000005,49.0,-2.0,0,0,1,0,IDIOSYNCRATIC,IDIOSYNCRATIC
2023-06-21,-0.044552461367982826,0.0379575269025813,-0.10873726326472107,0.16331674669219456,0.19646926401627415,-0.17560073654996344,0.5224615220267449,0.11179347064388709,-1.129997253417983,0.030000000000000027,59.0,8.0,0,0,1,0,IDIOSYNCRATIC,IDIOSYNCRATIC
2023-06-22,-0.055256616698797126,0.05249538591242418,-0.11122042991884107,0.15915410147528983,0.19841143581938422,-0.17437170982737543,0.5225220393463617,0.09410678442076575,-1.0999984741210795,0.1200000000000001,65.0,13.0,0,0,1,0,IDIOSYNCRATIC,IDIOSYNCRATIC
2023-06-23,-0.08855775174651943,0.06939062024410321,-0.0790488137765249,0.15023067034838666,0.20076513396654053,-0.1643165739972909,0.5082200883488864,0.15322309037681547,-0.9899978637695312,0.050000000000000044,65.0,15.0,0,0,1,0,IDIOSYNCRATIC,IDIOSYNCRATIC
2023-06-26,-0.05791246019706915,0.03084564310393302,-0.02499434687412767,0.15375774668569311,0.19965821015270904,-0.16041407513901484,0.513668439427628,0.13394799960857878,-1.5199966430664205,-0.040000000000000036,55.0,2.0,0,0,1,0,IDIOSYNCRATIC,IDIOSYNCRATIC
2023-06-27,-0.05020630525625659,0.025953197038698847,-0.01014776005498212,0.14235830279061906,0.23778440175384977,-0.2138022789383248,0.5141808176389953,0.13849123036176425,-1.7200012207031392,0.0,59.0,15.0,0,0,1,0,IDIOSYNCRATIC,IDIOSYNCRATIC
2023-06-28,-0.052347765624420395,0.021426225398382903,-0.031980840297321435,0.12616580082462261,0.23902641333956298,-0.22133966986094947,0.51055566296113,0.0825508938796442,-1.2599945068359517,0.06000000000000005,62.0,9.0,0,0,1,0,IDIOSYNCRATIC,IDIOSYNCRATIC
2023-06-29,-0.061243978265490294,0.005546553507791909,-0.01829410934950581,0.13493892965113866,0.23668735148637554,-0.21874698757973188,0.5049150318966492,0.11199388414064035,-0.9800033569335938,0.18999999999999995,54.0,4.0,0,0,1,0,IDIOSYNCRATIC,IDIOSYNCRATIC
2023-06-30,-0.07529713869097909,0.005389723558142356,-0.023296542497682742,0.1317779273233259,0.23498091200325205,-0.21614197323926868,0.4998025699152783,0.12783370941099323,-0.6499938964843892,0.14000000000000012,56.0,6.0,0,0,1,0,IDIOSYNCRATIC,IDIOSYNCRATIC
2023-07-03,-0.04305289895725163,-0.04232741097468062,0.036618065345736,0.13138638258450355,0.23291248777144288,-0.21161274978799843,0.5017241939531895,0.13398247849537948,-1.0299987792968892,0.10000000000000009,62.0,15.0,0,0,1,0,IDIOSYNCRATIC,IDIOSYNCRATIC
2023-07-05,-0.029706799810245717,-0.026343686459317603,0.0026105904964528175,0.13609199661822036,0.23516596128672082,-0.21684570086999722,0.45893280666404657,0.16936434308165385,-0.6299972534179545,0.18999999999999995,61.0,16.0,0,0,1,0,IDIOSYNCRATIC,IDIOSYNCRATIC
2023-07-06,0.003122646343490542,-0.01906268255022524,0.01735614058669727,0.12491391435195114,0.22995573979338152,-0.20091570368486542,0.43471427676601393,0.09352892487937135,-0.9599990844726278,0.28,56.0,10.0,0,0,1,0,IDIOSYNCRATIC,IDIOSYNCRATIC
2023-07-07,0.017212121735162587,-0.006549669529220003,-0.019997376190715198,0.12222871709935287,0.23091951949857664,-0.20137696672230782,0.4129543316640466,0.14122525898047833,-1.8300018310546875,0.20999999999999996,55.0,14.0,0,0,1,0,IDIOSYNCRATIC,IDIOSYNCRATIC
2023-07-10,-0.02484971369292435,-0.058141873813381595,0.030658444746419763,0.12071739133828051,0.23424777651588868,-0.1983697594021181,0.41326519829122704,0.1374637523888942,-1.3699951171875,0.22999999999999998,56.0,9.0,0,0,1,0,IDIOSYNCRATIC,IDIOSYNCRATIC
2023-07-11,-0.026135797092929045,-0.057372100024852705,0.0294418156744432,0.1268250554907747,0.2318887353880632,-0.19497412142759885,0.4122603712897445,0.14528056089221877,-1.8299942016601705,0.19999999999999996,57.0,8.0,0,0,1,0,IDIOSYNCRATIC,IDIOSYNCRATIC
2023-07-12,-0.05524862201745245,-0.08554608196946276,0.06123855344447061,0.1250287688305144,0.22427866531125795,-0.17652521587274672,0.4021691379245808,0.15982829480943353,-3.1100006103515483,0.040000000000000036,64.0,5.0,0,0,1,0,IDIOSYNCRATIC,IDIOSYNCRATIC
2023-07-13,-0.0013507280730816265,-0.11816944786071412,0.0007942771956400778,0.16976588814219662,0.2464172527933464,-0.20931325199133838,0.4117537113995596,0.19426108585292512,-3.5699996948242188,-0.11999999999999988,57.0,-8.0,0,0,1,0,IDIOSYNCRATIC,IDIOSYNCRATIC
2023-07-14,-0.0025887789410230623,-0.08666671325081077,-0.013342217951601587,0.1733086827677095,0.2500969525018109,-0.21312054350545775,0.41947361475128125,0.18842098711578323,-3.099998474121108,-0.030000000000000027,60.0,-5.0,0,0,1,0,IDIOSYNCRATIC,IDIOSYNCRATIC
2023-07-17,0.01365827011305594,-0.06392449474979155,-0.04541505196069625,0.16665254614383745,0.24729116181052824,-0.21059674441546256,0.4216501976034625,0.16437871393920878,-2.2800064086914205,0.050000000000000044,54.0,-1.0,0,0,1,0,IDIOSYNCRATIC,IDIOSYNCRATIC
2023-07-18,-0.00847585730406337,-0.05965069450998489,-0.07438006560986538,0.1659899504093164,0.2397896840177242,-0.21065252456295983,0.41887929108973315,0.1257920541789264,-2.3600006103515625,0.020000000000000018,56.0,-3.0,0,0,1,0,IDIOSYNCRATIC,IDIOSYNCRATIC
2023-07-19,-0.040547524065891086,0.0041159617960091635,-0.0628176014886503,0.12104193716104959,0.26966818760166483,-0.23025663859216858,0.3406665683971998,0.05449140128743528,-2.2600021362304688,0.010000000000000009,50.0,-12.0,0,0,1,0,IDIOSYNCRATIC,IDIOSYNCRATIC
2023-07-20,-0.021257760917411325,0.0031831245747863217,-0.11928616713140582,0.11791681209524638,0.2894863964139597,-0.2411215683437611,0.274421888987557,-0.00786643822703214,-1.1900024414062642,-0.010000000000000009,56.0,2.0,0,0,1,0,IDIOSYNCRATIC,IDIOSYNCRATIC
2023-07-21,-0.10969162258020418,-0.10603732082253138,-0.11449133442795344,0.12943822341417047,0.17272674154795495,-0.14446492948016498,0.2745058290010413,-0.00011825639416974346,-1.3199996948242188,-0.07000000000000006,50.0,-6.0,0,0,1,0,IDIOSYNCRATIC,IDIOSYNCRATIC
2023-07-24,-0.11030342807474662,-0.08852727522821817,-0.14163141291656386,0.1163606621968906,0.1845208374382064,-0.1520603093535824,0.27027282033108047,-0.05073719676292254,-1.5500030517578125,-0.050000000000000044,55.0,-7.0,0,0,1,0,IDIOSYNCRATIC,IDIOSYNCRATIC
2023-07-25,-0.11126563210583963,-0.09230159807377722,-0.13914144472870413,0.11522063593189635,0.19152002927053038,-0.14002117388746857,0.26737525735337087,-0.03508817671958292,-1.340003967285142,-0.020000000000000018,50.0,-11.0,0,0,1,0,IDIOSYNCRATIC,IDIOSYNCRATIC
2023-07-26,-0.06242126083082438,-0.09906850481128757,-0.1290009647084303,0.0941505154807353,0.19058072988468036,-0.1364477555877463,0.2624929263310503,-0.04441508680136127,-1.5999984741210795,-0.07000000000000006,51.0,-5.0,0,0,1,0,IDIOSYNCRATIC,IDIOSYNCRATIC
2023-07-27,-0.04851113371058334,-0.06271351116676015,-0.1475973000636402,0.14234421842447872,0.07822124976317639,-0.08845076775571112,0.2548677725002831,-0.02953340747261704,-1.1400070190429688,0.10999999999999988,51.0,-4.0,0,0,1,0,IDIOSYNCRATIC,IDIOSYNCRATIC
2023-07-28,-0.035634687408529264,-0.061286736909242134,-0.1839167260383803,0.14161114441168848,0.07888337459302956,-0.08441452580672565,0.25102130294080527,-0.037689160805814526,-1.7199935913085795,-0.06999999999999984,52.0,-4.0,0,0,1,0,IDIOSYNCRATIC,IDIOSYNCRATIC
2023-07-31,-0.05800481251012697,-0.08841472791158114,-0.16511253074506377,0.1346036721230289,0.09611413864035606,-0.08529238506204373,0.250818288558314,-0.04178117992578803,-1.0500030517578125,0.010000000000000009,50.0,-7.0,0,0,1,0,IDIOSYNCRATIC,IDIOSYNCRATIC
2023-08-01,-0.036321013430812815,-0.1035667216549832,-0.1646543469179353,0.10572118407272983,0.12094334240513942,-0.11110106922552043,0.24347399525769592,-0.04869132624988215,-0.6899948120117188,0.06999999999999984,53.0,-11.0,0,0,1,0,IDIOSYNCRATIC,IDIOSYNCRATIC
2023-08-02,0.07865976816179167,0.10609369564992037,-0.2838735275313829,0.11058425610657492,0.10125659389146811,-0.12459887327130618,0.24080668010060619,-0.04566892119505471,-0.7800064086914205,0.030000000000000027,53.0,-4.0,0,0,1,0,IDIOSYNCRATIC,IDIOSYNCRATIC
2023-08-03,0.2684553151885237,0.1577463237869512,-0.218945711932241,0.11321112250033329,0.08303136689902132,-0.10738367608702808,0.23211374365446172,-0.024732440775933368,-0.629997253417983,0.050000000000000044,52.0,-8.0,0,0,1,0,IDIOSYNCRATIC,IDIOSYNCRATIC
2023-08-04,0.27937582902303104,0.15062477220360612,-0.20530549891207464,0.11039845396717687,0.07516401027050051,-0.10819358028751401,0.22510902281974685,-0.042694184302527624,-0.25,-0.1200000000000001,54.0,0.0,0,0,1,0,IDIOSYNCRATIC,IDIOSYNCRATIC
2023-08-07,0.37927914365164767,0.1290240748454041,-0.29204191346961356,0.11232095660601563,0.07326521034639859,-0.10686759073603412,0.22547520841678342,-0.04141514985672165,0.08000183105467329,-0.08000000000000007,49.0,-7.0,0,0,1,0,IDIOSYNCRATIC,IDIOSYNCRATIC
2023-08-08,0.29102652558239317,0.08143998149177994,-0.24270857350779518,0.07639351727681938,0.07783362720890223,-0.10606816804436821,0.2362200848299634,-0.028334711243252778,0.7999954223632812,-0.09000000000000008,54.0,4.0,0,0,1,0,IDIOSYNCRATIC,IDIOSYNCRATIC
2023-08-09,0.2623054975326825,0.11805312475511646,-0.23147055615954448,0.0837055745106749,0.08727708390136281,-0.11315617520798195,0.23602226892106692,-0.027695143121346556,1.9700012207031108,0.05999999999999983,50.0,-6.0,0,0,1,0,IDIOSYNCRATIC,IDIOSYNCRATIC
2023-08-10,0.2798999378382137,0.10610329024723278,-0.20087343094803484,0.07350630856324751,0.09250419008846301,-0.12028212128976071,0.19521098470517467,-0.0672262101101404,2.75,0.24,53.0,3.0,0,0,1,0,IDIOSYNCRATIC,IDIOSYNCRATIC
2023-08-11,0.28197722161286365,0.1132929884418177,-0.23478521165368318,0.06957777726019236,0.10549801931717595,-0.13377390602742242,0.15212521474302326,-0.03135450426218498,2.92999267578125,0.20999999999999996,51.0,-4.0,0,0,1,0,IDIOSYNCRATIC,IDIOSYNCRATIC
2023-08-14,0.2834970354961362,0.10754578039747484,-0.22813030091351832,0.0735434228217992,0.0935766317854678,-0.12718786462256335,0.15129028446250845,-0.024766729208318766,3.350006103515611,0.27,50.0,0.0,0,0,1,0,IDIOSYNCRATIC,IDIOSYNCRATIC
2023-08-15,0.2939875658951363,0.10480706448782733,-0.24841310285943174,0.07870668032615291,0.09458303778986057,-0.12735731328476252,0.15031752372985863,-0.023251962832162264,3.2699966430664205,0.31999999999999984,53.0,2.0,0,0,1,0,IDIOSYNCRATIC,IDIOSYNCRATIC
2023-08-16,0.3260967970792309,0.11240999008381468,-0.23090462489095315,0.0896300184496175,0.09790205805238798,-0.130742348788538,0.15847936775750027,-0.041364934621149464,3.1399993896484517,0.42999999999999994,52.0,1.0,0,0,1,0,IDIOSYNCRATIC,IDIOSYNCRATIC
2023-08-17,0.3591526957655606,0.09329516051938,-0.18794618765234195,0.13464425496891813,0.12528994100560858,-0.17825071265452425,0.2941649015160191,-0.11090542840956513,2.5600051879882812,0.47,50.0,-2.0,0,0,1,0,IDIOSYNCRATIC,IDIOSYNCRATIC
2023-08-18,0.3644473063531628,0.04542454942730503,-0.11907860596426036,0.14314911727357435,0.1153601927860405,-0.16810688760618783,0.2982046636291918,-0.13815013531654358,2.309997558593736,0.44999999999999996,37.0,-13.0,0,0,1,0,IDIOSYNCRATIC,IDIOSYNCRATIC
2023-08-21,0.36834212706278147,0.050207082431583845,-0.11212038472814191,0.14449177702683888,0.11715207328062664,-0.17275267153005175,0.292617886257962,-0.11051803420965417,1.9800033569335795,0.52,38.0,-15.0,0,0,1,0,IDIOSYNCRATIC,IDIOSYNCRATIC
2023-08-22,0.36013377375543165,0.03574848176383207,-0.0961104677516382,0.13867649280916117,0.1099706035184238,-0.16860286998442475,0.2915372748509757,-0.11579295920914694,2.2099990844726705,0.47,37.0,-16.0,0,0,1,0,IDIOSYNCRATIC,IDIOSYNCRATIC
2023-08-23,0.4099979119841098,0.11823789908424072,-0.16407221237822722,0.14925316257691135,0.1297446259906829,-0.1766767162209706,0.298662237112544,-0.1049001569934507,2.470001220703125,0.3400000000000001,37.0,-15.0,0,0,1,0,IDIOSYNCRATIC,IDIOSYNCRATIC
2023-08-24,0.33003400109942266,0.10708098957693843,0.0229396447915845,0.1578093760098166,0.12202212045700375,-0.1632364572430585,0.2991561383565464,-0.11021248417028236,2.2100067138671875,0.27,41.0,-13.0,0,0,1,0,IDIOSYNCRATIC,IDIOSYNCRATIC
2023-08-25,0.344450213021683,0.08508171482372653,0.0246886769318103,0.1602063932874173,0.11361853652434158,-0.1511210704419372,0.29731736329593167,-0.11831592081175522,2.459999084472628,0.33999999999999986,39.0,-10.0,0,0,1,0,IDIOSYNCRATIC,IDIOSYNCRATIC
2023-08-28,0.3608659612638524,0.09437236843645225,0.014822144996920937,0.16290260440142917,0.10170731058093681,-0.14308096145581709,0.29852103800019364,-0.1130284540912779,2.1999969482422017,0.2999999999999998,39.0,-15.0,0,0,1,0,IDIOSYNCRATIC,IDIOSYNCRATIC
2023-08-29,0.4732494675632831,0.30348948158864875,-0.20260696840897,0.19152420919120589,0.14547118129219852,-0.17824905491477233,0.37028665031836083,-0.06790879534651531,1.25,0.15000000000000013,39.0,-11.0,0,0,1,0,IDIOSYNCRATIC,IDIOSYNCRATIC
2023-08-30,0.4544985314214678,0.28668489872045916,-0.16878836034869624,0.18958969853529167,0.12193040258592487,-0.17300342432497937,0.3692958948469754,-0.06573557720092892,0.57000732421875,0.14000000000000012,49.0,-4.0,0,0,1,0,IDIOSYNCRATIC,IDIOSYNCRATIC
2023-08-31,0.43208476131373497,0.2803648677806568,-0.23924974190863607,0.1885639090566892,0.12194413808097028,-0.1895588216799228,0.40437472490749715,-0.11798090342969328,1.0800018310547017,0.020000000000000018,52.0,1.0,0,0,1,0,IDIOSYNCRATIC,IDIOSYNCRATIC
2023-09-01,0.4363618103359796,0.2884425259806213,-0.23504107679293015,0.22460834830573753,0.11233412934069387,-0.2095067761842155,0.40430114698356706,-0.1194448841840704,2.220001220703111,0.25,40.0,-10.0,0,0,1,0,IDIOSYNCRATIC,IDIOSYNCRATIC
2023-09-05,0.4482915724920231,0.25551293314251083,-0.20906806616338564,0.2239819022065932,0.11351628963843252,-0.2061684666854382,0.40325596472766706,-0.12390503961029664,2.759994506835966,0.30000000000000004,40.0,-13.0,0,0,1,0,IDIOSYNCRATIC,IDIOSYNCRATIC
2023-09-06,0.4334205014984539,0.2452511770951017,-0.20737633979731215,0.1912374995300591,0.11355847319037864,-0.2086735630838967,0.39259497355894163,-0.1447894403909434,2.3300018310546875,0.3400000000000001,42.0,-10.0,0,0,1,0,IDIOSYNCRATIC,IDIOSYNCRATIC
2023-09-07,0.39517557668383596,0.2444961849410611,-0.1844461023662394,0.1805945034991572,0.11532631865412636,-0.20362840340195307,0.40275919935599663,-0.1191802334719311,2.569999694824247,0.29000000000000004,41.0,-9.0,0,0,1,0,IDIOSYNCRATIC,IDIOSYNCRATIC
2023-09-08,0.3922323321999459,0.27523392945111463,-0.1947648336442108,0.17878902298666535,0.104541825863359,-0.1856825547170256,0.40340815401511304,-0.12753943434311177,2.5699996948242188,0.16999999999999993,46.0,9.0,0,0,1,0,IDIOSYNCRATIC,IDIOSYNCRATIC
2023-09-11,0.3309015159011398,0.24138908957767144,-0.09826979305263069,0.17861035321456792,0.07305880053864341,-0.16006303376383083,0.41036158324505195,-0.15555602195672183,1.7300033569335938,0.1399999999999999,40.0,2.0,0,0,1,0,IDIOSYNCRATIC,IDIOSYNCRATIC
2023-09-12,0.2745498200566313,0.18608160010426938,-0.09069680324887106,0.16433270266433697,0.055421186043484595,-0.148181279143404,0.4263496498697383,-0.12961577129121252,1.5199966430664205,0.09999999999999987,30.0,-7.0,0,0,1,0,IDIOSYNCRATIC,IDIOSYNCRATIC
2023-09-13,0.2943441278532841,0.2580462114797166,-0.1280071412953405,0.1640414220327547,0.05634219211080964,-0.14728693321691438,0.43278876820855466,-0.10631279821377292,1.55999755859375,0.010000000000000009,41.0,4.0,0,0,1,0,IDIOSYNCRATIC,IDIOSYNCRATIC
2023-09-14,0.28836882083908966,0.24631139681602052,-0.07135887058857615,0.14772117925915346,0.08845297407668927,-0.130712456168288,0.4347561495073611,-0.07831837824409753,1.9900054931640483,-0.010000000000000009,45.0,4.0,0,0,1,0,IDIOSYNCRATIC,IDIOSYNCRATIC
2023-09-15,0.2635739501450293,0.24837750234573458,-0.073248491829102,0.14959842486946387,0.10271907002157757,-0.1275801255289212,0.35307360308327057,-0.0020970167387165018,1.879997253417983,0.010000000000000009,45.0,6.0,0,0,1,0,IDIOSYNCRATIC,IDIOSYNCRATIC
2023-09-18,0.2639472818291553,0.2607791701749883,-0.08825406027967894,0.14937816948369514,0.10651190026871275,-0.12855676920469586,0.3431172380752937,0.026693758764077674,1.8199996948242472,0.020000000000000018,46.0,7.0,0,0,1,0,IDIOSYNCRATIC,IDIOSYNCRATIC
2023-09-19,0.25202888992281414,0.2580707345209777,-0.09475400093541175,0.14692412429484747,0.10560799238116363,-0.12944839328213553,0.3473331726131796,0.04076579492021966,1.8699951171875284,0.0,46.0,7.0,0,0,1,0,IDIOSYNCRATIC,IDIOSYNCRATIC
2023-09-20,0.2725054136544149,0.3233008229407746,-0.1418930426895901,0.1485123897490531,0.09201768691752903,-0.11577752028982802,0.3472114532393075,0.04140078554008004,1.6000061035156108,0.010000000000000009,47.0,-2.0,0,0,1,0,IDIOSYNCRATIC,IDIOSYNCRATIC
2023-09-21,0.29941447002276567,0.3495159428668282,-0.15213222857509975,0.1631018618034191,0.10173574052384442,-0.11560534499629914,0.352500751981985,0.005131862274221119,2.0,0.2699999999999998,47.0,-5.0,0,0,1,0,IDIOSYNCRATIC,IDIOSYNCRATIC
2023-09-22,0.300080652180623,0.3504510093842815,-0.1498754815760913,0.1596005574926514,0.09892776470781947,-0.11074682484667232,0.35042422413077323,0.01582057857620173,1.5999984741210795,0.15999999999999992,43.0,3.0,0,0,1,0,IDIOSYNCRATIC,IDIOSYNCRATIC
2023-09-25,0.2961322806605917,0.3537484515852795,-0.16150316577805704,0.15683380909095573,0.09931949110481819,-0.11430191303099244,0.35224692920370193,0.009582917822026924,1.9199981689453267,0.26000000000000023,47.0,7.0,0,0,1,0,IDIOSYNCRATIC,IDIOSYNCRATIC
2023-09-26,0.28505279733714484,0.34039018458922976,-0.167668516801041,0.15017232815083248,0.10377409158474508,-0.120222043828848,0.3523941010302523,0.004246657346833142,2.1700057983398295,0.33000000000000007,46.0,4.0,0,0,1,0,IDIOSYNCRATIC,IDIOSYNCRATIC
2023-09-27,0.2866912510532926,0.27368118978682104,-0.152840705890779,0.16782490143529868,0.07787562738843513,-0.10193428078789642,0.2777769682019325,-0.05084945237122839,3.1199951171875284,0.43999999999999995,44.0,3.0,0,0,1,0,IDIOSYNCRATIC,IDIOSYNCRATIC
2023-09-28,0.29859771190409345,0.21462775622134678,-0.203514775218479,0.17615853909704296,0.06730714257513924,-0.11478297041730123,0.28906595192478207,-0.010151956764945874,3.05999755859375,0.3400000000000001,46.0,0.0,0,0,1,0,IDIOSYNCRATIC,IDIOSYNCRATIC
2023-09-29,0.22727963423809458,0.23284015075035525,-0.2708746734786115,0.17646835962005966,0.06936760758809711,-0.11438093197919132,0.22308902663560207,0.037104514114346024,2.5499954223632812,0.3900000000000001,48.0,8.0,0,0,1,0,IDIOSYNCRATIC,IDIOSYNCRATIC
2023-10-02,0.2441538419902046,0.16686391046151072,-0.2109999111005199,0.19306346897159513,0.04826849429011513,-0.09785294394987462,0.23276083037648967,0.06490226160357128,2.660003662109389,0.41999999999999993,50.0,20.0,0,0,1,0,IDIOSYNCRATIC,IDIOSYNCRATIC
2023-10-03,0.2542861066227815,0.16923873100908926,-0.2100575292805327,0.18457741912563788,0.02998777748928578,-0.08447229185057342,0.23359805696026265,0.06203820604592671,2.190002441406236,0.4700000000000002,50.0,9.0,0,0,1,0,IDIOSYNCRATIC,IDIOSYNCRATIC
2023-10-04,0.27322125160411953,0.1783255238136815,-0.22124546166936895,0.1896248928391569,0.03456021212343499,-0.08982173387846562,0.23569395646453706,0.07645393915000298,1.9400024414062358,0.3999999999999999,49.0,4.0,0,0,1,0,IDIOSYNCRATIC,IDIOSYNCRATIC
2023-10-05,0.24719395570119101,0.14171168007763496,-0.15112292593098176,0.18611740936053733,0.032521050673591206,-0.08010145376825552,0.23671443119401647,0.04383117139220964,1.270004272460909,0.4600000000000002,48.0,3.0,0,0,1,0,IDIOSYNCRATIC,IDIOSYNCRATIC
2023-10-06,0.2598459006503236,0.18041750182014687,-0.15323608612610476,0.19499976485700493,0.021429445920063798,-0.08511545564834079,0.23701870291177402,0.07583420504087432,0.9500045776367188,0.5400000000000003,50.0,4.0,0,0,1,0,IDIOSYNCRATIC,IDIOSYNCRATIC
2023-10-10,0.25196127432226445,0.07209571455820699,-0.13339096937194728,0.19641425615410688,0.014562125278041928,-0.09703160302514567,0.20254455166908808,0.05854915441997573,1.120002746582017,0.4099999999999999,50.0,3.0,0,0,1,0,IDIOSYNCRATIC,IDIOSYNCRATIC
2023-10-11,0.05537114626827608,-0.16999219816928135,0.05063195790322992,0.18202930665594286,0.021105632743723082,-0.10571870368807551,0.210946876086393,0.024294080619018096,1.0500030517578125,0.3599999999999999,47.0,0.0,0,0,1,0,IDIOSYNCRATIC,IDIOSYNCRATIC
2023-10-12,0.07981501689124769,-0.1530867138281588,-0.005215735141905084,0.18629043233848452,0.05431956872264636,-0.11495931183938314,0.20811495124809484,0.00814786384086868,1.1599960327148438,0.4099999999999999,45.0,2.0,0,0,1,0,IDIOSYNCRATIC,IDIOSYNCRATIC
2023-10-13,0.11501558808697944,-0.11257284152610857,0.1248827093404626,0.1791326258577333,0.05218822259512416,-0.1268549684748694,0.20834428182396705,0.009488628214780056,1.3300018310546875,0.31000000000000005,44.0,-3.0,0,0,1,0,IDIOSYNCRATIC,IDIOSYNCRATIC
2023-10-16,0.23895906755680077,-0.14703003472665005,-0.03791754565017831,0.18735402253102704,-0.0004694994447132461,-0.15793731571050543,0.2926877327061176,0.06389239234470509,1.0400009155273153,0.3700000000000001,47.0,1.0,0,0,1,0,IDIOSYNCRATIC,IDIOSYNCRATIC
2023-10-17,0.2406250150506925,-0.159379710961264,-0.024860065453031648,0.18624811546223552,-0.006701451775572602,-0.1558662760552434,0.2891557961903036,0.04331789024949827,1.0500030517577983,0.41999999999999993,52.0,8.0,0,0,1,0,IDIOSYNCRATIC,IDIOSYNCRATIC
2023-10-18,0.2451821653037075,-0.1766587771486048,-0.03440451351896436,0.1867850756857816,-0.011116658066407301,-0.1565764115245535,0.2891938305970502,0.04314864939920256,1.4099960327148438,0.4700000000000002,50.0,4.0,0,0,1,0,IDIOSYNCRATIC,IDIOSYNCRATIC
2023-10-19,0.2522544156173233,-0.14839434453116251,-0.07059906648816434,0.20122396895964406,-0.0008176415921396016,-0.16124567987591687,0.27890750103957834,0.07789334827737374,0.8899993896484375,0.38000000000000034,52.0,4.0,0,0,1,0,IDIOSYNCRATIC,IDIOSYNCRATIC
2023-10-20,0.1731146941080499,-0.13546973827073666,-0.08987637649112397,0.1726756326468829,0.004915540478989669,-0.16510076926819833,0.29603404513001913,0.11042996671906968,0.5800018310547017,0.3900000000000001,53.0,3.0,0,0,1,0,IDIOSYNCRATIC,IDIOSYNCRATIC
2023-10-23,0.254141956710848,-0.15645177101562607,-0.4065508345835306,0.17755397059503863,-0.01988071050794601,-0.24081360764221668,0.45731153939063873,0.2296061553106586,-0.45999908447265625,0.27,53.0,3.0,0,0,1,0,IDIOSYNCRATIC,IDIOSYNCRATIC
2023-10-24,0.29393440699958406,-0.14465870537969178,-0.34950531440202526,0.1791493847671539,-0.027056912260006297,-0.2103298928051181,0.45614468317288437,0.2570424766939572,0.0399932861328125,0.20000000000000018,66.0,17.0,0,0,1,0,IDIOSYNCRATIC,IDIOSYNCRATIC
2023-10-25,0.24651713380255935,-0.1376302574687269,-0.34107240859899984,0.16618470236946542,-0.020287728279445357,-0.21168277042343595,0.45552794653726947,0.2694696949662947,-0.1399993896484517,0.25,72.0,24.0,0,0,1,0,IDIOSYNCRATIC,IDIOSYNCRATIC
2023-10-26,0.27030771078262444,-0.13697461394559987,-0.3627530982383864,0.1845255128514424,0.03067382712569353,-0.24046210224862466,0.46046426166724486,0.2343226702974027,0.37999725341796875,0.23999999999999977,71.0,21.0,0,0,1,0,IDIOSYNCRATIC,IDIOSYNCRATIC
2023-10-27,0.25187057639130156,-0.15264649143075326,-0.3593962373763457,0.22122583284317499,0.031268558905291975,-0.21127079572091947,0.4619673885819659,0.23114217561112813,0.3899993896484375,0.17999999999999972,70.0,20.0,0,0,1,0,IDIOSYNCRATIC,IDIOSYNCRATIC
2023-10-30,0.26072456234740776,-0.15860412706624005,-0.3665914161698128,0.23217027238097385,0.020346854067645862,-0.21745352464669065,0.4606927630646572,0.22572298382559305,-0.7799987792968608,0.10000000000000009,68.0,18.0,0,0,1,0,IDIOSYNCRATIC,IDIOSYNCRATIC
2023-10-31,0.2567668857107524,-0.1521473733278557,-0.36073896657161547,0.24676060328029004,0.014776568544000238,-0.23188262569068524,0.4581570545299122,0.23417423969323042,-0.339996337890625,0.009999999999999787,66.0,19.0,0,0,1,0,IDIOSYNCRATIC,IDIOSYNCRATIC
2023-11-01,0.26169967554521223,-0.15922955970518343,-0.35524603644624747,0.25232055164046147,0.011105767349050777,-0.2323794780094408,0.45950924109621744,0.242749396011437,0.07999420166015625,-0.040000000000000036,66.0,21.0,0,0,1,0,IDIOSYNCRATIC,IDIOSYNCRATIC
2023-11-02,0.15346828996270345,-0.20630129029668282,-0.2554653400798363,0.2281151839453591,0.012071388646291734,-0.20765801423980357,0.459717971199134,0.24245841522914072,-0.20999908447262783,-0.14000000000000012,72.0,28.0,0,0,1,0,IDIOSYNCRATIC,IDIOSYNCRATIC
2023-11-03,0.1259084881163092,-0.20824033894733443,-0.17189949592928425,0.22489956949050313,0.006072249406868514,-0.18010806969591,0.46305082772637424,0.21737532448583954,-1.0200042724609375,-0.29000000000000004,65.0,18.0,0,0,1,0,IDIOSYNCRATIC,IDIOSYNCRATIC
2023-11-07,0.11647376056958943,-0.24810455921904911,-0.13722025761087767,0.23190879046335117,-0.00014450387744861256,-0.18208913969207963,0.4496710923765937,0.25772643735701894,-0.29000091552732954,-0.1499999999999999,68.0,18.0,0,0,1,0,IDIOSYNCRATIC,IDIOSYNCRATIC
2023-11-08,0.11728351251592707,-0.2542764333209068,-0.13369908613233913,0.23100620753303608,-0.0047475460338002855,-0.1841569832852785,0.4353598466883791,0.28276318349276597,-0.23000335693359375,-0.10999999999999988,66.0,14.0,0,0,1,0,IDIOSYNCRATIC,IDIOSYNCRATIC
2023-11-09,0.08078326381060137,-0.2339043673073924,-0.0940800600376427,0.2155565455095561,-0.0034348706362077627,-0.16425126981702423,0.432683289130053,0.31580080496440965,-0.6599960327148438,-0.06999999999999984,69.0,16.0,0,0,1,0,IDIOSYNCRATIC,IDIOSYNCRATIC
2023-11-10,0.09140564276426481,-0.27172564515585435,-0.0971309266195101,0.2179609711518946,-0.0200803787494534,-0.1729559427766923,0.4305268096234896,0.3286411452315132,-0.7900009155273438,0.0,70.0,17.0,0,0,1,0,IDIOSYNCRATIC,IDIOSYNCRATIC
2023-11-13,0.09430988164653083,-0.26813432341261667,-0.1124625506394469,0.22028458664680112,-0.0358262775010429,-0.1552832859569476,0.4194884523290627,0.24678989228708603,-0.579994201660142,-0.010000000000000231,72.0,6.0,0,0,1,0,IDIOSYNCRATIC,IDIOSYNCRATIC
2023-11-14,-0.018349050066025028,-0.3035875043967477,0.0552505346102202,0.18219341028673977,-0.05279990617728175,-0.08871520120777603,0.43783673103930165,0.22364893388006585,-2.1399993896484375,-0.2599999999999998,69.0,-3.0,0,0,1,0,IDIOSYNCRATIC,IDIOSYNCRATIC
2023-11-15,-0.03079247920190204,-0.3185168961689103,0.10153102641585092,0.17506936381067487,-0.0635839961341165,-0.06601474642859236,0.470384432095999,0.2905758529060317,-2.1800003051757812,-0.25,60.0,-11.0,0,0,1,0,IDIOSYNCRATIC,IDIOSYNCRATIC
2023-11-16,-0.02902908752710548,-0.3734894203854042,0.0686597779451249,0.17576899754580244,-0.0899188455833922,-0.07938010042076205,0.5158363649021077,0.23022186555389318,-1.8799972534179545,-0.31000000000000005,70.0,0.0,0,0,1,0,IDIOSYNCRATIC,IDIOSYNCRATIC
2023-11-17,-0.04379790619544223,-0.3781597824153945,0.06951935413707752,0.15707092144442417,-0.09232679632118497,-0.055656743957699255,0.5099099006976334,0.20938484353802117,-2.3400039672851562,-0.2999999999999998,63.0,-5.0,0,0,1,0,IDIOSYNCRATIC,IDIOSYNCRATIC
2023-11-20,-0.025974066312084085,-0.3598356132743196,0.06696321405727197,0.16541976256550656,-0.10469664489044045,-0.061479123125530395,0.36947601243194905,0.12460894896838198,-2.0699996948242188,-0.33000000000000007,69.0,3.0,0,0,1,0,IDIOSYNCRATIC,IDIOSYNCRATIC
2023-11-21,0.020405902789214676,-0.40482803280901913,0.032856742195405214,0.17792654568513702,-0.13379180647030406,-0.06570970831927023,0.4036007678273646,0.05487357525866014,-2.6800003051757812,-0.27,71.0,5.0,0,0,1,0,IDIOSYNCRATIC,IDIOSYNCRATIC
2023-11-22,0.04518424940430216,-0.4102730234237641,0.06601316343687365,0.18779064704824294,-0.13667570562078699,-0.04974546205024524,0.4258279446943464,0.08149396360136937,-2.6100006103515483,-0.3599999999999999,62.0,-10.0,0,0,1,0,IDIOSYNCRATIC,IDIOSYNCRATIC
2023-11-24,0.03524241734776933,-0.42515160293789783,0.10122109284840028,0.18753298158658616,-0.13454041861664162,-0.05243342311880242,0.42280894904120114,0.09924066354350032,-3.1999969482421875,-0.22999999999999998,66.0,1.0,0,0,1,0,IDIOSYNCRATIC,IDIOSYNCRATIC
2023-11-27,0.03169888518767625,-0.5231425373187601,0.10851603224816014,0.185702212714349,-0.14268705155789083,-0.04434818408780762,0.42506882943423374,0.09405974915065944,-3.3600006103515625,-0.23999999999999977,66.0,-8.0,0,0,1,0,IDIOSYNCRATIC,IDIOSYNCRATIC
2023-11-28,-0.01573148699147289,-0.4667922704878467,0.14245065981982113,0.18704473605145663,-0.12923588805422923,-0.05126608189312218,0.42439026624286835,0.09210332135887643,-3.3700027465820455,-0.31999999999999984,68.0,0.0,0,0,1,0,IDIOSYNCRATIC,IDIOSYNCRATIC
2023-11-29,-0.018412901738762776,-0.4671962732164,0.14375758681197467,0.19057980631717267,-0.1390016219769254,-0.043153798328778165,0.42460111150277835,0.08804455758567847,-3.8900070190429688,-0.3999999999999999,72.0,6.0,0,0,1,0,IDIOSYNCRATIC,IDIOSYNCRATIC
2023-11-30,-0.03744343308941114,-0.4481536529783655,0.12469249083938796,0.19178905318824302,-0.13665127853204076,-0.04788474503005808,0.4205292520809471,0.062234492966516536,-3.3799972534179545,-0.21999999999999975,74.0,5.0,0,0,1,0,IDIOSYNCRATIC,IDIOSYNCRATIC
2023-12-01,-0.027775536123157668,-0.3928331508285794,0.1215933180970621,0.19603785439534055,-0.10925613893456575,-0.05377180247159018,0.4224054272501906,0.10196686611928375,-2.850006103515639,-0.27,71.0,1.0,0,0,1,0,IDIOSYNCRATIC,IDIOSYNCRATIC
2023-12-04,-0.06587201545177501,-0.5232952518174497,0.17849732229890858,0.15586674151705487,-0.2096493999025296,-0.013859300915219698,0.4958840798221277,0.18952485362020266,-1.3799972534179688,-0.11000000000000032,74.0,2.0,0,0,1,0,IDIOSYNCRATIC,IDIOSYNCRATIC
2023-12-05,-0.07236832968129848,-0.5738129252208825,0.38108957215027167,0.1621832503441318,-0.21733340476726803,0.004943687258819284,0.5141899661348843,0.22960563781575138,-1.1699981689453267,-0.2400000000000002,75.0,6.0,0,0,1,0,IDIOSYNCRATIC,IDIOSYNCRATIC
2023-12-06,-0.06703767129149264,-0.5771690030819351,0.3599012915743526,0.16537639897106998,-0.21834778435459512,0.005773657472349278,0.5184136886061663,0.21046871680875265,-1.3899993896484375,-0.20999999999999996,72.0,12.0,0,0,1,0,IDIOSYNCRATIC,IDIOSYNCRATIC
2023-12-07,-0.06564133633782616,-0.5825587958082712,0.3698251510017385,0.15748229438254924,-0.2150397955570559,0.010760185536922897,0.5233079803160576,0.19408603147829084,-2.0499954223632812,-0.17999999999999994,72.0,2.0,0,0,1,0,IDIOSYNCRATIC,IDIOSYNCRATIC
2023-12-08,-0.13052007477746,-0.5789748496644757,0.3872251072055553,0.1438579597902178,-0.23075181049114715,0.024996010298105113,0.5201851254949176,0.18537947488862525,-1.900001525878892,-0.27,72.0,9.0,0,0,1,0,IDIOSYNCRATIC,IDIOSYNCRATIC
2023-12-11,-0.09386523984666849,-0.3932300306379712,0.3198348044096332,0.13304219103127107,-0.1741858883038752,0.018272126876739167,0.5843328295820202,0.10013382122314882,-1.7600021362304688,-0.25,74.0,5.0,0,0,1,0,IDIOSYNCRATIC,IDIOSYNCRATIC
2023-12-12,-0.1060503839259777,-0.38914314537280836,0.3317032552641593,0.1319784930083064,-0.17312134067420712,0.013899769285949664,0.5760228951798496,0.12711646135296034,-1.7900009155273295,-0.2799999999999998,67.0,-4.0,0,0,1,0,IDIOSYNCRATIC,IDIOSYNCRATIC
2023-12-13,-0.06956143901672242,-0.2795495347573417,0.26793143008689585,0.14591352365189456,-0.13096209553714427,-0.01715685723539732,0.5704091727240275,0.18806356876379188,-1.239997863769517,-0.28000000000000025,65.0,3.0,0,0,1,0,IDIOSYNCRATIC,IDIOSYNCRATIC
2023-12-14,-0.09505726310022078,-0.27530800941840844,0.25561766660007296,0.1520045937764446,-0.12617621740497095,-0.023301955498481096,0.5349723391465766,0.12731883064671745,-2.4300003051757812,-0.5200000000000002,72.0,6.0,0,0,1,0,IDIOSYNCRATIC,IDIOSYNCRATIC
2023-12-15,-0.05855170856857747,-0.22625142088319528,0.17775848569602995,0.14359956458651613,-0.11290023022723514,-0.040503693715791954,0.5133604167711581,0.14818690802779827,-1.8199996948242472,-0.4900000000000002,70.0,4.0,0,0,1,0,IDIOSYNCRATIC,IDIOSYNCRATIC
2023-12-18,-0.03843799347744607,-0.21744420422308525,0.16449443924083693,0.14599265343768425,-0.11094232647161062,-0.040719181006265176,0.5140675051959973,0.15244903671359478,-1.3099975585937358,-0.42000000000000015,65.0,-3.0,0,0,1,0,IDIOSYNCRATIC,IDIOSYNCRATIC
2023-12-19,-0.044734432512036876,-0.22608149541432002,0.17076587130182017,0.1417083836182216,-0.11448478855123197,-0.03499650956775395,0.5133547386144474,0.1203638251641439,-1.3000030517577983,-0.3800000000000001,73.0,1.0,0,0,1,0,IDIOSYNCRATIC,IDIOSYNCRATIC
2023-12-20,-0.10468271293654588,-0.23860788632200552,0.18405994680343443,0.12345838660966618,-0.12291940376105238,-0.02682171512557815,0.48482443308668005,0.19792118433084283,-1.17999267578125,-0.4900000000000002,74.0,0.0,0,0,1,0,IDIOSYNCRATIC,IDIOSYNCRATIC
2023-12-21,-0.1050492636186238,-0.24543794497665922,0.18395545242438882,0.11780266078620377,-0.1247355330629023,-0.026470284854445043,0.46857600580815645,0.15867636050305514,-2.0800018310547017,-0.4600000000000002,70.0,-1.0,0,0,1,0,IDIOSYNCRATIC,IDIOSYNCRATIC
2023-12-22,-0.07208372071073178,-0.2545054064456772,0.16678382540904169,0.10860936194947932,-0.1327117872868534,-0.021853427180702052,0.46889641657796255,0.15394404478205154,-1.7000045776367045,-0.5,74.0,0.0,0,0,1,0,IDIOSYNCRATIC,IDIOSYNCRATIC
2023-12-26,-0.11669381309879066,-0.2640145540305793,0.1682490424322173,0.06392365204764737,-0.1606917892527247,-0.011201201256593584,0.4863470990849247,0.13222018554314793,-1.7299957275390767,-0.4700000000000002,71.0,-4.0,0,0,1,0,IDIOSYNCRATIC,IDIOSYNCRATIC
2023-12-27,-0.1419585077830487,-0.25136338512270523,0.153978147230278,0.06035543220260587,-0.15960672576208426,-0.019549923246096564,0.4881834889353414,0.13831526313625422,-1.760002136230483,-0.4800000000000002,73.0,1.0,0,0,1,0,IDIOSYNCRATIC,IDIOSYNCRATIC
2023-12-28,-0.04029050803412728,-0.20403810154695928,0.044531090966057785,0.06399050873356157,-0.14938913155329703,-0.02597612435842196,0.49600291077349296,0.11865260484472577,-1.5399932861328125,-0.3800000000000001,73.0,1.0,0,0,1,0,IDIOSYNCRATIC,IDIOSYNCRATIC
2023-12-29,-0.0027705119128502054,-0.17785301396247932,-0.019591815586776133,0.06856663092673732,-0.14640473853989946,-0.025951722986558873,0.49903268630124953,0.11003541449118918,-2.1699981689453267,-0.42000000000000015,65.0,-7.0,0,0,1,0,IDIOSYNCRATIC,IDIOSYNCRATIC
2024-01-02,-0.17787390536582864,-0.14414293850891313,0.1289673889673385,0.017903106291199542,-0.15762352335079624,0.027448549196419432,0.5372201635482566,0.15017916541623133,-1.0699996948242045,-0.26,71.0,-3.0,0,0,1,0,IDIOSYNCRATIC,IDIOSYNCRATIC
2024-01-03,-0.06274814225858265,-0.07502262351500905,0.09090443008366349,0.03263314711117709,-0.13023452875887162,0.022720126956290967,0.49765993545090664,0.02046743129170229,-1.1800003051757812,-0.3599999999999999,70.0,3.0,0,0,1,0,IDIOSYNCRATIC,IDIOSYNCRATIC
2024-01-04,-0.11276691071034241,-0.06925636982666569,0.10413504671159357,0.029568114470273427,-0.1303975192397541,0.02320825266972369,0.4792627317554817,0.002249554450258203,-1.6300048828124716,-0.23999999999999977,68.0,3.0,0,0,1,0,IDIOSYNCRATIC,IDIOSYNCRATIC
2024-01-05,-0.1694970084392516,-0.011471334056982122,0.12790847974274072,0.030722907896470225,-0.12987330957114784,0.023151283000617483,0.47844705167826174,0.009469987308504004,-1.7399978637695312,-0.1499999999999999,72.0,0.0,0,0,1,0,IDIOSYNCRATIC,IDIOSYNCRATIC
2024-01-08,-0.020302116268427164,-0.0438407394312758,0.07344825176927218,0.041394642955081266,-0.17727322162473602,0.038395993068744784,0.5208478860228402,0.0815366287730783,-1.3300018310546875,-0.17999999999999994,71.0,1.0,0,0,1,0,IDIOSYNCRATIC,IDIOSYNCRATIC
2024-01-09,-0.018647156119547887,-0.043323341435106286,0.049976793948473125,0.045235444544714995,-0.17489877148127417,0.022669196590823528,0.5227306059120189,0.04370552843183985,-1.4400024414062642,-0.21999999999999997,76.0,11.0,0,0,1,0,IDIOSYNCRATIC,IDIOSYNCRATIC
2024-01-10,-0.0214952479845489,-0.03012365725939709,0.040879775187079796,0.048450455472772616,-0.18580927331372754,0.04821886471977177,0.4552973887153035,0.12269486879893061,-1.7399978637695312,-0.21999999999999997,73.0,0.0,0,0,1,0,IDIOSYNCRATIC,IDIOSYNCRATIC
2024-01-11,-0.020216189502064885,-0.04780824830780953,0.051380551962302685,0.04833793908217461,-0.1866497291454533,0.05648908921556218,0.45709559253634696,0.11212894948711571,-1.5800018310547017,-0.28,76.0,2.0,0,0,1,0,IDIOSYNCRATIC,IDIOSYNCRATIC
2024-01-12,-0.006318698884669248,-0.1310896758459926,0.023999122189713958,0.047374434139063254,-0.21729446653158227,0.04736736825732046,0.5295989658008521,-0.0008764289169148065,-0.4700012207031392,-0.18999999999999995,71.0,1.0,0,0,1,0,IDIOSYNCRATIC,IDIOSYNCRATIC
2024-01-16,-0.011046698542681718,-0.13543497323219458,0.041245553054837014,0.044568178139609255,-0.21826080312197255,0.04759476879825463,0.5300650987128549,0.003039554456562738,1.4000015258789062,0.07000000000000006,64.0,-10.0,0,0,1,0,IDIOSYNCRATIC,IDIOSYNCRATIC
2024-01-17,-0.00964464583560807,-0.1694950282525215,0.049475641379803655,0.05379268623142093,-0.20783923057341092,0.04363704957459511,0.5230119772249928,0.01920152044028584,0.8999938964844034,0.1100000000000001,60.0,-11.0,0,0,1,0,IDIOSYNCRATIC,IDIOSYNCRATIC
2024-01-18,0.03479292514503222,-0.0173648547602124,-0.020843982591974473,0.0333720923647459,-0.21957061222226337,0.04012864515590428,0.5342061770735502,-0.032463261216570574,1.0299987792968608,0.06000000000000005,63.0,-10.0,0,0,1,0,IDIOSYNCRATIC,IDIOSYNCRATIC
2024-01-19,0.04619392442019237,0.012269027578427088,-0.07795534077213244,0.048991651028653285,-0.21881566028363214,0.024538315066868363,0.5347411610082518,-0.015547562759881292,1.120002746582017,0.07000000000000006,51.0,-22.0,0,0,1,0,IDIOSYNCRATIC,IDIOSYNCRATIC
2024-01-22,0.03663877800392231,0.039107830197025045,-0.0811729237098801,0.05321753493300383,-0.19801975063434799,0.018460421324187327,0.5485772838111498,-0.09976766175689711,0.9199981689452983,0.13000000000000012,55.0,-10.0,0,0,1,0,IDIOSYNCRATIC,IDIOSYNCRATIC
2024-01-23,0.04959513753666571,0.046661221892771304,-0.08500124232045876,0.05300521008939043,-0.19612622097590224,0.018775810390860084,0.5495300521917936,-0.09620064313902352,1.7800064086914205,0.15000000000000013,50.0,-21.0,0,0,1,0,IDIOSYNCRATIC,IDIOSYNCRATIC
2024-01-24,0.04560732292262478,0.08106792752676692,-0.12040003997343034,0.051357248064693224,-0.19539468141321384,0.014412578056471309,0.5501271635178246,-0.09333750319823265,1.5400009155273153,0.16999999999999993,48.0,-22.0,0,0,1,0,IDIOSYNCRATIC,IDIOSYNCRATIC
2024-01-25,0.04552570090811384,-0.027183070630331253,-0.11084245608234464,0.05072585863578192,-0.19642901509898306,0.011701211182642848,0.5395435347309984,-0.06276071759940914,2.0999984741210938,0.14000000000000012,52.0,-16.0,0,0,1,0,IDIOSYNCRATIC,IDIOSYNCRATIC
2024-01-26,0.006950414605580148,-0.034399794086582516,-0.11400909568940469,0.04233795882656089,-0.19711605109078617,0.008704650650813947,0.5600164602708753,-0.03814653430893233,2.480003356933608,0.2100000000000002,49.0,-23.0,0,0,1,0,IDIOSYNCRATIC,IDIOSYNCRATIC
2024-01-29,-0.0036008417879501912,-0.1306625721987926,-0.020854769380605404,0.0545447548062823,-0.18617222648143866,0.012547165455179001,0.5700306937843438,0.015373221529105262,2.3799972534179688,0.10000000000000009,55.0,-16.0,0,0,1,0,IDIOSYNCRATIC,IDIOSYNCRATIC
2024-01-30,0.005654967751025597,-0.13740839880629452,-0.008702002039725406,0.05444979316948202,-0.1864585480403085,0.014534927137001118,0.56888748996525,0.020063855891178494,2.069999694824233,0.08000000000000007,61.0,-15.0,0,0,1,0,IDIOSYNCRATIC,IDIOSYNCRATIC
2024-01-31,0.03540271551106694,-0.18866305127023053,0.041608756071648496,0.046838226820737995,-0.19640757726041722,0.020910065215509678,0.5182612502050337,-0.05428217795753873,1.0699996948242045,-0.010000000000000009,60.0,-13.0,0,0,1,0,IDIOSYNCRATIC,IDIOSYNCRATIC
2024-02-01,0.040232054612875774,-0.17368634906352487,0.036037970982893075,0.048716489243555594,-0.19178300771102674,0.02088469147354977,0.4929452493861501,0.005297665915456317,0.590003967285142,-0.030000000000000027,63.0,-13.0,0,0,1,0,IDIOSYNCRATIC,IDIOSYNCRATIC
2024-02-02,0.047221636249250534,-0.16308896439768525,0.028559792192426457,0.048137858023717305,-0.1939186677045044,0.02435249881169974,0.48058786880544296,-0.02275731727258528,1.5,0.050000000000000044,63.0,-8.0,0,0,1,0,IDIOSYNCRATIC,IDIOSYNCRATIC
2024-02-05,0.11539453322060586,-0.12279518758011354,-0.004920496710104188,0.04575430692294616,-0.1925953468466175,0.017641711314914578,0.4821136199305487,-0.03464985861668122,2.0399932861328267,0.06999999999999984,60.0,-4.0,0,0,1,0,IDIOSYNCRATIC,IDIOSYNCRATIC
2024-02-06,0.10962249605146741,-0.12098205330496213,-0.004956775012359703,0.04553586094852855,-0.19424799193862993,0.016878033365443215,0.42645460620677755,-0.08635253533556973,1.970001220703125,0.06000000000000005,64.0,4.0,0,0,1,0,IDIOSYNCRATIC,IDIOSYNCRATIC
2024-02-07,0.13171916786205753,-0.12328704952197622,-0.0212261215767146,0.04722008257076897,-0.1905737077289679,0.021660503750468536,0.43768369347277514,-0.04027847201885083,1.470001220703125,0.06000000000000005,62.0,-1.0,0,0,1,0,IDIOSYNCRATIC,IDIOSYNCRATIC
2024-02-08,0.15102296119387232,-0.07734678039698575,-0.054610200219152236,0.047180416566429184,-0.19876803464541126,0.0232654437256303,0.4435514534421032,-0.028854833488684402,1.7900009155273438,0.08999999999999986,66.0,15.0,0,0,1,0,IDIOSYNCRATIC,IDIOSYNCRATIC
2024-02-09,0.18918691112705552,-0.11730416455495707,-0.04053076965594459,0.05702303245002121,-0.1982802261250488,0.011464752279295068,0.46560577404027365,0.016652403067249747,1.7900009155273295,0.15999999999999992,72.0,17.0,0,0,1,0,IDIOSYNCRATIC,IDIOSYNCRATIC
2024-02-12,0.14870782308381217,-0.15244346401178047,-0.03102618689877959,0.039520526450883144,-0.2057464658726046,0.01768002641385209,0.407519437737429,0.1534075353855427,1.7699966430664205,0.24,70.0,20.0,0,0,1,0,IDIOSYNCRATIC,IDIOSYNCRATIC
2024-02-13,0.14755092622553803,-0.12189889770521922,-0.04838552106822664,0.04417099580487419,-0.19434160432257763,0.010932238605313213,0.40963362438647444,0.1420615020927437,1.5999984741210938,0.25,79.0,31.0,0,0,1,0,IDIOSYNCRATIC,IDIOSYNCRATIC
2024-02-14,0.3201282541126489,-0.1106073645320578,-0.24305396328598683,0.0551443845823445,-0.1984992269243251,-0.002927149432149374,0.42093465978305417,0.19270806442901417,1.2700042724609233,0.16999999999999993,74.0,22.0,0,0,1,0,IDIOSYNCRATIC,IDIOSYNCRATIC
2024-02-15,0.25883743740378484,-0.19520041273700045,-0.21007523704349948,0.049291129695813715,-0.20184911025918692,0.0013825881308509092,0.3893835274776697,0.23011797966250305,0.7600021362304545,0.1399999999999999,72.0,23.0,0,0,1,0,IDIOSYNCRATIC,IDIOSYNCRATIC
2024-02-16,0.2861239168299907,-0.20466896644235183,-0.20390408910637017,0.05173018621743788,-0.1919207730286337,0.0023698027967837924,0.390080792283355,0.22577728453419058,0.9899978637695312,0.15999999999999992,72.0,17.0,0,0,1,0,IDIOSYNCRATIC,IDIOSYNCRATIC
2024-02-20,0.2827825748171289,-0.20425884208871423,-0.20094236015450867,0.055568227412277904,-0.19454642097163186,0.0004167691077968993,0.31739046467975923,0.28021996671265414,0.75,0.1499999999999999,72.0,11.0,0,0,1,0,IDIOSYNCRATIC,IDIOSYNCRATIC
2024-02-21,0.18374277278744333,-0.1372608428923709,-0.1578213326935284,0.06397709151381692,-0.18746769290417267,0.0013011581606268748,0.3264858330542148,0.26313547813950205,0.3899993896484375,0.1299999999999999,78.0,18.0,0,0,1,0,IDIOSYNCRATIC,IDIOSYNCRATIC
2024-02-22,0.11749132649150208,-0.13777824796016694,-0.13203123826313712,0.040957313457681985,-0.18923655829087724,0.009216898176257843,0.3357275016902673,0.24698322477150206,0.7200012207031392,0.14000000000000012,74.0,11.0,0,0,1,0,IDIOSYNCRATIC,IDIOSYNCRATIC
2024-02-23,0.12134548861025139,-0.14816563452869483,-0.12227986228224781,0.0427348784349043,-0.2056421610492358,0.009351098282680962,0.34129883653631843,0.23933257594548243,0.37000274658201704,0.10999999999999988,76.0,13.0,0,0,1,0,IDIOSYNCRATIC,IDIOSYNCRATIC
2024-02-26,0.08353977216096975,-0.16056711984278307,-0.1511997645401949,0.016240986178642582,-0.19916694622986242,0.021432084282074704,0.38326839448167327,0.26531179660606546,0.3600006103515483,0.11999999999999988,72.0,12.0,0,0,1,0,IDIOSYNCRATIC,IDIOSYNCRATIC
2024-02-27,0.08028862576668311,-0.016842996497055222,-0.15882023678118518,0.016911737282213506,-0.20002680708969764,0.022460870331691123,0.39311242459380386,0.2766667404715346,0.2200012207031108,0.20999999999999996,79.0,15.0,0,0,1,0,IDIOSYNCRATIC,IDIOSYNCRATIC
2024-02-28,0.004495549848747668,0.0071299553560454036,-0.11218889437056417,-0.011971530762391684,-0.18390157489527195,0.03670948248001401,0.4658083123695873,0.3751457784385134,0.5800018310546875,0.1399999999999999,82.0,20.0,0,0,1,0,IDIOSYNCRATIC,IDIOSYNCRATIC
2024-02-29,-0.03686237823954362,-0.0755483499006323,-0.12427539934601137,-0.017008498892988926,-0.19513111528798407,0.032833883597227276,0.4769199575425679,0.36267491697754056,0.8900070190429688,0.18999999999999995,80.0,14.0,0,0,1,0,IDIOSYNCRATIC,IDIOSYNCRATIC
2024-03-01,0.0239859095739817,0.02128168950058417,-0.12272886595960035,0.0019928819203382866,-0.18144982619256775,0.03149633482944325,0.4763431052945148,0.3712554924717256,0.8099975585937642,0.19000000000000017,80.0,8.0,0,0,1,0,IDIOSYNCRATIC,IDIOSYNCRATIC
2024-03-04,-0.016299193316309465,0.19108174354119184,-0.13016117860468984,-0.018161701297999197,-0.10278080079023656,0.08095638115896163,0.532345084846784,0.45884185613740935,-0.08999633789065342,0.05999999999999983,82.0,12.0,0,0,1,0,IDIOSYNCRATIC,IDIOSYNCRATIC
2024-03-05,0.13787099793218743,0.07412965237442906,-0.1066458643408564,0.028135169450007116,-0.116750672016484,0.07016211979118625,0.609351046289618,0.4025414985117377,-0.6499938964844034,-0.08999999999999986,90.0,11.0,0,0,1,0,IDIOSYNCRATIC,IDIOSYNCRATIC
2024-03-06,0.14705784640926503,0.0930034173181355,-0.12365761190625302,0.04268979680874809,-0.10807475087972275,0.05799986303709201,0.6103820233259627,0.42810439400390476,-0.8099975585937358,-0.040000000000000036,75.0,1.0,0,0,1,0,IDIOSYNCRATIC,IDIOSYNCRATIC
2024-03-07,0.14019182124870072,0.07640185293239589,-0.1255660147554879,0.03276858125350432,-0.10640794524037984,0.05704439309252443,0.6106247817971473,0.41218388784613946,-1.220001220703125,-0.050000000000000044,82.0,10.0,0,0,1,0,IDIOSYNCRATIC,IDIOSYNCRATIC
2024-03-08,0.1354256580949356,0.08339455275440288,-0.10548282420901706,0.026344999595594103,-0.09555618546016487,0.05669254603073892,0.6106058053049251,0.4105695288010126,-1.4100036621093892,-0.09999999999999987,81.0,9.0,0,0,1,0,IDIOSYNCRATIC,IDIOSYNCRATIC
2024-03-11,0.1290435192227432,0.09280087243680678,-0.07925208541001318,0.012121594235968048,-0.09028232242012339,0.06564869066615117,0.6184506532971745,0.42511095426457324,-1.2099990844726278,-0.08999999999999986,82.0,10.0,0,0,1,0,IDIOSYNCRATIC,IDIOSYNCRATIC
2024-03-12,0.08059654888736076,0.1251483608717008,-0.09726676698711369,0.004643601281553862,-0.08117285811664195,0.06593594139370862,0.6117430205762234,0.3582486147299261,-1.2099990844726705,-0.06999999999999984,81.0,3.0,0,0,1,0,IDIOSYNCRATIC,IDIOSYNCRATIC
2024-03-13,0.059323896536492525,0.1262645610288051,-0.116102548069533,-0.00603116013139924,-0.07471636372020253,0.061641763842842694,0.6064507972902383,0.384744102554119,-2.1699981689453125,-0.13000000000000012,81.0,7.0,0,0,1,0,IDIOSYNCRATIC,IDIOSYNCRATIC
2024-03-14,0.02261710100270956,0.14826046290785888,-0.18988656350819072,0.012059486956696945,-0.06495523266859445,0.033319313316673344,0.6180868462063189,0.32034479158532775,-1.3600006103515625,0.020000000000000018,88.0,12.0,0,0,1,0,IDIOSYNCRATIC,IDIOSYNCRATIC
2024-03-15,0.07291755099416367,0.1830056756231256,-0.197864528078663,0.032737454615212776,-0.05640063017653123,0.01928122631731681,0.6354387019401951,0.2898798590642188,-0.870002746582017,0.050000000000000044,83.0,11.0,0,0,1,0,IDIOSYNCRATIC,IDIOSYNCRATIC
2024-03-18,0.0655710273558943,0.1682116505567156,-0.20578954606258226,0.02485015510117643,-0.05703567998340221,0.014066106261804894,0.6508728538416718,0.25852743439840215,-0.6999969482422017,0.05999999999999983,77.0,-2.0,0,0,1,0,IDIOSYNCRATIC,IDIOSYNCRATIC
2024-03-19,0.028990485935427288,0.1692174393546224,-0.22794210818210814,0.016369576137297663,-0.04533080917981294,-0.006609985029686214,0.7370938427730108,0.16901938211519563,-0.2700042724609091,0.050000000000000044,79.0,-3.0,0,0,1,0,IDIOSYNCRATIC,IDIOSYNCRATIC
2024-03-20,0.09205117600310471,0.24347164370970142,-0.29925301961825496,0.04508678975068395,-0.006672425391019676,-0.03160759051516143,0.7888329905461021,0.2700911393991996,-0.599998474121108,-0.020000000000000018,74.0,-6.0,0,0,1,0,IDIOSYNCRATIC,IDIOSYNCRATIC
2024-03-21,0.0807125273080744,0.2612452146996707,-0.34773050522647364,0.053623940273520396,-0.005139822101758952,-0.05700246647799704,0.8037011480960087,0.24413101281300054,0.04000091552734375,-0.09000000000000008,78.0,-2.0,0,0,1,0,IDIOSYNCRATIC,IDIOSYNCRATIC
2024-03-22,0.07810552109264352,0.29570191453900424,-0.3766411803723826,0.048587475179178,0.012408458810419973,-0.06719459761109076,0.8110133021587069,0.22886437227635384,0.48999786376954546,-0.08999999999999986,75.0,-7.0,0,0,1,0,IDIOSYNCRATIC,IDIOSYNCRATIC
2024-03-25,0.031999738840280186,0.3116841639202918,-0.39148415605750586,0.030567128409106237,0.02378350530648296,-0.08081872737662177,0.8330339063869375,0.24929500663191312,0.40000152587892046,-0.050000000000000044,75.0,-15.0,0,0,1,0,IDIOSYNCRATIC,IDIOSYNCRATIC
2024-03-26,0.049289399357201696,0.3427789795900356,-0.40898263831639026,0.05778896484172875,0.03400988490152502,-0.13099183790111613,0.8248353007333893,0.203773568798004,0.45999908447267046,-0.07000000000000006,81.0,6.0,0,0,1,0,IDIOSYNCRATIC,IDIOSYNCRATIC
2024-03-27,0.023588912552661136,0.3386968097628579,-0.43421859351733183,0.058596836525063895,0.03952891548649018,-0.14662917377507279,0.772399468331784,0.10544083127800935,0.3699951171875,-0.06000000000000005,83.0,1.0,0,0,1,0,IDIOSYNCRATIC,IDIOSYNCRATIC
2024-03-28,-0.005079116046563681,0.3532870339103583,-0.41441379651374094,0.056345434598918026,0.06704751167351551,-0.14715559510652462,0.7674696041086633,0.14496043551990997,0.3899993896484233,-0.040000000000000036,80.0,-1.0,0,0,1,0,IDIOSYNCRATIC,IDIOSYNCRATIC
2024-04-01,-0.003889899860053711,0.3314864981111879,-0.45059299231475713,0.056822298857466466,0.05877801695911603,-0.15364788279391167,0.769619012793201,0.11001491103364316,1.1599960327148438,0.10999999999999988,79.0,-3.0,0,0,1,0,IDIOSYNCRATIC,IDIOSYNCRATIC
2024-04-02,0.05040049981579179,0.22438587093245907,-0.38780292125480004,0.07605238854183924,0.022936489208549803,-0.13418518023120946,0.7391802603411859,-0.0431147315321707,0.9899978637695455,0.1200000000000001,79.0,-2.0,0,0,1,0,IDIOSYNCRATIC,IDIOSYNCRATIC
2024-04-03,0.047281880219285796,0.2242798835730728,-0.3679967362161575,0.06417833432227782,0.04262540921318821,-0.13005343924589646,0.6988658708372775,0.03359199335606963,0.4499969482422017,0.18999999999999995,71.0,-10.0,0,0,1,0,IDIOSYNCRATIC,IDIOSYNCRATIC
2024-04-04,0.006931662926937381,0.18126834748040052,-0.378202528934583,0.043203447429289166,0.042334124772851214,-0.14413947923151108,0.7001823312409263,0.0356911558670647,0.75,0.15999999999999992,70.0,-18.0,0,0,1,0,IDIOSYNCRATIC,IDIOSYNCRATIC
2024-04-05,0.03649034840641295,0.14234426960207522,-0.38702921870876605,0.03691795180080859,0.03145549315226929,-0.14734744798793817,0.7001821154498237,0.013537385396260737,1.4800033569335795,0.20999999999999996,79.0,-4.0,0,0,1,0,IDIOSYNCRATIC,IDIOSYNCRATIC
2024-04-08,0.029692452889050792,0.14970199892082925,-0.4000087560898153,0.0335046591231821,0.04334476731844332,-0.1562771721184694,0.7218329943297478,0.04762181898248582,1.4000015258789205,0.22999999999999998,76.0,-1.0,0,0,1,0,IDIOSYNCRATIC,IDIOSYNCRATIC
2024-04-09,0.030030346761606676,0.1930234253378725,-0.38881534633176423,0.0304421454226818,0.033388985914211286,-0.15328121849367055,0.7069357929801094,-0.042266363093274736,1.2799987792968608,0.16999999999999993,80.0,1.0,0,0,1,0,IDIOSYNCRATIC,IDIOSYNCRATIC
2024-04-10,0.009446521785150321,0.18839006180713758,-0.2957571694402353,0.02519317521240838,0.02714617915904103,-0.13461174430170314,0.7107701868430051,-0.012577225801392155,2.2900009155273438,0.2899999999999998,78.0,4.0,0,0,1,0,IDIOSYNCRATIC,IDIOSYNCRATIC
2024-04-11,0.03641233291860022,0.19604863949292978,-0.3326651819064776,0.016538443973750726,0.014693873964923903,-0.13119982953265255,0.7061776041560768,-0.04224190744997966,2.4899978637695312,0.27000000000000024,76.0,-2.0,0,0,1,0,IDIOSYNCRATIC,IDIOSYNCRATIC
2024-04-12,0.11303258504886408,0.25023058209148435,-0.36647715792526303,0.040586885432751095,0.030135267369131472,-0.1512410736507883,0.7159502065643107,-0.06063841617303204,2.6800003051757812,0.11999999999999988,79.0,4.0,0,0,1,0,IDIOSYNCRATIC,IDIOSYNCRATIC
2024-04-15,0.17074264516372567,0.1523452747146109,-0.3606527192803234,0.10085776124560625,0.058413625983002745,-0.1803276772076825,0.7359977436035876,-0.09006404059781578,2.779998779296875,0.2100000000000002,74.0,-1.0,0,0,1,0,IDIOSYNCRATIC,IDIOSYNCRATIC
2024-04-16,0.20846920678730704,0.06719237958020725,-0.36662211396641775,0.09889624316183634,0.06864396753439292,-0.19643536835857672,0.7321039635266071,-0.05690812836453178,2.6800003051758097,0.2100000000000004,65.0,-16.0,0,0,1,0,IDIOSYNCRATIC,IDIOSYNCRATIC
2024-04-17,0.16404288933118644,0.12094473953396712,-0.354312727887993,0.11236206462985683,0.08399505967683882,-0.18206653409420254,0.68045763831992,-0.010326981857468442,2.1399993896484375,0.20000000000000018,67.0,-16.0,0,0,1,0,IDIOSYNCRATIC,IDIOSYNCRATIC
2024-04-18,0.129530055724087,0.10514839742638349,-0.31376266405084324,0.11219685398582085,0.08565906200405397,-0.18712956372172188,0.6071357390597935,-0.06699663274009479,2.7399978637695312,0.28000000000000025,57.0,-23.0,0,0,1,0,IDIOSYNCRATIC,IDIOSYNCRATIC
2024-04-19,0.09720261953614245,0.10232795405140341,-0.3129702115661545,0.10703017059371688,0.09699474495064055,-0.19450217534296435,0.5956110919257674,-0.025482815636969264,2.1500015258789062,0.28,66.0,-13.0,0,0,1,0,IDIOSYNCRATIC,IDIOSYNCRATIC
2024-04-22,0.16157080555161857,-0.026188479267319778,-0.31804659465720814,0.12365713013642671,0.016873384064195914,-0.19642126892303585,0.6094242695083891,0.046846742184403684,1.650001525878892,0.33999999999999986,73.0,-6.0,0,0,1,0,IDIOSYNCRATIC,IDIOSYNCRATIC
2024-04-23,0.16655761028467256,-0.023634128619709045,-0.31570939535271986,0.11711210152780327,0.018679154923254275,-0.19170965172543156,0.5136333602137101,-0.0521000858164702,1.459999084472642,0.28000000000000025,71.0,0.0,0,0,1,0,IDIOSYNCRATIC,IDIOSYNCRATIC
2024-04-24,0.17584910639349846,-0.020432457876533167,-0.3178473940630962,0.10623119386102312,0.000967977965829551,-0.17870110890252777,0.5237922889805706,-0.08512116573930623,1.5699996948242188,0.3200000000000003,72.0,2.0,0,0,1,0,IDIOSYNCRATIC,IDIOSYNCRATIC
2024-04-25,0.18284050409967506,-0.028538250773687057,-0.30730456535093814,0.10627309292824388,0.0009762264008646356,-0.18653249219908313,0.5242494779419036,-0.07430243842716269,1.25,0.3999999999999999,72.0,-7.0,0,0,1,0,IDIOSYNCRATIC,IDIOSYNCRATIC
2024-04-26,0.1550759185492835,-0.04026835397652419,-0.2977982890444573,0.09790188992157059,-0.012850976437195363,-0.17808247872028213,0.51850787806251,-0.10402856361805965,1.3899993896484375,0.3600000000000003,70.0,-6.0,0,0,1,0,IDIOSYNCRATIC,IDIOSYNCRATIC
2024-04-29,0.14018079059104055,-0.05489296976330113,-0.29716300141168084,0.09594062034298752,-0.013755590020150584,-0.17500248163037257,0.5177375176282957,-0.08783362737917223,0.560005187988267,0.2400000000000002,67.0,-13.0,0,0,1,0,IDIOSYNCRATIC,IDIOSYNCRATIC
2024-04-30,0.2194525903935992,0.03276874360634565,-0.3355850911437703,0.12877382403911014,0.034149660336251345,-0.20405029650390938,0.5026505651007923,-0.07633735272582862,1.4000015258789062,0.2799999999999998,67.0,-11.0,0,0,1,0,IDIOSYNCRATIC,IDIOSYNCRATIC
2024-05-01,0.27393805463526644,-0.008734380625929095,-0.2715232538046078,0.14758480562287724,0.028733623471011684,-0.18777751888904687,0.5157275345306507,-0.1245510192798058,1.510002136230483,0.25,54.0,-22.0,0,0,1,0,IDIOSYNCRATIC,IDIOSYNCRATIC
2024-05-02,0.21281705101981854,-0.10482390082679423,-0.21271073315155634,0.1512021933526553,0.026485316018998412,-0.19290765531565374,0.49701624539520667,-0.14733548944196942,1.1800003051757528,0.24,43.0,-36.0,0,0,1,0,IDIOSYNCRATIC,IDIOSYNCRATIC
2024-05-03,0.30716083722757176,-0.12354874496853935,-0.2147519186711496,0.17727865118441902,0.021814031238334575,-0.20499061373368466,0.5512913092713237,-0.07573265252543274,0.7299957275390767,0.1299999999999999,48.0,-26.0,0,0,1,0,IDIOSYNCRATIC,IDIOSYNCRATIC
2024-05-06,0.3130639192454811,-0.1445186341972736,-0.19484408918181087,0.18232722123263678,0.030783012406043714,-0.215898069056789,0.510378023611597,-0.12583090766635743,0.9100036621093608,0.10000000000000009,71.0,6.0,0,0,1,0,IDIOSYNCRATIC,IDIOSYNCRATIC
2024-05-07,0.3787593722944291,-0.1642716008462898,-0.16841608028185837,0.1828635491925885,0.032357036873791045,-0.21451814785745332,0.5000864510082447,-0.10359907645821571,1.2600021362304688,0.1499999999999999,68.0,1.0,0,0,1,0,IDIOSYNCRATIC,IDIOSYNCRATIC
2024-05-08,0.3822454330306161,-0.15657886776623045,-0.17196283219987676,0.1837915564668585,0.029963203357504662,-0.21266083450106885,0.49285625000219924,-0.14290836395924428,0.3000030517577983,0.020000000000000018,64.0,7.0,0,0,1,0,IDIOSYNCRATIC,IDIOSYNCRATIC
2024-05-09,0.3862011694777279,-0.10413595144816302,-0.19876016299719002,0.1821186780165269,0.04097765486918277,-0.21824179054452286,0.5092985156489339,-0.10543327277055314,-0.04999542236328125,-0.03000000000000025,55.0,-11.0,0,0,1,0,IDIOSYNCRATIC,IDIOSYNCRATIC
2024-05-10,0.38593710156084754,-0.14624061999719287,-0.21291831756476842,0.2190583235388285,0.04010406186063614,-0.2766512660590482,0.504831890067404,-0.10014075722460739,-0.7300033569335795,0.050000000000000266,66.0,-7.0,0,0,1,0,IDIOSYNCRATIC,IDIOSYNCRATIC
2024-05-13,0.38841698832399596,-0.17905683232722203,-0.2114551330208697,0.20437865750091228,0.0075425759715085335,-0.27162278214892616,0.4835080871624608,-0.00830799425039562,-0.9899978637695312,-0.050000000000000266,57.0,-14.0,0,0,1,0,IDIOSYNCRATIC,IDIOSYNCRATIC
2024-05-14,0.34468454983373026,-0.12489796826016299,-0.246361322019754,0.20540032516946866,0.0016270617096639636,-0.2637641105539625,0.4883247839752018,-0.03604395253920392,-1.25,-0.1200000000000001,66.0,-6.0,0,0,1,0,IDIOSYNCRATIC,IDIOSYNCRATIC
2024-05-15,0.3900396260153569,-0.041290913521384504,-0.33922807859202075,0.22427840576613245,0.028564074812327405,-0.29419665478863005,0.5322994289001624,0.07829993047223943,-1.599998474121108,-0.15000000000000036,64.0,-8.0,0,0,1,0,IDIOSYNCRATIC,IDIOSYNCRATIC
2024-05-16,0.46295389810060333,-0.00995467715787409,-0.33571882933731956,0.19983056818134565,0.05271197889946448,-0.28825580910643267,0.5231614643150405,0.026703003988940537,-1.69000244140625,-0.17000000000000037,70.0,0.0,0,0,1,0,IDIOSYNCRATIC,IDIOSYNCRATIC
2024-05-17,0.46946577290249225,0.042363975746405776,-0.3307427664355125,0.1980855178683925,0.06270989058657174,-0.2839083733920063,0.5308833460223034,0.049030696017076034,-1.7000045776367045,-0.10999999999999988,74.0,7.0,0,0,1,0,IDIOSYNCRATIC,IDIOSYNCRATIC
2024-05-20,0.49344016421087816,0.0332275309270633,-0.2839874633130414,0.2033449570258275,0.06702439060455914,-0.27450306465256563,0.5521759328698246,0.06670565731465034,-1.5100021362304545,-0.10000000000000009,70.0,3.0,0,0,1,0,IDIOSYNCRATIC,IDIOSYNCRATIC
2024-05-21,0.5047268570315612,0.05252717962642969,-0.2916393935399383,0.20200581319464933,0.06961813174398056,-0.2762741432271668,0.556435779675059,0.05463719862226962,-1.0299987792968608,-0.11000000000000032,76.0,22.0,0,0,1,0,IDIOSYNCRATIC,IDIOSYNCRATIC
2024-05-22,0.5329902701557768,0.09479441417333367,-0.42699029475045486,0.2063198971233846,0.10633014407533563,-0.2808945432227102,0.5453907810031013,0.07267763042835662,-0.9199981689453267,-0.14000000000000012,76.0,33.0,0,0,1,0,IDIOSYNCRATIC,IDIOSYNCRATIC
2024-05-23,0.5643592859467307,0.13466463751764648,-0.43170868230044734,0.20932463899045223,0.12069560105366281,-0.2978868115749176,0.5502358878874369,0.05208975107140712,-0.48999786376953125,-0.10999999999999988,76.0,28.0,0,0,1,0,IDIOSYNCRATIC,IDIOSYNCRATIC
2024-05-24,0.535544730657455,0.09253728309140682,-0.38208691572094333,0.20690990363816628,0.11572630533687049,-0.2959803515466419,0.548210164791983,0.07216208095847115,-1.2200012207031108,-0.10000000000000009,74.0,3.0,0,0,1,0,IDIOSYNCRATIC,IDIOSYNCRATIC
2024-05-28,0.4737142567230238,0.20890730462023596,-0.35908814504982267,0.22297503783130196,0.12261718606796224,-0.29381446715635867,0.5486963999398039,0.06745688869261797,-0.9700012207031108,-0.020000000000000018,72.0,4.0,0,0,1,0,IDIOSYNCRATIC,IDIOSYNCRATIC
2024-05-29,0.480548924438101,0.2165147436557443,-0.3645581064983299,0.22707317833084098,0.12729703576337617,-0.29742511138957006,0.5143255280018265,0.10838098931531231,-1.1200027465820312,-0.029999999999999805,72.0,8.0,0,0,1,0,IDIOSYNCRATIC,IDIOSYNCRATIC
2024-05-30,0.42015904255299014,0.19645569851802935,-0.42418757911811206,0.23018715298458858,0.11869361352357242,-0.30005722987429706,0.48706399990503935,0.16004792270224166,-1.040000915527358,-0.06000000000000005,73.0,18.0,0,0,1,0,IDIOSYNCRATIC,IDIOSYNCRATIC
2024-05-31,0.46166759198238844,0.19379349933527815,-0.4638738295968669,0.23031844050388542,0.12270374286722724,-0.30030036772088015,0.49157748079205,0.13237303738173817,-0.6300048828124716,-0.04999999999999982,73.0,7.0,0,0,1,0,IDIOSYNCRATIC,IDIOSYNCRATIC
2024-06-03,0.5231845697243579,0.2062129661294563,-0.47252994602420756,0.23185557522760797,0.12628321973431805,-0.30467961678824573,0.4519089088037019,0.08988867760699734,-0.8899993896484375,-0.06999999999999984,73.0,16.0,0,0,1,0,IDIOSYNCRATIC,IDIOSYNCRATIC
2024-06-04,0.49533507380465,0.331883966390397,-0.4809951369992523,0.23230401888301794,0.11903571775893157,-0.3036966530222417,0.4576004742632966,0.11087141217363435,-0.9400024414062358,-0.1200000000000001,73.0,7.0,0,0,1,0,IDIOSYNCRATIC,IDIOSYNCRATIC
2024-06-05,0.508852051380701,0.3292038692825902,-0.49244871006608476,0.23608086649589938,0.12259103982968987,-0.3013734585856807,0.4524976818414544,0.13132555998588383,-1.1400070190429688,-0.15999999999999992,75.0,11.0,0,0,1,0,IDIOSYNCRATIC,IDIOSYNCRATIC
2024-06-06,0.5142530727992014,0.3189570559222458,-0.4747989001444206,0.22993557506051723,0.11569011182141274,-0.3040078293942104,0.44524008936687914,0.14530365597236,-1.4500045776367045,-0.16999999999999993,78.0,8.0,0,0,1,0,IDIOSYNCRATIC,IDIOSYNCRATIC
2024-06-07,0.531603494331347,0.34306192507156336,-0.487638351511202,0.22943121104640982,0.13568694925095787,-0.3158061085180874,0.4468267772783026,0.09513179028828886,-0.34000396728515625,0.0,77.0,3.0,0,0,1,0,IDIOSYNCRATIC,IDIOSYNCRATIC
2024-06-10,0.6030809426354283,0.34603629002029845,-0.4762834397769349,0.2262488302955488,0.1337424319198677,-0.3180677855437391,0.4211494961409612,0.13403245736543895,-0.15999603271485796,0.0,72.0,2.0,0,0,1,0,IDIOSYNCRATIC,IDIOSYNCRATIC
2024-06-11,0.5572249179330377,0.32774724300321334,-0.48532635540973607,0.21524114844751183,0.1300944580182772,-0.31764956873905204,0.42884916608589335,0.06806686719013187,0.01000213623046875,-0.029999999999999805,74.0,-2.0,0,0,1,0,IDIOSYNCRATIC,IDIOSYNCRATIC
2024-06-12,0.47616599816396116,0.25404099960443766,-0.41537596514942854,0.22079621446743095,0.13043446302208983,-0.3263341881795567,0.42008863786446093,0.10315313947601228,-0.3600006103515767,-0.03000000000000025,72.0,-4.0,0,0,1,0,IDIOSYNCRATIC,IDIOSYNCRATIC
2024-06-13,0.44672895106466237,0.32579276799168033,-0.5383148528012881,0.2170013399283127,0.1342006937940997,-0.33051572715995897,0.34728694605944227,0.007350686393351964,0.849998474121108,-0.020000000000000018,70.0,-6.0,0,0,1,0,IDIOSYNCRATIC,IDIOSYNCRATIC
2024-06-14,0.4490636756869165,0.3022844385964066,-0.5454034473917075,0.21699035045487303,0.12691752213485338,-0.33326707878299006,0.34498372561462737,0.011879076385115445,1.090003967285142,-0.040000000000000036,74.0,0.0,0,0,1,0,IDIOSYNCRATIC,IDIOSYNCRATIC
2024-06-17,0.3433629900389903,0.3315122682144112,-0.5330911526443042,0.2122345039512142,0.12763579259345562,-0.3306923859887452,0.33192280683248904,-0.008410548180980467,0.870002746582017,-0.040000000000000036,71.0,-1.0,0,0,1,0,IDIOSYNCRATIC,IDIOSYNCRATIC
2024-06-18,0.35611088244982314,0.3185370644930919,-0.5206794673396854,0.21226790987678593,0.12682788544700765,-0.33026408742353686,0.2435528333079032,-0.09242239253092041,0.6900024414062642,-0.10000000000000009,74.0,2.0,0,0,1,0,IDIOSYNCRATIC,IDIOSYNCRATIC
2024-06-20,0.3455584913360322,0.2994307707071721,-0.5122423574169561,0.20371022318379592,0.1300913704299399,-0.33015261634320403,0.23824890436997292,-0.07869605714166406,0.92999267578125,-0.08999999999999986,60.0,-13.0,0,0,1,0,IDIOSYNCRATIC,IDIOSYNCRATIC
2024-06-21,0.3412024356147842,0.3075893019621414,-0.5132576181308888,0.2148620681747813,0.1444167089947024,-0.3398366850911762,0.23670067798472283,-0.07549285170747005,0.8600006103515625,-0.08000000000000007,63.0,-10.0,0,0,1,0,IDIOSYNCRATIC,IDIOSYNCRATIC
2024-06-24,0.43993711360619164,0.22135518740576243,-0.36704873732110355,0.23443561416535025,0.13606502279813515,-0.3174206522328036,0.3071572515173291,-0.11951384865504691,0.3600006103515625,-0.14000000000000012,51.0,-22.0,0,0,1,0,IDIOSYNCRATIC,IDIOSYNCRATIC
2024-06-25,0.4594871872364816,0.2460295761099795,-0.34995096006074106,0.22931157786129724,0.13438193381418073,-0.3076556790900209,0.3217993829251513,-0.10323626473323728,0.8899993896484375,-0.13000000000000034,30.0,-43.0,0,0,1,0,IDIOSYNCRATIC,IDIOSYNCRATIC
2024-06-26,0.46189016157844653,0.3072892073708613,-0.3600277473334875,0.2267242939932705,0.1394439944786889,-0.3143933992042153,0.32395390470837054,-0.11607914827248994,1.4400024414062358,-0.14000000000000012,46.0,-29.0,0,0,1,0,IDIOSYNCRATIC,IDIOSYNCRATIC
2024-06-27,0.486595336070149,0.3447658527848396,-0.3911839215919648,0.22916749706002168,0.14181923641940178,-0.31540442769783356,0.32977164286796473,-0.09254407131518447,0.8100051879882812,-0.2200000000000002,40.0,-38.0,0,0,1,0,IDIOSYNCRATIC,IDIOSYNCRATIC
2024-06-28,0.4300532372340463,0.27692152663408076,-0.2341166697475199,0.2356206874720461,0.14256830284944047,-0.3140720241309086,0.3289033746086741,-0.12519489323006844,1.1500015258789205,-0.10999999999999988,47.0,-30.0,0,0,1,0,IDIOSYNCRATIC,IDIOSYNCRATIC
2024-07-01,0.4453701451007361,0.27547974160330957,-0.22234774401554455,0.24075420931354008,0.14252075360921226,-0.31287834299468825,0.36616074613250044,-0.07121794513594111,1.2300033569335795,0.0,53.0,-19.0,0,0,1,0,IDIOSYNCRATIC,MIXED
2024-07-02,0.4571184708326596,0.22555848690625588,-0.20684882661106146,0.2598870090786231,0.14277742013515302,-0.31023096509677267,0.35778020509386155,-0.10367096791573906,1.5800018310546875,0.04999999999999982,51.0,-23.0,0,0,1,0,IDIOSYNCRATIC,MIXED
2024-07-03,0.4247010557564641,0.15648815011552714,-0.21507136092897225,0.2485555658821289,0.13397616147206293,-0.2978904636949085,0.34976360495220443,-0.159334395671281,1.2900009155273438,0.06999999999999984,50.0,-22.0,0,0,1,0,IDIOSYNCRATIC,MIXED
2024-07-05,0.31114893240396985,0.0390321659712795,-0.05549934965201805,0.2403401904813725,0.12071935263085709,-0.25782694409881446,0.38836768813675593,-0.22673527028298446,0.6100006103515483,0.010000000000000009,29.0,-41.0,0,0,1,0,IDIOSYNCRATIC,MIXED
2024-07-08,0.3055892152153281,0.009369825746953764,-0.042319214066179264,0.2392480992581262,0.12407979509706409,-0.25933688578394626,0.38997449006536206,-0.2213896777845445,0.9100036621093892,0.009999999999999787,28.0,-46.0,0,0,1,0,IDIOSYNCRATIC,MIXED
2024-07-09,0.27700656016091413,-0.015623065296329184,-0.019494741230419155,0.2703396750267206,0.12796015713152067,-0.2782231183667627,0.40530335668270323,-0.1784571565925035,0.23000335693360796,-0.08999999999999986,27.0,-44.0,0,0,0,1,MIXED,MIXED
2024-07-10,0.25694517745931694,-0.01618877675510655,0.004903588051024794,0.27379920657065754,0.13020289864505255,-0.275450260182501,0.40354174093390177,-0.1855100424040115,-0.09999847412110796,-0.15000000000000036,28.0,-46.0,0,0,0,1,MIXED,MIXED
2024-07-11,0.22732762894809694,-0.02149271711820426,0.008785298209360689,0.26560365356512566,0.11661889714043444,-0.26248130395416824,0.3950862004680825,-0.16055191346440073,-0.790000915527358,-0.17000000000000015,29.0,-31.0,0,0,0,1,MIXED,MIXED
2024-07-12,0.2313240688586214,-0.03180670104694067,-0.0015896790538506556,0.29588844903242656,0.07858121936267386,-0.27199156636513044,0.3927061951789002,-0.16434016308059754,-0.5600051879882812,-0.1499999999999999,25.0,-38.0,0,0,0,1,MIXED,MIXED
2024-07-15,0.22295328563380307,0.0002584024086676796,0.06375083835262998,0.2575653601112488,0.09170834912709165,-0.2529633994570176,0.572230844063613,-0.02866253375886739,-1.009994506835966,-0.06999999999999984,52.0,1.0,0,0,0,1,MIXED,MIXED
2024-07-16,0.2176746128814209,0.0008343060403164136,0.0640593220970546,0.2542770728666569,0.08542071419155849,-0.2416828377217521,0.5713219108095311,-0.013942069570806478,-1.280006408691392,-0.11999999999999988,65.0,35.0,0,0,0,1,MIXED,MIXED
2024-07-17,0.21697748987755028,-0.005412344707361808,0.12207720781241545,0.2523447750475499,0.08648328416037596,-0.22778084216382216,0.5726520536062633,-0.036318522364581496,-1.5699996948242188,-0.16000000000000014,69.0,23.0,0,0,0,1,MIXED,MIXED
2024-07-18,0.21750477103198387,0.023085547741652897,0.12343424861918063,0.2637534350514851,0.08241679404395659,-0.22525795449495234,0.5686139350143701,-0.018072464641781995,-1.0900039672851562,-0.11999999999999988,61.0,21.0,0,0,0,1,MIXED,MIXED
2024-07-19,0.1511688373358931,-0.06647626775999294,0.1455691816747749,0.26081366777883086,0.0550414471102637,-0.22359923791353123,0.5872139898242377,0.028609477260892503,-1.1899948120117188,-0.07000000000000006,60.0,13.0,0,0,0,1,MIXED,MIXED
2024-07-22,0.16764576370945186,-0.06510713720504548,0.13959308991672573,0.27108683402917966,0.05202713869451813,-0.22421239638275584,0.5865826738565099,0.05300469636524631,-1.490005493164034,-0.06000000000000005,70.0,17.0,0,0,0,1,MIXED,MIXED
2024-07-23,0.16497761762466484,-0.16639605567819613,0.19221590021768784,0.2781752550807335,0.046190481978735154,-0.22305071325389486,0.5486496074650864,0.08960078635429615,-1.0200042724609233,-0.06999999999999984,71.0,20.0,0,0,0,1,MIXED,MIXED
2024-07-24,0.15519027544162747,-0.1674519262171602,0.19153516473267668,0.26323033528297357,0.04370289607223948,-0.21431614525655615,0.5450727313299412,0.05611761120686257,-1.220001220703125,-0.009999999999999787,69.0,19.0,0,0,0,1,MIXED,MIXED
2024-07-25,0.1747536888680247,-0.16886286659398725,0.20603558943516503,0.25300851238181504,0.03608934506326075,-0.21373445893732884,0.5407208255216696,0.07849842315086897,-1.6900024414062358,-0.07000000000000006,68.0,39.0,0,0,0,1,MIXED,MIXED
2024-07-26,0.18633154630839502,-0.13294975614322133,0.24167314641880397,0.2676613548419333,0.045586489562145956,-0.21145779909606824,0.54864523920107,0.09747386748060813,-1.5900039672851562,-0.09999999999999987,68.0,40.0,0,0,0,1,MIXED,MIXED
2024-07-29,0.19315313869272327,-0.1530246704746737,0.2881816309862075,0.28642513666964375,0.042379455099845226,-0.2034180210182264,0.5459998051087587,0.10233516056866573,-1.3100051879882812,-0.16000000000000014,74.0,47.0,0,0,0,1,MIXED,MIXED
2024-07-30,0.202025002151083,-0.14928504618939867,0.3144123040294661,0.2664865487243749,0.008781042432331455,-0.1739417249704037,0.5317946403982265,0.051913359014670826,-1.349998474121108,-0.26000000000000023,67.0,39.0,0,0,0,1,MIXED,MIXED
2024-07-31,0.12888113666437825,-0.17808741682731158,0.3456888867346818,0.2408424264046655,-0.007067618444734787,-0.14150293851974435,0.5372421593153714,0.04091008449347483,-1.6200027465820312,-0.2799999999999998,61.0,32.0,0,0,0,1,MIXED,MIXED
2024-08-01,0.10442882468165081,-0.17968684031104154,0.3514940964861231,0.22742834274612317,-0.0170604694535912,-0.12637353205039015,0.5247775506057201,0.0826331331111346,-0.9800033569335795,-0.2999999999999998,52.0,27.0,0,0,0,1,MIXED,RISK_ASSET
2024-08-02,0.1925375690985806,-0.14840332556322297,0.47904459884842465,0.28597422085888885,-0.01680697254336561,-0.025476946885474284,0.5280392819660118,0.08054477604136373,-1.6699981689452983,-0.24,57.0,5.0,0,0,0,1,MIXED,RISK_ASSET
2024-08-05,0.3665159208100376,0.012119001505544926,0.5253485620234063,0.37353927041447005,0.038923129683107204,0.037532595242416755,0.7003660948853874,-0.04903828152255392,-2.319999694824247,-0.2999999999999998,26.0,-39.0,0,0,0,1,MIXED,RISK_ASSET
2024-08-06,0.37264994539027213,-0.004955117732560973,0.5328227992457713,0.3815475708617659,0.028541209127507523,0.048545041117128464,0.7086156643711701,-0.03463778053558583,-2.1500015258789205,-0.26,17.0,-52.0,0,0,0,1,MIXED,RISK_ASSET
2024-08-07,0.36232846108982536,0.01111581033890513,0.5065176788946978,0.3854534464842741,0.02178221126373345,0.04080528769641521,0.7108484995332632,-0.04816105278716263,-1.8500061035155966,-0.1599999999999997,29.0,-32.0,0,0,0,1,MIXED,RISK_ASSET
2024-08-08,0.4714906835445701,0.12245838720258316,0.505284496076723,0.43465392911504297,0.07315842418580851,0.047065669238336764,0.8174950437943999,0.07336405062406409,-1.2300033569335795,-0.07999999999999985,20.0,-40.0,1,0,0,0,RISK_ASSET,RISK_ASSET
2024-08-09,0.4629985233463241,0.11401868626555564,0.5059029274217728,0.42580433981563226,0.09971530487846252,0.03851882791911828,0.8192954103544895,0.05019843251329251,-0.9499969482421875,-0.09999999999999987,48.0,-22.0,1,0,0,0,RISK_ASSET,RISK_ASSET
2024-08-12,0.4530217397128153,0.07911057780977268,0.5020691879265252,0.42329383258910164,0.08490302036085912,0.0431954439832137,0.7163400793349172,-0.08885941284048601,-1.0500030517577983,-0.16999999999999993,25.0,-46.0,1,0,0,0,RISK_ASSET,RISK_ASSET
2024-08-13,0.44878777196937675,0.07216615682690164,0.4579442178051176,0.44774561480784003,0.09138021671982076,0.035373393408838334,0.7212949084629379,-0.07142800334604416,-1.709999084472642,-0.1499999999999999,31.0,-38.0,1,0,0,0,RISK_ASSET,RISK_ASSET
2024-08-14,0.4512603988959022,0.09056324736748977,0.4453553261330932,0.4510513738137097,0.10367009073386015,0.03602641244449615,0.7267431979534051,-0.08766306228288526,-1.1800003051757812,-0.1299999999999999,30.0,-38.0,1,0,0,0,RISK_ASSET,RISK_ASSET
2024-08-15,0.4328909980545206,0.1106090499741893,0.40235385988560024,0.4392085126958446,0.09419635645367497,0.03644217672647379,0.7287421774503917,-0.10564821021966872,-1.189994812011733,-0.08999999999999986,29.0,-39.0,1,0,0,0,RISK_ASSET,RISK_ASSET
2024-08-16,0.4779287807248275,0.19476985115806003,0.3356768098764133,0.44301741626809277,0.1129507215711089,0.025446218336241375,0.7161206197766069,-0.12461620022796162,-1.94000244140625,-0.11999999999999988,27.0,-47.0,1,0,0,0,RISK_ASSET,RISK_ASSET
2024-08-19,0.47785442705445585,0.19751908168782265,0.3192297048495291,0.4518206429571509,0.11964956063859074,-0.0032636968945159435,0.7152052932441998,-0.12752348898952787,-2.4199981689453267,-0.16999999999999993,28.0,-39.0,1,0,0,0,RISK_ASSET,RISK_ASSET
2024-08-20,0.47807908391022047,0.1975090468990065,0.3142268348806857,0.45830916522883064,0.12412970118669948,-0.0004518988438682317,0.7121017603658124,-0.11080401004800045,-3.009994506835966,-0.20999999999999996,30.0,-31.0,1,0,0,0,RISK_ASSET,RISK_ASSET
2024-08-21,0.4905996013095861,0.18749194346933631,0.2892178813753766,0.4498606608570913,0.10607341482899393,0.017225451970583467,0.7262684873465309,-0.06635432571567257,-3.3499984741210938,-0.28,26.0,-26.0,1,0,0,0,RISK_ASSET,RISK_ASSET
2024-08-22,0.49590311504134343,0.21520656136034388,0.25866251164860754,0.43429487964623625,0.14491462684382556,0.022991948545250003,0.7261479722647382,-0.08558405350116197,-2.8499984741210795,-0.22999999999999998,39.0,-18.0,1,0,0,0,RISK_ASSET,RISK_ASSET
2024-08-23,0.513721298092372,0.24931765167051692,0.1688362524278195,0.4453483885315846,0.16148028880938164,-0.020007966575307047,0.749533086023711,-0.05785736790443362,-3.5999984741210938,-0.25,34.0,8.0,1,0,0,0,RISK_ASSET,RISK_ASSET
2024-08-26,0.5525858152140778,0.2584368091491295,0.1287283944517186,0.4404933496500215,0.15146585799766857,-0.03275793011192958,0.7502506219206495,-0.060762504089385175,-3.7099990844726705,-0.25,55.0,38.0,1,0,0,0,RISK_ASSET,RISK_ASSET
2024-08-27,0.5291542506142726,0.250401967286505,0.14331284306022513,0.4434832484638201,0.14384626462211855,-0.028375003040845122,0.7715750203936411,-0.10665003541961983,-4.0,-0.21999999999999997,48.0,19.0,1,0,0,0,RISK_ASSET,RISK_ASSET
2024-08-28,0.536043019076721,0.2472259647537704,0.1230468128764393,0.4546183695698809,0.14467299241256307,-0.032232711911546884,0.7686212961151311,-0.09050679935140007,-3.0100021362304688,-0.16000000000000014,30.0,10.0,1,0,0,0,RISK_ASSET,RISK_ASSET
2024-08-29,0.5363290737911016,0.25183136206113155,0.13034415799706772,0.4480001392842181,0.19002474537161132,-0.02980104923533066,0.7674643120622451,-0.09577698871970428,-3.0800018310547017,-0.08000000000000007,29.0,-19.0,1,0,0,0,RISK_ASSET,RISK_ASSET
2024-08-30,0.5613344113747387,0.35047323482317494,0.10134077719418096,0.45098895414652507,0.18978402655125023,-0.032494561346234144,0.7384791111896404,-0.038094763474860405,-1.5100021362304545,0.0,34.0,9.0,1,0,0,0,RISK_ASSET,RISK_ASSET
2024-09-03,0.5584343353906515,0.36110563529039286,0.09011973379824798,0.4568472616525556,0.19162948080228498,-0.03099361841595954,0.5876388548855381,0.061758804401276214,-0.8600006103515625,0.020000000000000018,26.0,-5.0,1,0,0,0,RISK_ASSET,RISK_ASSET
2024-09-04,0.5596784300964055,0.36549649310410953,0.08779243152018908,0.4570098159613842,0.19105254142360115,-0.03408968563896749,0.5750839006880409,0.03398788826899584,-1.6100006103515625,-0.08000000000000007,27.0,-3.0,1,0,0,0,RISK_ASSET,RISK_ASSET
2024-09-05,0.5881579972810291,0.3431080390310364,0.09522224672641638,0.4646850603169091,0.18341029146792104,-0.025011140633620442,0.5828701921827191,0.020381103744927867,-2.089996337890639,-0.15000000000000013,29.0,0.0,1,0,0,0,RISK_ASSET,RISK_ASSET
2024-09-06,0.6090690047425829,0.4025355816235819,0.08025319246807074,0.47576061895287153,0.1916108428150593,-0.02837568370178748,0.4282922059261851,-0.13441361359357024,-2.029998779296875,-0.18000000000000016,22.0,-5.0,1,0,0,0,RISK_ASSET,RISK_ASSET
2024-09-09,0.6108123507014133,0.3833771462465717,0.12700146220141342,0.4684152014036688,0.16815584558827484,0.024151345225803336,0.47792956307302076,-0.06551264312358324,-1.5899963378906392,-0.18000000000000016,26.0,-2.0,1,0,0,0,RISK_ASSET,RISK_ASSET
2024-09-10,0.6147839112724847,0.3839567009615777,0.13987152703280806,0.4688123880028181,0.18120005146638543,0.0112235576843708,0.47327272809965804,-0.029160316510979067,-1.510002136230483,-0.16000000000000014,33.0,3.0,1,0,0,0,RISK_ASSET,RISK_ASSET
2024-09-11,0.601077014091726,0.3925569776911499,0.14030474380930796,0.45784514731251547,0.18381621275881252,0.0165629150621737,0.46629214430970667,-0.055398966211475116,-0.879997253417983,-0.1499999999999999,37.0,11.0,1,0,0,0,RISK_ASSET,RISK_ASSET
2024-09-12,0.6552393061227691,0.4506321029677609,0.12080366895462971,0.4434828008742827,0.1954923748596903,0.02638144226653255,0.45739450009245164,-0.010443967190410084,-1.1999969482421733,-0.14000000000000012,31.0,-8.0,1,0,0,0,RISK_ASSET,RISK_ASSET
2024-09-13,0.6964112371229412,0.47841224286133843,0.09572599175865988,0.44577942682710026,0.20414903046012903,0.01710281605371229,0.47313243679609407,0.05099161781397629,-1.8700027465820312,-0.21999999999999997,32.0,-2.0,1,0,0,0,RISK_ASSET,RISK_ASSET
2024-09-16,0.6739283438566268,0.4752016557536785,-0.011925367348455954,0.4478188670184254,0.20243841089100656,0.033131227981647415,0.48888945290697056,-0.011984394011507419,-1.6999969482421733,-0.27,39.0,-16.0,1,0,0,0,RISK_ASSET,RISK_ASSET
2024-09-17,0.5629144538338512,0.34050646436939125,-0.1496253998253827,0.44574841879082644,0.19121421395989763,0.042354548692524065,0.5037548170840401,0.013607428382403773,-1.0,-0.26,33.0,-15.0,1,0,0,0,RISK_ASSET,RISK_ASSET
2024-09-18,0.5449206601467036,0.36279657444323854,-0.19589441163931834,0.4428168011693854,0.17283260160714775,0.04473052884836498,0.5078856358285927,0.04371378355555586,-0.840003967285142,-0.16999999999999993,45.0,15.0,1,0,0,0,RISK_ASSET,RISK_ASSET
2024-09-19,0.537434401015437,0.3672287051523401,-0.17564120607039496,0.44733585970310186,0.18973582747584294,0.05059633325379651,0.4977284372258228,0.028447414834720276,-0.43000030517578125,-0.15999999999999992,49.0,20.0,1,0,0,0,RISK_ASSET,RISK_ASSET
2024-09-20,0.44744233206461687,0.26200023210843076,-0.250290333924687,0.4474314263174457,0.20568622103553497,0.052562922851754235,0.49496915602695085,0.045503540587669145,-0.790000915527358,-0.17999999999999994,54.0,20.0,1,0,0,0,RISK_ASSET,RISK_ASSET
2024-09-23,0.45304490145797005,0.26273353481462164,-0.2471544005988826,0.4526407856973045,0.21178995293157943,0.04980702920673325,0.4487869493967928,-0.012000297040828067,0.1999969482422017,-0.09999999999999987,50.0,24.0,1,0,0,0,RISK_ASSET,RISK_ASSET
2024-09-24,0.461069510364867,0.3487555237187647,-0.2562475793023098,0.44355888050745135,0.19530672600518006,0.08688757059717712,0.4466596401326388,0.022351602236864318,-0.4799957275390483,-0.11999999999999988,54.0,27.0,1,0,0,0,RISK_ASSET,RISK_ASSET
2024-09-25,0.4471559086809165,0.3704116625273696,-0.26186162680934943,0.4423696025262342,0.1943690226048909,0.07740832833100203,0.40420812417338164,0.059358515238883566,0.3699951171875284,-0.06999999999999984,59.0,30.0,1,0,0,0,RISK_ASSET,RISK_ASSET
2024-09-26,0.45591499853257633,0.3391519884473231,-0.28164714524877515,0.44683947929609225,0.18656561671940314,0.06617438206167832,0.4138928720219492,0.09916276040377453,-0.5299987792968608,-0.06000000000000005,50.0,28.0,1,0,0,0,RISK_ASSET,RISK_ASSET
2024-09-27,0.5338820122237921,0.32681508519740066,-0.25518535395505704,0.4454252125599374,0.18021201518754945,0.056515821790507556,0.41415363375521314,0.10238273330971379,-0.9199981689452983,-0.10999999999999988,61.0,35.0,1,0,0,0,RISK_ASSET,RISK_ASSET
2024-09-30,0.5048418114610718,0.34753319359462165,-0.27913693883362306,0.4406248953578914,0.18817037058280098,0.04339695620923163,0.43954814374898743,0.06879083255832062,-0.9199981689453267,-0.13000000000000012,61.0,28.0,1,0,0,0,RISK_ASSET,RISK_ASSET
2024-10-01,0.535495912166439,0.2820773752199526,-0.31868854923912426,0.4492973185301133,0.1689642150601196,0.029966314653013686,0.4514734098753622,0.05761364960242917,-0.6399993896484375,-0.17999999999999994,50.0,13.0,1,0,0,0,RISK_ASSET,RISK_ASSET
2024-10-02,0.5336662607834083,0.2857467219306468,-0.3361103371808226,0.4482625319499318,0.16187302612485321,0.03177080729712823,0.4513170318379177,0.04488357166965433,0.31999969482421875,-0.11999999999999988,42.0,11.0,1,0,0,0,RISK_ASSET,RISK_ASSET
2024-10-03,0.5299395501506673,0.3095686605677989,-0.2975814654009232,0.44724959706826417,0.16183288362877685,0.0361661283532875,0.4340686856175365,0.07870838718892194,0.8799972534179545,-0.06000000000000005,37.0,5.0,1,0,0,0,RISK_ASSET,RISK_ASSET
2024-10-04,0.5384448275584733,0.28178824196567465,-0.240857678372007,0.45151772173759885,0.1601780020308912,0.04706114883015782,0.4065874199235853,0.14018753065384928,1.339996337890625,0.06000000000000005,41.0,2.0,1,0,0,0,RISK_ASSET,RISK_ASSET
2024-10-07,0.49257786016325605,0.21024163095269544,-0.09203137617062095,0.44719526425326805,0.15695260982568304,0.05227891865568465,0.3665298689680027,0.08755028654347602,0.9899978637695455,0.10000000000000009,50.0,17.0,1,0,0,0,RISK_ASSET,RISK_ASSET
2024-10-08,0.4711791068770172,0.2137093088696599,-0.08734693810923005,0.4503807243190228,0.15632027314064667,0.056654474367385896,0.36627561887688703,0.07489276484646276,0.9200057983398438,0.14000000000000012,49.0,4.0,1,0,0,0,RISK_ASSET,RISK_ASSET
2024-10-09,0.4898297318776861,0.2691271954964131,-0.21349589555593973,0.4456100139265066,0.15873815572892144,0.046812909394387384,0.3787796568765833,0.05494571980137956,1.25,0.15999999999999992,49.0,0.0,1,0,0,0,RISK_ASSET,RISK_ASSET
2024-10-10,0.4879852967072858,0.25291831065091946,-0.20369111905277199,0.4445080307345682,0.15301224246370487,0.056984921894158394,0.3775590317595407,0.036278655196026105,1.6199951171874716,0.13000000000000012,39.0,-15.0,1,0,0,0,RISK_ASSET,RISK_ASSET
2024-10-11,0.4831488178296128,0.2909984785227179,-0.2250325176515892,0.4447432302853266,0.17440889212116328,0.05419924594071453,0.37038862595782374,0.03046641164922287,1.779998779296875,0.16999999999999993,32.0,-18.0,1,0,0,0,RISK_ASSET,RISK_ASSET
2024-10-15,0.43628016799458824,0.211867018950679,-0.12139412005301992,0.4425490383883009,0.16592846559447233,0.07280438394856048,0.36991981902192506,0.10583230062588415,2.3700027465820455,0.21999999999999997,65.0,6.0,1,0,0,0,RISK_ASSET,RISK_ASSET
2024-10-16,0.44140225914006187,0.2143093857086733,-0.11299228959779468,0.44222030073450275,0.1556334609968107,0.09210149183030501,0.365156855095996,0.09232807860493858,2.9899978637695312,0.16999999999999993,73.0,23.0,1,0,0,0,RISK_ASSET,RISK_ASSET
2024-10-17,0.45844670762253426,0.25631835357186533,-0.1800378068389485,0.44216372236396534,0.154822152254152,0.0907652872005122,0.3612106804059854,0.06845343076379506,3.220001220703111,0.22999999999999998,71.0,10.0,1,0,0,0,RISK_ASSET,RISK_ASSET
2024-10-18,0.35650860949088214,0.19825553766461487,-0.20239821848647443,0.4529699582915909,0.1609320513815138,0.08901510881167285,0.3634321384519874,0.07945431616605508,2.769996643066392,0.18999999999999995,73.0,12.0,1,0,0,0,RISK_ASSET,RISK_ASSET
2024-10-21,0.316224980283995,0.20862641726284345,-0.3227098692135994,0.4501505778962963,0.1615427331812276,0.0883992120561403,0.3696123391429981,0.06181191954373585,3.0900039672851562,0.2999999999999998,72.0,22.0,1,0,0,0,RISK_ASSET,RISK_ASSET
2024-10-22,0.3139854644127956,0.1947464355674846,-0.3223678824135288,0.4528672625089318,0.15377795841402514,0.10134753716497875,0.3670627295672429,0.04648199737837145,3.709999084472628,0.32000000000000006,70.0,28.0,1,0,0,0,RISK_ASSET,RISK_ASSET
2024-10-23,0.407410426795916,0.22546123894159345,-0.34046558640623154,0.4546685521406456,0.16501508986957217,0.1003517825938235,0.36432918369689554,0.05077752372356116,3.5100021362304545,0.31999999999999984,71.0,34.0,1,0,0,0,RISK_ASSET,RISK_ASSET
2024-10-24,0.4152071635971386,0.23224563831756523,-0.36117634461472425,0.45683474555836223,0.1722373925881194,0.09257313004677557,0.35875468419319373,0.044705041035390275,3.5,0.28,69.0,28.0,1,0,0,0,RISK_ASSET,RISK_ASSET
2024-10-25,0.37387176634474173,0.1849264031023313,-0.3260059405552268,0.4531750065835071,0.17372742204542718,0.08691121525116269,0.3676475384324715,0.012863277913917032,3.8400039672851562,0.3599999999999999,72.0,22.0,1,0,0,0,RISK_ASSET,RISK_ASSET
2024-10-28,0.332631664622408,0.15072718610570687,-0.45470869971358535,0.45078202215013763,0.17243792362925028,0.09128714814147786,0.3736734079177667,0.0988253721787116,3.5400009155273438,0.3600000000000001,72.0,23.0,1,0,0,0,RISK_ASSET,RISK_ASSET
2024-10-29,0.3608811297574599,0.25016007140565766,-0.4767958608651438,0.4534654914066068,0.1791467659401313,0.09262052099455576,0.35358150027334984,0.17842493317372388,3.089996337890639,0.42999999999999994,72.0,23.0,1,0,0,0,RISK_ASSET,RISK_ASSET
2024-10-30,0.38845236698265456,0.28805731571291904,-0.42569441444194905,0.4460292826408893,0.18635806040613773,0.07784728087291519,0.3544680920793318,0.17653509872147494,2.309997558593736,0.3699999999999999,77.0,38.0,1,0,0,0,RISK_ASSET,RISK_ASSET
2024-10-31,0.4515389718699193,0.3436429734590718,-0.3856452192156893,0.45088907108405496,0.20938242130590887,0.07413044276254316,0.378470510966104,0.14464279245077405,1.9900054931640767,0.31000000000000005,77.0,45.0,1,0,0,0,RISK_ASSET,RISK_ASSET
2024-11-01,0.42883783316248963,0.3650275566078794,-0.3928473727496296,0.45048255668176346,0.206148789794041,0.07849953390221405,0.37956150611294376,0.11285234765460841,1.7600021362304688,0.29000000000000004,75.0,27.0,1,0,0,0,RISK_ASSET,RISK_ASSET
2024-11-04,0.4343151879003751,0.3572361921599588,-0.3096900613785949,0.4507138042061889,0.2032014150081991,0.08805705611773004,0.39348035606986415,0.08578769458961726,1.3499984741210938,0.2699999999999998,70.0,5.0,1,0,0,0,RISK_ASSET,RISK_ASSET
2024-11-05,0.4486524289795322,0.34626415081751033,-0.3270750061560183,0.4520591961622668,0.20217292297517997,0.0780947044323656,0.39776660334684916,0.11004337361816846,0.8699951171875284,0.21999999999999997,70.0,-3.0,1,0,0,0,RISK_ASSET,RISK_ASSET
2024-11-06,0.5916020823089821,-0.1134517588580604,0.1802647648484347,0.47988205420453905,0.08584142758379655,0.18248743510334828,0.47054280977614393,0.2219735603550967,2.1599960327148438,0.27,70.0,-1.0,1,0,0,0,RISK_ASSET,RISK_ASSET
2024-11-07,0.5716533839042186,-0.1304443048611774,0.2203756576343798,0.481515403528099,0.08464278363642852,0.1781447025014555,0.4677475259588233,0.2305715770185283,1.520004272460966,0.21999999999999997,77.0,4.0,1,0,0,0,RISK_ASSET,RISK_ASSET
2024-11-08,0.576835086932312,-0.12945436837826935,0.2264041041799684,0.491114591464808,0.09443138578397463,0.1723411917917982,0.4596577437410831,0.20359742099739744,2.1100006103515625,0.19999999999999996,75.0,3.0,1,0,0,0,RISK_ASSET,RISK_ASSET
2024-11-12,0.38476415941741643,-0.36676235877980173,0.32686967777984455,0.47035279096834315,0.00015582485089218746,0.187144142484961,0.6505012104924254,0.2715285536932042,2.7599945068359233,0.33000000000000007,80.0,9.0,1,0,0,0,RISK_ASSET,RISK_ASSET
2024-11-13,0.3735048477110568,-0.3740088274727655,0.3504272613018397,0.46765297765587355,-0.008705630118588013,0.19242842877326619,0.6524737444591856,0.29248329563351655,2.8900070190429688,0.33999999999999986,84.0,15.0,1,0,0,0,RISK_ASSET,RISK_ASSET
2024-11-14,0.3937250106439414,-0.3557985251022409,0.34136424102181323,0.4742768389881147,-0.003277577713993664,0.18516753038233894,0.6747043757992671,0.2581399021019324,2.8399963378906534,0.31000000000000005,88.0,16.0,1,0,0,0,RISK_ASSET,RISK_ASSET
2024-11-15,0.2980659308928375,-0.35316273993184893,0.32660322818564463,0.44615378729268557,-0.00012780006370104608,0.18121553688754863,0.6826013474524449,0.28593712334369314,3.2000045776367188,0.33000000000000007,80.0,8.0,1,0,0,0,RISK_ASSET,RISK_ASSET
2024-11-18,0.2857700350112084,-0.36451706495820524,0.3356224266475456,0.44409344137312584,-0.005913000069410496,0.18553411634821113,0.6780738132049986,0.29565298252622324,2.269996643066392,0.20000000000000018,83.0,11.0,1,0,0,0,RISK_ASSET,RISK_ASSET
2024-11-19,0.3102285827465682,-0.3672480760822654,0.32944091154509714,0.45900932124379107,-0.010402450635922265,0.18711988137495772,0.6760565462826127,0.31544620370305276,2.129997253417983,0.17999999999999972,90.0,13.0,1,0,0,0,RISK_ASSET,RISK_ASSET
2024-11-20,0.33037594893999706,-0.38981075619443323,0.36095852434038483,0.45788973908047514,-0.007577120888682819,0.1915019875957964,0.667516758150568,0.35071808691518425,2.25,0.13000000000000012,83.0,6.0,1,0,0,0,RISK_ASSET,RISK_ASSET
2024-11-21,0.3240252370955619,-0.35788471644969405,0.3648727070560619,0.45413019277437316,-0.0016480152738012133,0.1913611013440308,0.6729407475965087,0.3682311763299435,2.910003662109361,0.17999999999999994,82.0,7.0,1,0,0,0,RISK_ASSET,RISK_ASSET
2024-11-22,0.3213964693638327,-0.3844726405853921,0.3653484145343555,0.45379680036426556,-0.0032609562158757155,0.1930801188965527,0.6584213559124606,0.39575503189779965,3.229995727539034,0.10999999999999988,94.0,24.0,1,0,0,0,RISK_ASSET,RISK_ASSET
2024-11-25,0.2737621357350013,-0.16499181162225626,0.4230417348961823,0.45402371472980574,0.08151257241635743,0.21590465146313612,0.7064959688417893,0.2865222275078205,2.5,-0.010000000000000009,82.0,12.0,1,0,0,0,RISK_ASSET,RISK_ASSET
2024-11-26,0.2707123441539609,-0.1690397774701673,0.41968093807942136,0.45127411602834294,0.08120982571820527,0.21468855046346025,0.7058983606804927,0.23500578439577738,2.730003356933608,0.040000000000000036,79.0,9.0,1,0,0,0,RISK_ASSET,RISK_ASSET
2024-11-27,0.2476462582506526,-0.16083833172160805,0.3321012532888083,0.4427494565562478,0.08463977389827204,0.18461344124802923,0.7106372072711468,0.28258696111892134,2.0900039672851562,0.040000000000000036,75.0,-2.0,1,0,0,0,RISK_ASSET,RISK_ASSET
2024-11-29,0.24726647243045508,-0.15150603576913185,0.33168301553202684,0.4540834342143428,0.08527179621035301,0.18042897584865386,0.6923969469639442,0.32789303491992106,1.7599945068359233,-0.030000000000000027,78.0,3.0,1,0,0,0,RISK_ASSET,RISK_ASSET
2024-12-02,0.22441950097253366,-0.13793966752985853,0.29720581351052505,0.4502098539707488,0.09341166104859032,0.16762236987626503,0.6956497958669239,0.32186965751353125,2.1699981689453267,-0.1100000000000001,80.0,4.0,1,0,0,0,RISK_ASSET,RISK_ASSET
2024-12-03,0.22630144013799366,-0.1393445507490641,0.32558208360304763,0.4466299693332211,0.08601917825912961,0.1695597870850402,0.6823626884460519,0.34763882124013634,2.480003356933608,-0.07999999999999985,76.0,-4.0,1,0,0,0,RISK_ASSET,RISK_ASSET
2024-12-04,0.23640867436588373,-0.12601652182966366,0.32189573760766255,0.4506822303005102,0.08579034184636333,0.1719517794957336,0.6832202289246048,0.3534750196212107,2.9199981689452983,-0.09000000000000008,78.0,-6.0,1,0,0,0,RISK_ASSET,RISK_ASSET
2024-12-05,0.21788721269624847,-0.13162477545619589,0.36460769414150074,0.4501867031499729,0.09636754889673395,0.18109304678767993,0.6476368153515822,0.24453912304052475,0.6200027465820312,-0.1200000000000001,84.0,-4.0,1,0,0,0,RISK_ASSET,RISK_ASSET
2024-12-06,0.22126183415528294,-0.1383205327268799,0.3832807505644007,0.4814906021159277,0.11303390825836725,0.17745105166200828,0.6509947823258253,0.27489627512085507,1.459999084472642,-0.07000000000000006,72.0,-8.0,1,0,0,0,RISK_ASSET,RISK_ASSET
2024-12-09,0.2538853533293419,-0.15773395040874905,0.3834805878209584,0.4997965444023216,0.10468253716818574,0.172462704550563,0.6647163433855862,0.24127704661988916,1.1500015258789062,-0.020000000000000018,78.0,-5.0,1,0,0,0,RISK_ASSET,RISK_ASSET
2024-12-11,0.281283114757253,-0.17530154097056186,0.3971086226209866,0.41085555934678664,0.04936751126312224,0.07619324880500639,0.4673037246518631,0.13999767402762972,0.69000244140625,-0.1200000000000001,74.0,-9.0,1,0,0,0,RISK_ASSET,RISK_ASSET
2024-12-12,0.28530139861218984,-0.14407163458629824,0.3831334387820207,0.40932937222210497,0.06857699613240649,0.06754524509324063,0.46386539125207527,0.09932068539026374,0.4799957275390625,-0.08999999999999986,83.0,1.0,1,0,0,0,RISK_ASSET,RISK_ASSET
2024-12-13,0.22133231372068413,-0.1917287739444174,0.38259480832584625,0.4037284479995844,0.06312370425598883,0.07165839749661411,0.43797141576154114,0.15087483118137218,0.3300018310546733,-0.03000000000000025,76.0,-18.0,1,0,0,0,RISK_ASSET,RISK_ASSET
2024-12-16,0.25328221003896106,-0.1881127706158206,0.3770444512126952,0.3583448401421506,0.012409934615835548,0.0726918825432615,0.43926925096609104,0.15213481623608777,0.1699981689453267,-0.03000000000000025,83.0,1.0,1,0,0,0,RISK_ASSET,RISK_ASSET
2024-12-17,0.24149971087957164,-0.1813245973069986,0.3555341377114619,0.36155948314210157,0.0143664848335072,0.07069956898113681,0.4372850976619552,0.1589437381474851,0.6800003051757812,0.009999999999999787,87.0,8.0,1,0,0,0,RISK_ASSET,RISK_ASSET
2024-12-18,0.37848621248775577,-0.08397580139827734,0.2274328002622125,0.407822033447204,0.07833374329996337,0.01256084882729724,0.49227422619588573,0.08006704031006318,1.8199996948242188,0.13000000000000034,81.0,6.0,1,0,0,0,RISK_ASSET,RISK_ASSET
2024-12-19,0.27196793298321553,0.06441994501115843,0.02971587159741045,0.4067408882499041,0.07817252609887479,0.012906008158384004,0.4983332688931678,0.032859690186488016,1.7300033569335938,0.21999999999999975,75.0,-3.0,1,0,0,0,RISK_ASSET,RISK_ASSET
2024-12-20,0.2780269763330487,0.06714611787978564,0.032126678840766414,0.4063542318568463,0.06617447267688674,0.013081149890994523,0.4749239592942619,-0.007630673642541202,0.6500015258789205,0.14000000000000012,74.0,-6.0,1,0,0,0,RISK_ASSET,RISK_ASSET
2024-12-23,0.24024156399189853,0.07763103827378051,0.007672661242465427,0.41962944991779405,0.07520677706300732,0.009892638384530904,0.48667485449248804,-0.04452754274085838,0.5500030517578267,0.20000000000000018,70.0,-6.0,1,0,0,0,RISK_ASSET,RISK_ASSET
2024-12-24,0.35788992292708316,0.4689411724849546,-0.14012483305422643,0.4275601449878728,0.06529256820076931,0.022766517094214102,0.45819082798492317,0.05814385082402648,1.4400024414062642,0.26000000000000023,73.0,-5.0,1,0,0,0,RISK_ASSET,RISK_ASSET
2024-12-26,0.3553484049351156,0.4300833866965321,-0.11035742988937128,0.4279546605247249,0.05725470351898554,0.030947171156661686,0.4693132639323084,0.040586871624240885,1.1199951171874716,0.20999999999999996,79.0,-5.0,1,0,0,0,RISK_ASSET,RISK_ASSET
2024-12-27,0.38629716105534645,0.48301933337646963,-0.13109259528568643,0.4318580432450284,0.06439690215679514,0.028883732867976828,0.44967291832644807,-0.018910746545671528,1.9199981689453267,0.2899999999999998,74.0,2.0,1,0,0,0,RISK_ASSET,RISK_ASSET
2024-12-30,0.3839460528779933,0.4875214943236685,-0.12355073164005753,0.43421095004344173,0.06918998159821534,0.04105948414160034,0.44847359306916224,-0.050701995103164046,2.3899993896484375,0.3200000000000003,65.0,-13.0,1,0,0,0,RISK_ASSET,RISK_ASSET
2024-12-31,0.5223712337667527,0.5171456225012634,-0.11722685282905672,0.4282012147813442,0.06256167291310565,0.048206671331704094,0.446983238155983,-0.02574016640712337,2.0400009155273153,0.3100000000000003,64.0,-14.0,1,0,0,0,RISK_ASSET,RISK_ASSET
2025-01-02,0.5064574747512807,0.5842272751235581,-0.049650466918245324,0.4105135571337091,0.05616364371333364,0.1128214450302768,0.4655881883799394,0.009173327274808775,3.019996643066392,0.28,70.0,-4.0,1,0,0,0,RISK_ASSET,RISK_ASSET
2025-01-03,0.4953992399543493,0.5604154489729594,-0.05513590769287707,0.4052350229921917,0.055993826857313314,0.10959216380640699,0.45673089136788625,-0.006715944843705151,2.6100006103515767,0.3599999999999999,74.0,-9.0,1,0,0,0,RISK_ASSET,RISK_ASSET
2025-01-06,0.5245239778481334,0.5354874733043739,-0.1363595357824816,0.4214503067016928,0.05958945336496625,0.06699145511626893,0.469357581122723,0.05522588971716532,2.5500030517578267,0.3599999999999999,76.0,0.0,1,0,0,0,RISK_ASSET,RISK_ASSET
2025-01-07,0.5928295485963595,0.455269583777574,-0.1844642618644868,0.44000001130351324,0.04429627418969133,0.0627660618667105,0.49094181764966977,-0.03046319502933912,2.5699996948242188,0.3800000000000001,78.0,-5.0,1,0,0,0,RISK_ASSET,RISK_ASSET
2025-01-08,0.5914794141406964,0.44326573619193205,-0.2103695988488451,0.4400701106020274,0.0397950492135457,0.05282714900768232,0.4878926061508625,-0.024827147564255216,2.9399948120117188,0.3400000000000001,70.0,-17.0,1,0,0,0,RISK_ASSET,RISK_ASSET
2025-01-10,0.6318737909292466,0.29815201750424547,-0.34936840762463844,0.4440019767927395,0.03419266239755267,0.051632995013146395,0.4873972347246957,-0.020629937560143734,3.25,0.4099999999999999,50.0,-31.0,1,0,0,0,RISK_ASSET,RISK_ASSET
2025-01-13,0.6445416710425302,0.29761504651143206,-0.34791043483229445,0.43363808510036067,0.030762781216909812,0.051911102119012946,0.45705594096097435,-0.06805756130870398,3.25,0.3799999999999999,61.0,-14.0,1,0,0,0,RISK_ASSET,RISK_ASSET
2025-01-14,0.6853679399482007,0.30806438279820375,-0.297987779610915,0.4320022829746456,0.03321229324093368,0.04363084818695844,0.46373085205624043,-0.035704330087539926,2.30999755859375,0.33999999999999986,63.0,-11.0,1,0,0,0,RISK_ASSET,RISK_ASSET
2025-01-15,0.706635814260342,0.32242283623750745,-0.30471644420784283,0.4482594922516986,0.05180026659003764,0.02543785670568384,0.4835013730202212,-0.009454892153609944,2.089996337890625,0.17000000000000037,70.0,0.0,1,0,0,0,RISK_ASSET,RISK_ASSET
2025-01-16,0.7335258181382417,0.29667955222421016,-0.27999307078356334,0.4299235564093302,0.03521446211416708,0.027615352367187984,0.45577057632691165,-0.06098313142075135,2.0999984741210938,0.1200000000000001,75.0,2.0,1,0,0,0,RISK_ASSET,RISK_ASSET
2025-01-17,0.7488246401920016,0.24635054979537954,-0.2347025874665317,0.4316869237673213,0.020488572550761138,0.025159581198814392,0.48647607197001447,-0.015940902166829717,2.3899993896484375,0.11000000000000032,75.0,-4.0,1,0,0,0,RISK_ASSET,RISK_ASSET
2025-01-21,0.7434239243264276,0.2555423022601024,-0.24109077567067794,0.43247768860012964,0.024550049226660525,0.014075653706329226,0.44011887749233425,0.05923251699856712,0.02999877929688921,0.009999999999999787,76.0,2.0,1,0,0,0,RISK_ASSET,RISK_ASSET
2025-01-22,0.6977800891724263,0.21716793900233053,-0.293011320992421,0.43291441143382053,0.018774174586220115,0.012974694959478063,0.4384778104273752,0.06128987513066744,-0.2400054931640483,-0.07999999999999963,84.0,19.0,1,0,0,0,RISK_ASSET,RISK_ASSET
2025-01-23,0.6940751139449144,0.22579504896902955,-0.31406489710909274,0.4324459673958887,0.015118210292959998,0.01577936438181022,0.4384761670421404,0.06153400426170007,0.43000030517575283,0.0,75.0,11.0,1,0,0,0,RISK_ASSET,RISK_ASSET
2025-01-24,0.685598626052032,0.26724362687986575,-0.3111971373927191,0.42882392011056025,0.0039095415298778385,0.02421539546658911,0.41971691446321985,0.10167096242773736,-0.599998474121108,-0.06999999999999984,75.0,5.0,1,0,0,0,RISK_ASSET,RISK_ASSET
2025-01-27,0.6896181763497191,0.3251154707268962,-0.29297967146103987,0.435959150759641,0.01597829041386878,0.012700348314562362,0.4114229502928019,0.03398941948708166,-0.920005798339858,-0.11000000000000032,71.0,-3.0,1,0,0,0,RISK_ASSET,RISK_ASSET
2025-01-28,0.6282244711817732,0.27354910018058953,-0.34154885005070057,0.422225944977286,0.018994497103301995,0.006502569284434554,0.39704221791408656,0.05619108360575228,-0.2599945068359091,-0.10000000000000009,72.0,-4.0,1,0,0,0,RISK_ASSET,RISK_ASSET
2025-01-29,0.6088879847498513,0.2434530207924543,-0.3285363426188078,0.4204803195353481,0.021195219044523966,0.012178612108768605,0.3959688335565741,0.09648600921723813,0.0,-0.1299999999999999,72.0,-6.0,1,0,0,0,RISK_ASSET,RISK_ASSET
2025-01-30,0.6101785790279481,0.2877073786236108,-0.3331657865332038,0.42013558665759815,0.015313456756276178,0.012098194581334121,0.388672177136646,0.12268058597838272,-0.32999420166015625,-0.10000000000000009,70.0,0.0,1,0,0,0,RISK_ASSET,RISK_ASSET
2025-01-31,0.5920488803542558,0.29263653796591693,-0.34829120901393806,0.4215292421660524,0.014795787281461597,0.001493975524012415,0.400906894086386,0.09173180475320125,-0.11999511718747158,-0.08000000000000007,76.0,26.0,1,0,0,0,RISK_ASSET,RISK_ASSET
2025-02-03,0.5939893761892404,0.2916282436254885,-0.3525950503362281,0.42414450121436703,0.012324453798450359,-0.004329287883938599,0.3863824634516989,0.04558249908897831,-0.40000152587892046,-0.14000000000000012,44.0,-17.0,1,0,0,0,RISK_ASSET,RISK_ASSET
2025-02-04,0.42970940034568134,0.06701993097574799,-0.12866217145036482,0.40065823631362835,-0.006313462652234353,0.03471141010744173,0.40555202613521335,-0.002404433005133391,-0.9899978637695455,-0.17999999999999972,72.0,9.0,1,0,0,0,RISK_ASSET,RISK_ASSET
2025-02-05,0.42927684466634736,0.05243904530649998,-0.09361420626971957,0.400201446239478,-0.011679134166845065,0.049608840369312034,0.3805784604376887,-0.054999451007535366,-0.6800003051758097,-0.27,54.0,-16.0,1,0,0,0,RISK_ASSET,RISK_ASSET
2025-02-06,0.4296596646183487,0.048458284265594224,-0.09087914127439904,0.39706311365302593,-0.015499596328842158,0.05954661743122572,0.3360037314306235,-0.003404437546836546,-0.849998474121108,-0.26000000000000023,49.0,-26.0,1,0,0,0,RISK_ASSET,RISK_ASSET
2025-02-07,0.4725684681826375,0.00259056696408292,-0.05797166161152747,0.39683995833282576,-0.014126398501066893,0.05941377010958966,0.32852680254332794,0.015509443476067338,-1.0499954223632812,-0.20000000000000018,44.0,-31.0,1,0,0,0,RISK_ASSET,RISK_ASSET
2025-02-10,0.4457416798514046,0.03734430901208811,-0.07893317065061124,0.4050805497359283,-0.025613564531855416,0.07058283809353888,0.32941178907296037,0.028482363491771454,-1.3300018310546875,-0.27,43.0,-33.0,1,0,0,0,RISK_ASSET,RISK_ASSET
2025-02-11,0.4594134990574265,0.08087752637974245,-0.072801084664178,0.39268114959084244,-0.005881542748261899,0.09108827637357023,0.3357490571462729,0.012939113300185386,-2.0,-0.2599999999999998,47.0,-37.0,1,0,0,0,RISK_ASSET,RISK_ASSET
2025-02-12,0.43899959077064005,0.036591423514299386,-0.07997503964288005,0.391740455886934,-0.006052795396540307,0.09312842892064592,0.33650804521937405,0.013906336147973267,-1.3299942016601705,-0.17999999999999972,46.0,-29.0,1,0,0,0,RISK_ASSET,RISK_ASSET
2025-02-13,0.3873412995581896,-0.0056161686281992265,-0.04639598070113412,0.3796925840749659,-0.012250214320898166,0.1023243844384457,0.30664966820073875,-0.039376641847773904,-1.7799987792968608,-0.16000000000000014,50.0,-25.0,1,0,0,0,RISK_ASSET,RISK_ASSET
2025-02-14,0.4023731174667768,-0.03479193172832491,-0.06818915531702924,0.376773238854087,-0.0126781207865307,0.09284340069307119,0.3082675553940488,-0.022791928009545,-2.3899993896484375,-0.1499999999999999,48.0,-23.0,1,0,0,0,RISK_ASSET,RISK_ASSET
2025-02-18,0.42766796079137026,-0.15477368863547417,-0.2086714328460012,0.37761999006820607,-0.027047053090653646,0.0837396204153496,0.26232943430247796,-0.08928347767655559,-2.2999954223632955,-0.10000000000000009,47.0,-25.0,1,0,0,0,RISK_ASSET,RISK_ASSET
2025-02-19,0.41419459180237045,-0.13822739253448282,-0.1893920565629894,0.38321247354487453,-0.02936909934279055,0.08386816720018532,0.2582705067824778,-0.09387070699825742,-0.8899993896484375,-0.10999999999999988,44.0,-28.0,1,0,0,0,RISK_ASSET,RISK_ASSET
2025-02-20,0.3626044474788676,-0.11723939346571065,-0.16165551148283336,0.3873873415608011,-0.03748024003278423,0.08284293447009575,0.25925421473453636,-0.05268024864718274,-1.8300018310547017,-0.15000000000000036,49.0,-21.0,1,0,0,0,RISK_ASSET,RISK_ASSET
2025-02-21,0.3183699692894033,-0.08224125384399696,-0.14235251957043224,0.3969560338864438,-0.0328339301115264,0.07775266780181532,0.26736474187054127,-0.07835274603564396,-1.4400024414062358,-0.22999999999999998,55.0,-21.0,1,0,0,0,RISK_ASSET,RISK_ASSET
2025-02-24,0.36439007739778356,-0.08851185113134732,-0.10750089437231221,0.4089255125247548,-0.051961024651210476,0.0822416682893177,0.3073675379083115,-0.1367953985030615,-0.840003967285142,-0.2200000000000002,49.0,5.0,1,0,0,0,RISK_ASSET,RISK_ASSET
2025-02-25,0.40146083211249767,0.005312765299823332,-0.08616834693067987,0.41174989382767574,-0.02907191969210549,0.07623001453095793,0.3102773192916005,-0.14016451898568244,-1.0299987792968608,-0.20999999999999996,25.0,-47.0,1,0,0,0,RISK_ASSET,RISK_ASSET
2025-02-26,0.358399213509597,0.018595374650452363,-0.11377893553530284,0.4074701738085769,-0.030689129704033834,0.07274706175499494,0.34521363593447546,-0.18346743759125736,-1.4500045776367188,-0.24,21.0,-33.0,1,0,0,0,RISK_ASSET,RISK_ASSET
2025-02-27,0.3153829612911798,-0.018519759536392035,-0.04695781368711641,0.392555709246876,-0.03211457123527772,0.07152629701677168,0.3287318134118973,-0.20236757767683677,-0.760002136230483,-0.22999999999999998,10.0,-39.0,1,0,0,0,RISK_ASSET,RISK_ASSET
2025-02-28,0.21118040543791805,-0.06481899839118743,-0.03155752327635089,0.3856515134493358,-0.029431283267835687,0.07074043680132588,0.32152417778754105,-0.2161887217784606,-0.1900024414062358,-0.28,16.0,-28.0,1,0,0,0,RISK_ASSET,RISK_ASSET
2025-03-03,0.12059059143358958,-0.012371016124836482,-0.08843807480663558,0.360064583989182,-0.026066465907091472,0.06201447152592926,0.3352299305285415,-0.1738251371163267,-1.6200027465820455,-0.3600000000000001,33.0,-10.0,1,0,0,0,RISK_ASSET,RISK_ASSET
2025-03-04,0.01969740072235629,0.08229474744971492,-0.2208438091633629,0.36089449274594554,-0.02361635214470213,0.05963770502723869,0.3437234443038558,-0.1506677279682238,-3.25,-0.21999999999999975,15.0,-32.0,1,0,0,0,RISK_ASSET,RISK_ASSET
2025-03-05,0.08294423582865548,0.027080899903528403,-0.13425521042624364,0.37046243788020716,-0.020775775592620057,0.058879730926153784,0.36236277322726745,-0.07694441557456815,-2.220001220703139,-0.14000000000000012,20.0,-26.0,1,0,0,0,RISK_ASSET,RISK_ASSET
2025-03-06,0.12158204990014744,0.04122618467210554,-0.09594121373757633,0.36525422506464167,-0.026591061652387064,0.07163344991150572,0.3611131913008461,-0.07135429833614051,-3.520004272460909,-0.05999999999999983,25.0,-25.0,1,0,0,0,RISK_ASSET,RISK_ASSET
2025-03-07,0.0760184897569381,0.05184508601125648,-0.08620432112394019,0.3506098373967659,-0.031831075698049556,0.08268220937761898,0.3782200006403821,-0.10756340708745435,-3.850006103515611,-0.039999999999999813,34.0,-14.0,1,0,0,0,RISK_ASSET,RISK_ASSET
2025-03-10,0.32654743860187746,0.16318223102352616,-0.0928414305056618,0.42253835108230064,0.0030471955780880964,0.07709031217398432,0.49809982365537486,-0.2063381865727234,-4.129997253417969,-0.15999999999999992,20.0,-27.0,1,0,0,0,RISK_ASSET,RISK_ASSET
2025-03-11,0.29256508652960866,0.20562208201523613,-0.12884027054730912,0.41617753628821924,0.02284243711598966,0.059299650843141864,0.541828254869335,-0.1620325889734263,-4.879997253417983,-0.09999999999999987,24.0,-20.0,1,0,0,0,RISK_ASSET,RISK_ASSET
2025-03-12,0.3213438261460536,0.21220066841216498,-0.1187553361736063,0.4125221312580281,0.011291519951495901,0.061400784440302884,0.544294736880976,-0.1342077047882279,-4.349998474121094,-0.09000000000000008,34.0,-15.0,1,0,0,0,RISK_ASSET,RISK_ASSET
2025-03-13,0.3506135340933115,0.1795253520366683,-0.15402358576924283,0.4209980400643704,-0.0065846576122602805,0.05507826833552053,0.5405144602976714,-0.18852978846848684,-4.1100006103515625,-0.18000000000000016,45.0,-10.0,1,0,0,0,RISK_ASSET,RISK_ASSET
2025-03-14,0.40320861010197284,0.1409287588837367,-0.14550202402767345,0.421984852076979,-0.024367597949372016,0.05257436458014189,0.5617857165443274,-0.14037689040304227,-3.589996337890639,-0.07000000000000028,27.0,-22.0,1,0,0,0,RISK_ASSET,RISK_ASSET
2025-03-17,0.40776407666812936,0.1439566091952789,-0.13080539647595427,0.4255292002153348,-0.02663450053506788,0.055200677917531284,0.5595967297218765,-0.14822692613710958,-3.1999969482421733,-0.020000000000000018,32.0,7.0,1,0,0,0,RISK_ASSET,RISK_ASSET
2025-03-18,0.41138298106174703,0.13138073649436913,-0.13111051502671459,0.42843606180747507,-0.032655950748802995,0.05043849078048095,0.5585700061422226,-0.14409698803925128,-3.8100051879882812,-0.1100000000000001,34.0,13.0,1,0,0,0,RISK_ASSET,RISK_ASSET
2025-03-19,0.4960078745961227,0.16700264972721873,-0.14203221982140746,0.43394700706717787,-0.02858323877613773,0.0619504021328225,0.5884375979883344,-0.1067161437761151,-3.7399978637695455,-0.14000000000000012,32.0,22.0,1,0,0,0,RISK_ASSET,RISK_ASSET
2025-03-20,0.4944548102638325,0.18086056360080277,-0.1735694220016588,0.39716125509275296,0.07017113566401567,-0.04066813347090898,0.5889028658069201,-0.1555639707524581,-2.4899978637695312,-0.11999999999999988,49.0,33.0,1,0,0,0,RISK_ASSET,RISK_ASSET
2025-03-21,0.4937386062240578,0.17643869137291446,-0.17243641872996712,0.39851605742198015,0.07037802987214635,-0.04044322298423196,0.5866961177419168,-0.13432366268450274,-2.5200042724609375,-0.08000000000000007,31.0,-2.0,1,0,0,0,RISK_ASSET,RISK_ASSET
2025-03-24,0.535604974664419,0.1380795889929623,-0.14561595084398873,0.41146234234117623,0.06403070078331234,-0.037993093484119334,0.5857148507362759,-0.04381789313948084,-2.339996337890611,0.0,45.0,30.0,1,0,0,0,RISK_ASSET,RISK_ASSET
2025-03-25,0.531777568369675,0.12290182539936331,-0.1575685855723935,0.4602607754291913,0.2328081594719777,-0.10676793310397435,0.5770365220071823,-0.014352258153073739,-2.129997253417983,0.040000000000000036,46.0,26.0,1,0,0,0,RISK_ASSET,RISK_ASSET
2025-03-26,0.5254374358288604,0.11618127373980414,-0.16552258659435728,0.4583067900867756,0.23147877559705832,-0.10575778477921167,0.5483214493378176,0.029828671031028035,-1.8699951171875284,0.09000000000000008,47.0,22.0,1,0,0,0,RISK_ASSET,RISK_ASSET
2025-03-27,0.5242037131873651,0.12458931144056971,-0.17593731986890715,0.4617938243152893,0.24996868094314398,-0.11888857235099572,0.548267402341553,0.028776198873313293,-3.1699981689452983,0.07000000000000006,40.0,6.0,1,0,0,0,RISK_ASSET,RISK_ASSET
2025-03-28,0.5641649911473952,0.11310180241024546,-0.19036407938651814,0.4720092237994852,0.23536806084464948,-0.11286278692588725,0.5608816872842526,-0.00023540363311875395,-3.5699996948242188,0.039999999999999813,44.0,24.0,1,0,0,0,RISK_ASSET,RISK_ASSET
2025-03-31,0.5544638348010625,0.12194343488010649,-0.1849306045697919,0.5106474104069268,0.23181576852515318,-0.11890177231488153,0.5607233650895488,-0.04171961591916798,-2.5400009155273438,0.050000000000000044,34.0,10.0,1,0,0,0,RISK_ASSET,RISK_ASSET
2025-04-01,0.5751861182115033,0.13398668070210468,-0.15753474872661147,0.516131732329392,0.23242913224293035,-0.1180266008162623,0.5702703849260332,-0.02381929602197197,-1.479995727539034,-0.030000000000000027,34.0,0.0,1,0,0,0,RISK_ASSET,RISK_ASSET
2025-04-02,0.539312743508502,0.13599797538309258,-0.1429708093150633,0.4999441812352115,0.22589720401654656,-0.10577842105999546,0.5607697850551295,-0.09408917339799347,-1.9300003051757528,-0.06000000000000005,44.0,-1.0,1,0,0,0,RISK_ASSET,RISK_ASSET
2025-04-03,0.4236522897257476,0.12582509582511625,-0.13539016183591884,0.44030691218539597,0.21898050037519215,-0.11975034124101991,0.5622283685349281,-0.07930558539062661,-1.9899978637695455,-0.16999999999999993,25.0,-2.0,1,0,0,0,RISK_ASSET,RISK_ASSET
2025-04-04,0.336548880800285,0.06728664923430762,-0.09049197633074096,0.3958783976488798,0.1888792480033013,-0.1221523232445793,0.5509975725306275,-0.03399034131481031,-0.8199996948242188,-0.15999999999999992,28.0,-4.0,1,0,0,0,RISK_ASSET,RISK_ASSET
2025-04-07,0.3028792514985074,0.19689359872003162,-0.11234415843987984,0.3834752066652287,0.22805001219326793,-0.13476290707858982,0.46899217231670437,0.008916175110749977,-0.650001525878892,0.050000000000000044,23.0,-11.0,1,0,0,0,RISK_ASSET,RISK_ASSET
2025-04-08,0.31357875933336954,0.1500785683526688,-0.10801621727947337,0.40997463808828516,0.15902768944472215,-0.15768751652835777,0.44461856038841985,-0.08287383521612446,-0.48000335693357954,0.07000000000000006,24.0,-8.0,1,0,0,0,RISK_ASSET,RISK_ASSET
2025-04-09,0.5171651451057613,0.3468249783775647,-0.07812193819612764,0.48859827280946,0.25084585480934307,-0.1505906673711815,0.5291139514591127,-0.0138117855895587,-0.7099990844726562,0.07999999999999985,18.0,-31.0,1,0,0,0,RISK_ASSET,RISK_ASSET
2025-04-10,0.545402618934706,0.28595777064993944,0.016450313662069584,0.5095714110220423,0.21488332530230714,-0.06814182896424426,0.5323889430986536,-0.017929872406051726,-2.959999084472628,0.22999999999999998,39.0,8.0,1,0,0,0,RISK_ASSET,RISK_ASSET
2025-04-11,0.5632305195185401,0.3252424301414705,-0.03846962360031229,0.5163913653340404,0.23522177494122382,-0.0969201421796443,0.5432364011648673,-0.006742600086701599,-3.94000244140625,0.27,25.0,-20.0,1,0,0,0,RISK_ASSET,RISK_ASSET
2025-04-14,0.586409794710239,0.3021122331126381,-0.021077053615698105,0.5218480781780237,0.22545090269522272,-0.09102211102484553,0.5453504745104588,0.005535637957276759,-3.730003356933608,0.1299999999999999,31.0,-15.0,1,0,0,0,RISK_ASSET,RISK_ASSET
2025-04-15,0.5868552195607099,0.2965854171865901,-0.01639726889232383,0.5213562753236876,0.22425574166069467,-0.09422218851909699,0.5434757688886299,0.011425168013696294,-3.019996643066392,0.17000000000000015,38.0,-9.0,1,0,0,0,RISK_ASSET,RISK_ASSET
2025-04-16,0.5678840101422198,0.29568576326921314,-0.03308205878402764,0.5090444029273488,0.22077599464336348,-0.0977149362409173,0.5147902021502557,-0.03301125819513963,-4.050003051757827,0.18000000000000016,29.0,-11.0,1,0,0,0,RISK_ASSET,RISK_ASSET
2025-04-17,0.5693839825644091,0.2846224181848232,-0.04363631402141002,0.5102557021286567,0.21142713093738089,-0.10523224050872103,0.504496826369754,0.008618792203324795,-4.470001220703139,0.17999999999999994,30.0,-14.0,1,0,0,0,RISK_ASSET,RISK_ASSET
2025-04-21,0.5596172457696811,0.3118503403096702,-0.08779026024063122,0.488565267198442,0.23731905941223033,-0.13359437363039023,0.5149465573791877,0.040523387120187514,-5.80999755859375,0.28000000000000025,39.0,5.0,1,0,0,0,RISK_ASSET,RISK_ASSET
2025-04-22,0.5552027537670405,0.14678348214264733,0.02581737877309752,0.5036017064009859,0.1971157834449293,-0.093558697776586,0.5450301605951436,0.0657133698752977,-5.340003967285156,0.16000000000000014,47.0,13.0,1,0,0,0,RISK_ASSET,RISK_ASSET
2025-04-23,0.5672976453142607,0.12384502288070975,0.04583791077256168,0.5008226604056556,0.1917118312623101,-0.08857667495831638,0.5448785276456702,0.06877333592615367,-4.340003967285156,0.1499999999999999,72.0,28.0,1,0,0,0,RISK_ASSET,RISK_ASSET
2025-04-24,0.5578711392403486,0.12194381824200275,0.04368714917218625,0.49103382083396563,0.18371856046735427,-0.10158852749389267,0.5436837948203311,0.07792850670126271,-5.2600021362304545,0.040000000000000036,63.0,38.0,1,0,0,0,RISK_ASSET,RISK_ASSET
2025-04-25,0.5501265185159506,0.15585728190725223,0.06740367085724107,0.4913734539930957,0.17490035528851416,-0.09797018712421054,0.5438808585795298,0.08298875016793349,-4.599998474121094,0.030000000000000027,60.0,32.0,1,0,0,0,RISK_ASSET,RISK_ASSET
2025-04-28,0.5381008591376889,0.16277846795512968,0.06709888312396416,0.4913883563302303,0.18416505058472155,-0.09987759808909497,0.5269801799072249,0.1186410481992535,-5.029998779296861,0.08000000000000007,54.0,31.0,1,0,0,0,RISK_ASSET,RISK_ASSET
2025-04-29,0.5347235531711967,0.17130367951177336,0.059019169472961125,0.48682826999099366,0.18800947716891914,-0.10088275625469459,0.5198375586605197,0.13292885757003312,-4.970001220703139,0.10999999999999988,60.0,36.0,1,0,0,0,RISK_ASSET,RISK_ASSET
2025-04-30,0.5291820290828891,0.18782825613350837,0.05642429076152029,0.48692895463397634,0.18785684387514567,-0.10093972579202692,0.5125032926646879,0.10085827005294175,-4.790000915527358,0.09999999999999987,56.0,38.0,1,0,0,0,RISK_ASSET,RISK_ASSET
2025-05-01,0.5328919082745603,0.14852006525426545,0.064024479036407,0.4724259791250152,0.12824866825881948,-0.046542264608930954,0.49788969376931125,0.15683850727211518,-3.559997558593764,0.1200000000000001,53.0,14.0,1,0,0,0,RISK_ASSET,RISK_ASSET
2025-05-02,0.5395474482154802,0.1441146293503898,0.09697197545846446,0.474203136599196,0.1278169944696695,-0.03975359925060975,0.49803851608604927,0.1537047042163982,-2.0699996948242188,0.28,67.0,42.0,1,0,0,0,RISK_ASSET,RISK_ASSET
2025-05-05,0.5405854437871243,0.08390471570588655,0.10130307837282092,0.47514246273312116,0.10343375676538902,-0.037348791624041686,0.5088512051583121,0.12226571286851054,-3.189994812011733,0.25,52.0,21.0,1,0,0,0,RISK_ASSET,RISK_ASSET
2025-05-06,0.5194180111338405,0.13177247636410797,0.07041765621485056,0.4805033368090858,0.11095886783940372,-0.03444531407748668,0.4567412280231443,0.20025021813135307,-4.020004272460966,0.08000000000000007,59.0,21.0,1,0,0,0,RISK_ASSET,RISK_ASSET
2025-05-07,0.5203171097784733,0.13058003934061085,0.0693395610953227,0.4764030222537945,0.11067585679458151,-0.042477469174432944,0.4232352247216933,0.24073883821732672,-3.3499984741210938,-0.03000000000000025,67.0,38.0,1,0,0,0,RISK_ASSET,RISK_ASSET
2025-05-08,0.5071441905712081,0.0365445309530372,0.17256931346470825,0.4799075618626457,0.06730522708627099,0.004248733197695297,0.391493890152571,0.22337623230869116,-2.2600021362304688,0.010000000000000231,65.0,35.0,1,0,0,0,RISK_ASSET,RISK_ASSET
2025-05-09,0.5064058318925901,0.03607327492839001,0.17376574860978963,0.47747677916104075,0.061774756872106776,0.004290926406223998,0.3556607557871898,0.2571035148898111,-0.5300064086914205,-0.1299999999999999,73.0,34.0,1,0,0,0,RISK_ASSET,RISK_ASSET
2025-05-12,0.46165517798013844,0.06123890595221523,0.1531874743514588,0.4632769348180864,0.059309766802997606,0.0037867801794199477,0.33691325298374514,0.20920505569905828,2.0100021362304688,-0.11999999999999966,70.0,23.0,1,0,0,0,RISK_ASSET,RISK_ASSET
2025-05-13,0.4658449387488093,0.08600591014492702,0.15829764788357076,0.4664743702159446,0.059132048788832325,-0.003496254032728922,0.33686632383446097,0.20876930727944185,1.3600006103515625,0.020000000000000018,70.0,-2.0,1,0,0,0,RISK_ASSET,RISK_ASSET
2025-05-14,0.4628803437132233,0.10650394248540287,0.15138639743114007,0.46989255097377947,0.05170316117867665,-0.02512774686779895,0.3338228562508451,0.21308390726581036,0.8199996948242188,0.0,73.0,10.0,1,0,0,0,RISK_ASSET,RISK_ASSET
2025-05-15,0.4862872517768577,0.10681060231049305,0.13723999901264256,0.4682976563303437,0.05566611978907824,-0.02280254262440944,0.3344871295696072,0.21071260275870807,1.5,-0.010000000000000231,70.0,10.0,1,0,0,0,RISK_ASSET,RISK_ASSET
2025-05-16,0.5236273885347195,0.11391151621589313,0.14345480391429408,0.4647663467911321,0.0611240637898304,-0.00922477184786513,0.3375034065248898,0.19804408685990318,1.7099990844726705,-0.020000000000000018,71.0,17.0,1,0,0,0,RISK_ASSET,RISK_ASSET
2025-05-19,0.5730060500034232,0.12720046819220718,0.13104486509655405,0.4566621094795568,0.07378666267909753,-0.004991366882128843,0.33148475902251673,0.1878620478758682,2.1500015258789062,-0.10000000000000009,74.0,14.0,1,0,0,0,RISK_ASSET,RISK_ASSET
2025-05-20,0.6096664432551037,0.03430682228784478,0.1826677496672537,0.4568463729029653,0.08014597739197091,0.0018406128116991917,0.2615696602977912,0.1335347055904491,1.2000045776367188,-0.010000000000000231,71.0,15.0,1,0,0,0,RISK_ASSET,RISK_ASSET
2025-05-21,0.5616864727487364,0.04769355133431762,0.16118078205546937,0.4473599255599484,0.08477374636206633,-0.0038886660263288105,0.2700051896524376,0.15746082840505932,-0.2799987792968608,0.1200000000000001,70.0,17.0,1,0,0,0,RISK_ASSET,RISK_ASSET
2025-05-22,0.3123101735393969,-0.1531837066094541,0.18610938069191504,0.447219280393326,0.07783217593840318,0.0026557433132381575,0.27148309091904155,0.17288077860918377,0.6699981689453125,0.18000000000000016,72.0,5.0,1,0,0,0,RISK_ASSET,RISK_ASSET
2025-05-23,0.1957491214719718,-0.14839995524315647,0.08350218779317628,0.45070250316958527,0.051048576830466125,0.030024399291182727,0.3195666551992947,0.12458446430028226,-0.3600006103515625,0.16000000000000014,78.0,26.0,1,0,0,0,RISK_ASSET,RISK_ASSET
2025-05-27,0.15487061792958623,-0.22694199107344404,0.2029595071340752,0.444048732022212,0.03665215311037006,0.03682945805944768,0.32095280697343953,0.13764553007337796,0.5099945068359233,0.1299999999999999,74.0,15.0,1,0,0,0,RISK_ASSET,RISK_ASSET
2025-05-28,0.17018635717839042,-0.21570657363220197,0.18248031924382357,0.44384482608722076,0.03934306545566371,0.03294247093934047,0.32324127698319827,0.13397938200503062,0.6399993896484375,0.18999999999999995,71.0,4.0,1,0,0,0,RISK_ASSET,RISK_ASSET
2025-05-29,0.15955626983906962,-0.21749400760740428,0.2502581848306888,0.43592435313623396,0.047772326426791134,0.02621157822115647,0.33568167327138454,0.11455592098129908,-0.19000244140625,0.16999999999999993,74.0,9.0,1,0,0,0,RISK_ASSET,RISK_ASSET
2025-05-30,0.18041756194014036,-0.20146312545225373,0.24244398976759193,0.43501226181516167,0.04566742295950625,0.03702501385877566,0.33656161594012973,0.07491356719749911,-0.9199981689453267,0.06999999999999984,60.0,-13.0,1,0,0,0,RISK_ASSET,RISK_ASSET
2025-06-02,0.18413114221940025,-0.16692418662378758,0.2200660194367221,0.44445822926801126,0.0597312565687233,0.03357787448363867,0.3401361277459299,0.0885374010907465,-1.3000030517577983,0.06999999999999984,64.0,-6.0,1,0,0,0,RISK_ASSET,RISK_ASSET
2025-06-03,0.2969242458876034,-0.23789610170850414,0.2891009799185077,0.4432518730797426,0.06126764186341859,0.0313963030252418,0.3274936464935546,0.10684932857619801,-0.5800018310546733,0.06000000000000005,64.0,-6.0,1,0,0,0,RISK_ASSET,RISK_ASSET
2025-06-04,0.1804962957754812,-0.19379202075486576,0.23486092039693526,0.44363163301763625,0.05947367514544929,0.03575826210537154,0.32450175562083045,0.07873197885869546,-0.4499969482421733,0.020000000000000018,62.0,-11.0,1,0,0,0,RISK_ASSET,RISK_ASSET
2025-06-05,0.24375930986337188,-0.17182993474136887,0.23786388605885073,0.4371141778822278,0.056284348757533416,0.034816043646310905,0.3458507567640573,0.045762703187434306,-0.8700027465820455,0.10000000000000009,57.0,-13.0,1,0,0,0,RISK_ASSET,RISK_ASSET
2025-06-06,0.2798492978238034,-0.2024946814087736,0.26730950541967435,0.44522295344616036,0.04478585888047091,0.04771757266431229,0.28599097317610195,0.011066652718147624,-1.4499969482422017,0.1200000000000001,45.0,-26.0,1,0,0,0,RISK_ASSET,RISK_ASSET
2025-06-09,0.2442264301320411,-0.15671665079110056,0.20540237920493257,0.4430344184164934,0.05201671782185017,0.03800237127146877,0.3419660811274798,0.06870449487466115,-1.3999938964843892,0.10000000000000009,62.0,-12.0,1,0,0,0,RISK_ASSET,RISK_ASSET
2025-06-10,0.24149249051842597,-0.1557135678964593,0.20270959149310822,0.4425780882049571,0.04888717318053628,0.03842312780139819,0.3417714471447747,0.06990478184321476,-2.7399978637695455,0.020000000000000018,71.0,0.0,1,0,0,0,RISK_ASSET,RISK_ASSET
2025-06-11,0.2630208997379128,-0.1773384034598832,0.2302870010381683,0.4436332220994092,0.047509532412073036,0.05162614107847282,0.3452231343467738,0.04244636142596467,-2.3700027465820455,-0.029999999999999805,72.0,2.0,1,0,0,0,RISK_ASSET,RISK_ASSET
2025-06-12,0.25902794850237604,-0.20910479983018934,0.2769327778168672,0.4392435776079804,0.04041004357584961,0.06692125061203304,0.35755205182596383,0.022817222220039242,-3.120002746582017,-0.050000000000000266,71.0,-1.0,1,0,0,0,RISK_ASSET,RISK_ASSET
2025-06-13,0.2312479800217807,-0.17430409563860808,0.24075980644069542,0.45194625066650007,0.049018927662948554,0.04780452589299006,0.3575420914948068,0.02236442067730693,-2.6999969482421733,0.020000000000000018,61.0,-17.0,1,0,0,0,RISK_ASSET,RISK_ASSET
2025-06-16,0.23474749240200818,-0.17638113133372374,0.24041441495081398,0.4532978126937237,0.04777536020741591,0.04525003749314865,0.35777840424575263,0.031459448473031996,-3.089996337890625,0.07000000000000028,61.0,-13.0,1,0,0,0,RISK_ASSET,RISK_ASSET
2025-06-17,0.23726699121796171,-0.11031496326362342,0.16618654414135325,0.45524212236861855,0.04832337114525741,0.031068338392655576,0.35894626765707766,-0.00956265718531936,-1.6100006103515625,-0.020000000000000018,68.0,-3.0,1,0,0,0,RISK_ASSET,RISK_ASSET
2025-06-18,0.27387656703025165,-0.17603454153328915,0.19980207559234012,0.4559024419018294,0.04787749251936914,0.031808840243090906,0.35667660969689163,-0.01802588639153421,-1.2099990844726705,-0.06000000000000005,52.0,-22.0,1,0,0,0,RISK_ASSET,RISK_ASSET
2025-06-20,0.28773394420964027,-0.17760774755960196,0.20776283161174489,0.45564894156364094,0.04539508205084101,0.030847133188744092,0.3450837545336628,-0.05981919239862042,-0.849998474121108,-0.18000000000000016,54.0,-6.0,1,0,0,0,RISK_ASSET,RISK_ASSET
2025-06-23,0.2767782642243339,-0.038122278503940725,0.018244095016726976,0.4573480119565249,0.04345740155789414,0.025328054672899024,0.34813795298549916,-0.05612960617042148,-1.5400009155273295,-0.16000000000000014,47.0,-17.0,1,0,0,0,RISK_ASSET,RISK_ASSET
2025-06-24,0.2770120746016243,-0.041674918864574514,0.009802257229082375,0.458400572249448,0.041821029507360385,0.023011749475579837,0.3211271711236768,-0.011645414432839533,-1.25,-0.17000000000000037,65.0,1.0,1,0,0,0,RISK_ASSET,RISK_ASSET
2025-06-25,0.37631295471712684,-0.05268563880136576,0.024862282875077774,0.46421990734115814,0.04576887567299488,0.018003548482662796,0.3191253324048873,-0.015099323448373699,-1.839996337890625,-0.10000000000000009,66.0,4.0,1,0,0,0,RISK_ASSET,RISK_ASSET
2025-06-26,0.34956257342228597,-0.05734097751852318,0.06425179331573137,0.4624765161385695,0.05030250598623692,0.0226795086604466,0.31717197157407784,-0.007844322154868168,-2.7299957275390483,-0.16999999999999993,74.0,17.0,1,0,0,0,RISK_ASSET,RISK_ASSET
2025-06-27,0.35903525326387925,-0.08167870968371965,0.06861545892166783,0.4640763379474041,0.0595007666734231,0.030932566190142494,0.30882668036839894,0.01360121188198705,-1.8799972534179688,-0.10999999999999988,65.0,20.0,1,0,0,0,RISK_ASSET,RISK_ASSET
2025-06-30,0.35992810727270663,-0.08575521398743874,0.0687737193297441,0.46411839903478563,0.059314012271824874,0.029583065821832066,0.30305125446929315,0.029715705042697604,-2.4500045776367188,-0.11999999999999988,66.0,4.0,1,0,0,0,RISK_ASSET,RISK_ASSET
2025-07-01,0.37982197865254613,-0.10951648962701149,0.06908085628753641,0.46774412327449844,0.05652444528858557,0.036883982613426375,0.30105708445812634,-0.0017322072806049485,-1.879997253417983,-0.15999999999999992,64.0,-7.0,1,0,0,0,RISK_ASSET,RISK_ASSET
2025-07-02,0.4145238920065953,-0.12435983168313822,0.11935987434943891,0.4642431946530661,0.05810147731624145,0.04400471352281959,0.31734257844385655,0.03198576797668225,-2.470001220703125,-0.14000000000000012,63.0,-9.0,1,0,0,0,RISK_ASSET,RISK_ASSET
2025-07-03,0.43394112503270504,-0.16418566670566095,0.13752415693904205,0.46200059592664594,0.06383367065240264,0.05008228593782062,0.3164205095497295,0.04587046395395594,-1.6100006103515625,-0.040000000000000036,73.0,2.0,1,0,0,0,RISK_ASSET,RISK_ASSET
2025-07-07,0.5734723896660905,-0.19976375596713836,0.1718280680471335,0.45939112672681737,0.05112908485243278,0.04230829862697004,0.29831397660001713,0.06409695810170743,-1.2599945068359233,-0.06000000000000005,73.0,12.0,1,0,0,0,RISK_ASSET,RISK_ASSET
2025-07-08,0.5766535514491103,-0.1858212502883633,0.14412499442668658,0.47101994673020153,0.05091867976122268,0.05112742282315989,0.28542624325412136,0.04275439278493732,-1.6800003051757528,-0.13000000000000034,65.0,4.0,1,0,0,0,RISK_ASSET,RISK_ASSET
2025-07-09,0.5448548477437628,-0.03335549834628201,0.019479128809678253,0.47813302704620037,0.05352121691914569,0.05165026027408347,0.2242707899231045,0.009317367899590305,-1.4700012207031108,-0.17000000000000037,66.0,-2.0,1,0,0,0,RISK_ASSET,RISK_ASSET
2025-07-10,0.4915007695474258,0.02647450175017554,0.03147011311785672,0.4765811249618526,0.05203742754465565,0.061383370675905505,0.26443644035286595,0.05066373704494146,-1.400001525878892,-0.17000000000000037,71.0,19.0,1,0,0,0,RISK_ASSET,RISK_ASSET
2025-07-11,0.4632951593749544,0.03709940876103013,0.07040401590883688,0.49014664122956,0.04888476613190428,0.07223577920405097,0.25936305252540387,0.07811419601196669,-0.7799987792968608,-0.08000000000000007,71.0,17.0,1,0,0,0,RISK_ASSET,RISK_ASSET
2025-07-14,0.4787135151719678,0.04931750596000214,0.03438053077514047,0.49104514803153804,0.04424453409624615,0.08291899200582917,0.24094713163480816,0.1234689091897054,0.16000366210934658,-0.06999999999999984,74.0,27.0,1,0,0,0,RISK_ASSET,RISK_ASSET
2025-07-15,0.45854576344225695,0.042129443916818145,-0.015600412921006154,0.48575030100584643,0.04732030014615958,0.07136650321284166,0.25413539497998733,0.10449767613752263,0.4400024414062642,-0.040000000000000036,73.0,8.0,1,0,0,0,RISK_ASSET,RISK_ASSET
2025-07-16,0.45082188105683046,-0.023126052577762696,0.019740124634329993,0.4853477157380302,0.04588634612453088,0.0618822256484272,0.25429265904463233,0.10599609341139844,0.3899993896484375,-0.11000000000000032,70.0,4.0,1,0,0,0,RISK_ASSET,RISK_ASSET
2025-07-17,0.46509960552066165,-0.038912162728873004,0.04382353952435159,0.4957277890506498,0.045055987535895216,0.05824192011652341,0.23600453090881413,0.13140196131719772,-0.089996337890625,-0.040000000000000036,74.0,0.0,1,0,0,0,RISK_ASSET,RISK_ASSET
2025-07-18,0.4712000012590551,-0.03284572135422218,0.03831203543537911,0.4559777419527887,0.013074685926209252,0.07682970745534264,0.24334019901768508,0.1178633961953501,-0.43000030517578125,-0.040000000000000036,73.0,8.0,1,0,0,0,RISK_ASSET,RISK_ASSET
2025-07-21,0.41387414537578204,-0.10141795889190672,0.06133864520975796,0.4703803359743093,-0.007643851915535509,0.09924395836330113,0.2345680506455026,0.12819331984569943,-0.8600006103515625,-0.06999999999999984,71.0,5.0,1,0,0,0,RISK_ASSET,RISK_ASSET
2025-07-22,0.33909652000888824,-0.0012162972913401314,-0.029390385999033295,0.4657511288573116,-0.0035742359150765257,0.09149702474916685,0.23441458749242358,0.12800565559912278,-1.0299987792968892,-0.08000000000000007,72.0,8.0,1,0,0,0,RISK_ASSET,RISK_ASSET
2025-07-23,0.36121188652210146,-0.003926107188741979,0.033307972876722554,0.4538822402369943,0.02336131936054833,0.10283325273348377,0.24148560407613426,0.11319271865251235,-0.6500015258789062,0.020000000000000018,74.0,11.0,1,0,0,0,RISK_ASSET,RISK_ASSET
2025-07-24,0.36691449262875486,0.005255937353379514,0.0282161136917573,0.44411729119331,0.026467197732232668,0.10302614236842318,0.24208430588440472,0.09759902665606932,-0.3000030517578267,-0.029999999999999805,71.0,-2.0,1,0,0,0,RISK_ASSET,RISK_ASSET
2025-07-25,0.3392782211882626,0.04737588971602778,-0.025326498786417736,0.44366457430128226,0.03034752499577549,0.09930582818408591,0.24333485189260123,0.09513918208601399,0.5,-0.020000000000000018,70.0,-3.0,1,0,0,0,RISK_ASSET,RISK_ASSET
2025-07-28,0.36029173155621774,0.1522618077317679,-0.15108689569125527,0.43846865304474325,0.038217301931400785,0.09514088452205327,0.24314294798820402,0.09638945160694073,1.2600021362304688,-0.020000000000000018,75.0,10.0,1,0,0,0,RISK_ASSET,RISK_ASSET
2025-07-29,0.38735699533824075,0.16296803088245213,-0.15300451059459258,0.435609248304923,0.033783038668828105,0.08698290068098483,0.24325199491369803,0.0959317906302941,2.0300064086914205,-0.040000000000000036,73.0,7.0,1,0,0,0,RISK_ASSET,RISK_ASSET
2025-07-30,0.40150221918127416,0.18989674254986583,-0.1579560296957954,0.4368307963325125,0.03403871968033684,0.09616613499244665,0.2350320771845405,0.10866435365239761,3.120002746582017,-0.010000000000000009,74.0,3.0,1,0,0,0,RISK_ASSET,RISK_ASSET
2025-07-31,0.33823504270753857,0.15546071566584627,-0.06545551287823999,0.4364821353638947,0.027948222052945795,0.09457590671395323,0.23093002997812734,0.061447150483671525,3.25,-0.020000000000000018,72.0,1.0,1,0,0,0,RISK_ASSET,RISK_ASSET
2025-08-01,0.439150700682911,0.015247662374579904,0.10208730979268812,0.4347109221195282,0.018701827981677126,0.11275455893908412,0.24510566581306922,0.03294141223204976,1.5100021362304545,-0.1200000000000001,65.0,-9.0,1,0,0,0,RISK_ASSET,RISK_ASSET
2025-08-04,0.43634508943201555,0.030944150272732878,0.09187962317601558,0.4378501080658794,0.02103479561354914,0.11406521509541162,0.24388433460611766,0.060653217632469156,1.2999954223632812,-0.19999999999999973,64.0,-9.0,1,0,0,0,RISK_ASSET,RISK_ASSET
2025-08-05,0.4309450915143807,0.015544332679653126,0.12193441902605875,0.437351500784251,0.02050332929075628,0.1171200675409652,0.24659882944800712,0.04654685651795963,1.269996643066392,-0.20999999999999974,60.0,-10.0,1,0,0,0,RISK_ASSET,RISK_ASSET
2025-08-06,0.44516667411176536,0.020591343807200457,0.11096699086167856,0.4381246362146649,0.01998613052809185,0.11471963638301623,0.2374668846588289,0.032707760573557156,0.7099990844726562,-0.1299999999999999,54.0,-20.0,1,0,0,0,RISK_ASSET,RISK_ASSET
2025-08-07,0.44133200126410704,0.05040408123680237,0.13595357359877308,0.4218947861922734,0.03305204292046998,0.12122461279590692,0.20358896474145524,0.012932069826262577,0.75,-0.1299999999999999,62.0,-11.0,1,0,0,0,RISK_ASSET,RISK_ASSET
2025-08-08,0.43222612766821444,0.04943915194047498,0.13162126025204388,0.4197014018718601,0.046044687643827444,0.12836304124417736,0.1998980849112743,-0.007073004727770001,0.3300018310546875,-0.18000000000000016,74.0,3.0,1,0,0,0,RISK_ASSET,RISK_ASSET
2025-08-11,0.4055770326837062,-0.014385817048267194,0.15210062633684518,0.41609950611985763,0.04132357508270511,0.13098148707292287,0.1971351045385478,-0.009374303116225731,0.43999481201173296,-0.16999999999999993,70.0,-2.0,1,0,0,0,RISK_ASSET,RISK_ASSET
2025-08-12,0.41974650561259497,-0.008585703641576691,0.12516987154587667,0.4297831668203161,0.04309640041356877,0.11873076228614686,0.1914757088509487,0.020136993154528247,-0.5200042724609517,-0.17999999999999994,68.0,-6.0,1,0,0,0,RISK_ASSET,MIXED
2025-08-13,0.36917666188981657,0.04756149226415958,0.08392968331002655,0.46091444099168843,0.045492625037433065,0.12404319887425,0.2090964227551758,0.038054044513879864,-0.5500030517578125,-0.17999999999999972,73.0,2.0,1,0,0,0,RISK_ASSET,MIXED
2025-08-14,0.3213684067754714,0.07803522488596405,0.012911322329658944,0.49737242860875847,0.06145628193629362,0.09971510529460999,0.25644640240694216,-0.00782893027177406,-0.48000335693359375,-0.14000000000000012,75.0,5.0,1,0,0,0,RISK_ASSET,MIXED
2025-08-15,0.32927604053749443,0.08429951761756561,0.025332180318994084,0.5152167623090131,0.012098048430571481,0.12403344929742204,0.255230943581203,-0.005139101751694618,-0.6300048828125,-0.07999999999999985,60.0,-15.0,1,0,0,0,RISK_ASSET,MIXED
2025-08-18,0.3031522771722142,0.09181774121965841,0.02755693749400881,0.49955632255244664,0.02087955522153667,0.11159608081246092,0.2569398674805069,-0.010160703239238816,0.31999969482423296,-0.020000000000000018,60.0,-13.0,1,0,0,0,RISK_ASSET,MIXED
2025-08-19,0.39191243339910087,0.1395044037502396,0.01624094898649035,0.37645421778232163,-0.08225695476514341,0.1135700176050657,0.2628633674193945,-0.06156080936844472,0.8799972534179688,-0.010000000000000009,56.0,-18.0,0,0,0,1,MIXED,MIXED
2025-08-20,0.33425500168645844,0.14541919318165616,0.018419424166333954,0.31939686154632185,-0.03952088334282602,0.03839436079182048,0.2668872353035416,-0.03845665021355229,1.0100021362304688,-0.08999999999999986,44.0,-28.0,0,0,0,1,MIXED,MIXED
2025-08-21,0.37962129252288646,0.15239253272819422,-0.03478641886927777,0.2969239671925156,-0.0735625412433355,0.0825611506379829,0.2715301303862262,-0.05156517535216839,1.240005493164091,-0.040000000000000036,50.0,-15.0,0,0,0,1,MIXED,MIXED
2025-08-22,0.492619809011608,0.2053644010711831,-0.17972518100679793,0.3158217949168099,-0.05293187920678821,0.04569749497578887,0.3064690075810304,-0.006496948157048314,0.06999969482421875,-0.10999999999999988,50.0,-14.0,0,0,0,1,MIXED,MIXED
2025-08-25,0.462519420352298,0.22522742816615757,-0.3011803900716287,0.3125117656411585,-0.039628610815642035,0.00262882615493868,0.368118692862937,-0.06843419438445336,-0.23000335693359375,-0.10999999999999988,47.0,-13.0,0,0,0,1,MIXED,MIXED
2025-08-26,0.4721829012559241,0.23311271141274503,-0.2895600731815376,0.33278313378894997,-0.0390020364732956,0.0013573576857026518,0.3735709537303149,-0.05328932834137746,-0.6800003051757812,-0.06999999999999984,48.0,-6.0,0,0,0,1,MIXED,MIXED
2025-08-27,0.4712246003862705,0.22503184651279967,-0.28429870563083876,0.3350415600270266,-0.038231475954957954,0.0011447539984619282,0.37360292844039167,-0.057724219839019306,-1.709999084472642,-0.1499999999999999,51.0,-11.0,0,0,0,1,MIXED,MIXED
2025-08-28,0.4735502243223381,0.24386283725650448,-0.30824339031049525,0.3981806723710432,-0.07573136451992456,0.030494035537526068,0.37278772984968905,-0.028152153538332614,-2.220001220703111,-0.16999999999999993,48.0,-26.0,0,0,0,1,MIXED,MIXED
2025-08-29,0.5160340972822832,0.1753129740725158,-0.2998771579816089,0.3682215484356948,-0.05283830886986161,-0.0145397748869872,0.3875191432441639,-0.04428838679061706,-0.9200057983398295,-0.07999999999999985,50.0,-20.0,0,0,0,1,MIXED,MIXED
2025-09-02,0.4524114793774525,0.2701363588297224,-0.24217360003136912,0.35651743215598564,-0.025487835722273523,0.0022464627920027137,0.39476284226219194,-0.034221349999717245,-0.37999725341796875,0.020000000000000018,49.0,-19.0,0,0,0,1,MIXED,MIXED
2025-09-03,0.48473407592075896,0.2508220022792079,-0.21912670828247427,0.36885630522266066,-0.025143665028428318,0.001887129473736988,0.39463037806461526,-0.021413946056491003,-0.6399993896484375,-0.040000000000000036,55.0,-18.0,0,0,0,1,MIXED,MIXED
2025-09-04,0.4772024132019009,0.24638764748074354,-0.22867874764737384,0.36104234068710184,-0.01890289383881124,-0.002384184380894107,0.3941689212714576,-0.03813855708473885,0.1699981689453125,-0.08999999999999986,51.0,-24.0,0,0,0,1,MIXED,MIXED
2025-09-05,0.4767861446210196,0.2448269843822894,-0.226129495394773,0.36171983328803653,-0.021012733248480863,-0.0002735207467245559,0.38514698495440136,-0.060030974207120294,-0.6300048828125,-0.1499999999999999,48.0,-12.0,0,0,0,1,MIXED,MIXED
2025-09-08,0.48211987713418414,0.26028348942107965,-0.23513519308444167,0.36464396034774993,-0.02019049546057366,-0.0015667014234783,0.38862763792013155,-0.040373499686150054,-0.7300033569335795,-0.17999999999999994,51.0,-9.0,0,0,0,1,MIXED,MIXED
2025-09-09,0.47907129643347296,0.2738741227524251,-0.2683443268852471,0.3636422808563357,-0.02028110966867069,-0.0036246435792723066,0.3822203676525044,-0.06256566432280085,-0.7299957275390625,-0.15000000000000013,48.0,-8.0,0,0,0,1,MIXED,MIXED
2025-09-10,0.47023840423479335,0.271141784820145,-0.26444146193058543,0.3483498899213143,0.005998716930029729,-0.024154734089579306,0.3882969178122275,-0.053124803843942,-0.31999969482421875,-0.21999999999999997,49.0,5.0,0,0,0,1,MIXED,MIXED
2025-09-11,0.4776824547508116,0.2842853150877901,-0.2971645236004112,0.3524696013762167,0.00431444746507336,-0.02644226535109021,0.3789410488794912,-0.06564190532967129,-0.29999542236328125,-0.20000000000000018,54.0,4.0,0,0,0,1,MIXED,MIXED
2025-09-12,0.4791210805651563,0.29684864470345657,-0.28836072307257904,0.3430476912007225,0.04088855316388984,-0.03071092071363481,0.3535089295787975,-0.019261781768653688,-0.6999969482422017,-0.19999999999999996,57.0,7.0,0,0,0,1,MIXED,MIXED
2025-09-15,0.4398070668920868,0.3911186426852725,-0.45482729064206845,0.35670879619333606,0.010557005220627533,-0.015806975871057123,0.35297663486248004,-0.01677972278644088,-0.5499954223632955,-0.27,53.0,6.0,0,0,0,1,MIXED,MIXED
2025-09-16,0.4169247331330708,0.3818860355618817,-0.4752390815415903,0.35389918732196,0.011601798696977248,-0.02369258216334832,0.35407278336745407,0.005069821301645339,-1.5400009155273722,-0.29000000000000004,52.0,4.0,0,0,0,1,MIXED,MIXED
2025-09-17,0.4120335172144898,0.37534180729501565,-0.4738374791092497,0.3437976827199855,0.08903650360765333,-0.10981084670178304,0.3371014731296543,0.03172820071941262,-1.3999938964843608,-0.27,53.0,2.0,0,0,0,1,MIXED,MIXED
2025-09-18,0.411096633490396,0.37333817813616704,-0.44862067026085733,0.3441363265229915,0.08925180478898742,-0.10759525245274512,0.3350561174512611,0.024740355887665683,-0.8700027465820312,-0.20999999999999996,52.0,4.0,0,0,0,1,MIXED,MIXED
2025-09-19,0.39219391241235163,0.32849259891963983,-0.4890928067725088,0.3920115765496479,0.0799170540091193,-0.1138740402563985,0.3327209909540523,0.028671100371992723,-0.980003356933608,-0.18999999999999995,53.0,3.0,0,0,0,1,MIXED,MIXED
2025-09-22,0.37186814211321645,0.23350590943884506,-0.45270035944506537,0.3720375700556014,0.051025824258233286,-0.09255799196716893,0.31579657310247095,-0.03593742290637717,-0.3899993896484517,-0.07000000000000006,45.0,-4.0,0,0,0,1,MIXED,MIXED
2025-09-23,0.3959939080440881,0.33092226564037075,-0.49357372999905813,0.37758539700562443,0.041704152035924605,-0.09150184909927934,0.23729423397907126,0.01701813115725636,-1.1699981689452983,-0.1200000000000001,43.0,-12.0,0,0,0,1,MIXED,RISK_ASSET
2025-09-24,0.3597248587890715,0.29501359364656443,-0.4238070428805023,0.3726212699047545,0.0337382017282353,-0.08060878390914974,0.23496130256028433,0.013556533514851471,-0.3600006103515483,-0.06000000000000005,44.0,-7.0,0,0,0,1,MIXED,RISK_ASSET
2025-09-25,0.39488643306695376,0.28996880301498795,-0.46195079136577916,0.38303781324623254,0.024633280463862615,-0.11311427898577685,0.27093226476200133,-0.019728792659494697,0.31999969482420454,-0.010000000000000009,44.0,-4.0,0,0,0,1,MIXED,RISK_ASSET
2025-09-26,0.4112070822951853,0.23375709340984177,-0.4409788959536928,0.38815510238989204,0.01279112194393462,-0.10117913640862157,0.26822163578326597,-0.02548510756225355,0.34000396728514204,0.010000000000000009,28.0,-23.0,0,0,0,1,MIXED,RISK_ASSET
2025-09-29,0.4100124904972903,0.30844548513693903,-0.4643244253684995,0.39284993480103775,0.03856745213960453,-0.10662458368791639,0.27375012888506933,0.05377637867052232,0.14000701904296875,-0.020000000000000018,50.0,2.0,0,0,0,1,MIXED,RISK_ASSET
2025-09-30,0.40797642020173147,0.2984686512309089,-0.45741390731324727,0.4366943320184711,0.028313477015598554,-0.08982837108031498,0.26141272703100293,0.02535465829424891,-0.6300048828125,-0.07000000000000006,50.0,1.0,1,0,0,0,RISK_ASSET,RISK_ASSET
2025-10-01,0.3452942922468616,0.21037527495050665,-0.44201389232987287,0.4341041234270998,0.038923915217393565,-0.1000877211949764,0.29295660599968787,0.06014448048563849,-0.43000030517578125,-0.050000000000000044,49.0,-5.0,1,0,0,0,RISK_ASSET,RISK_ASSET
2025-10-02,0.38366098783237484,0.1706683699983152,-0.4291604362674177,0.41405783216499686,0.08767142431168448,-0.14616395475637198,0.29333804298306254,0.08611581704200197,-0.5,-0.030000000000000027,64.0,7.0,1,0,0,0,RISK_ASSET,RISK_ASSET
2025-10-03,0.3479562949196811,0.1504405006132803,-0.41474988215255815,0.40475092487565534,0.11217627570127041,-0.15721101823895064,0.29424846820551426,0.09982238140967799,-0.04999542236328125,0.07000000000000006,63.0,10.0,1,0,0,0,RISK_ASSET,RISK_ASSET
2025-10-06,0.2638401921915762,0.15710486675062832,-0.29563424613511735,0.40515550277605256,0.12639972485037565,-0.1399227284310622,0.2977844110476496,0.10719559193059314,0.6600036621093608,0.14000000000000012,71.0,19.0,1,0,0,0,RISK_ASSET,RISK_ASSET
2025-10-07,0.28763999232369747,0.07023112039216986,-0.19824333302174924,0.4225744453713799,0.12559021400929976,-0.1753001256865705,0.31639693798284274,0.08521552485809449,0.7900009155273295,0.07000000000000006,70.0,17.0,1,0,0,0,RISK_ASSET,RISK_ASSET
2025-10-08,0.3016833090112828,0.09322559947911606,-0.1698144983234589,0.42353426342709755,0.1275133951444804,-0.1687287488661183,0.3129579089721058,0.07925851327166121,1.0699996948242188,0.09000000000000008,60.0,8.0,1,0,0,0,RISK_ASSET,RISK_ASSET
2025-10-09,0.31173665360623976,0.15273814213712933,-0.21086181696325307,0.42181026457684145,0.12393981976585006,-0.16866668927892778,0.3164738977743183,0.0522690970800385,2.0,0.13000000000000012,70.0,17.0,1,0,0,0,RISK_ASSET,RISK_ASSET
2025-10-10,0.5983553383576639,0.06504538242362104,0.011470334107377765,0.5245902828860727,0.0765851018288296,-0.10176919265164747,0.408716864137364,-0.02518240508630125,1.4300003051757955,0.050000000000000044,64.0,19.0,1,0,0,0,RISK_ASSET,RISK_ASSET
2025-10-14,0.6416333376555152,0.0688334151066457,-0.021238275403746423,0.5251751856176338,0.07925509225406578,-0.09728633546772197,0.4160729107299619,-0.03239536588010171,2.4200057983398438,0.06000000000000005,38.0,-6.0,1,0,0,0,RISK_ASSET,RISK_ASSET
2025-10-15,0.617001375051346,0.02513177604574476,0.00728579030962835,0.5064523993888185,0.08560032052218004,-0.10584335442153894,0.4213716347746939,-0.05004610338354819,1.9199981689452983,0.08000000000000007,34.0,-10.0,1,0,0,0,RISK_ASSET,RISK_ASSET
2025-10-16,0.6438819138900121,-0.049186886753498284,0.04990548652738897,0.5258397869000391,0.05128639080271107,-0.07923274105972532,0.42641364875359394,-0.07949359494185028,1.0400009155273438,-0.020000000000000018,28.0,0.0,1,0,0,0,RISK_ASSET,RISK_ASSET
2025-10-17,0.6294206113297159,0.005983273438795282,0.05089603521188145,0.5208175435756355,0.06902355908104665,-0.07994190941114934,0.42748374450895094,-0.08306185138501947,0.7900009155273438,0.0,22.0,-28.0,1,0,0,0,RISK_ASSET,RISK_ASSET
2025-10-20,0.6510275267976577,0.13230049655026074,0.0875558908656121,0.5309259245533845,0.13166252460005337,-0.07857916996057318,0.4434805929655254,-0.019339752979114486,1.2599945068359517,-0.040000000000000036,29.0,-21.0,1,0,0,0,RISK_ASSET,RISK_ASSET
2025-10-21,0.6539841522178482,0.1898154784986463,0.0702253933044747,0.5376437093424147,0.17726517272467135,-0.11271987042867995,0.4476710736629454,-0.03209116653736644,1.6699981689452983,-0.050000000000000044,34.0,-15.0,1,0,0,0,RISK_ASSET,RISK_ASSET
2025-10-22,0.6628121683546423,0.19489847826794512,0.07698029043436434,0.5476425398918945,0.1778753602030578,-0.11290903067185412,0.44539044951848245,-0.0510482545053083,1.0299987792968608,-0.10000000000000009,25.0,-39.0,1,0,0,0,RISK_ASSET,RISK_ASSET
2025-10-23,0.6663813818674804,0.19995724976062754,0.09368791298050713,0.5542161526776344,0.18495363031243747,-0.10996734108660866,0.43280254683453245,0.009314069563084955,0.3899993896484375,-0.09000000000000008,27.0,-36.0,1,0,0,0,RISK_ASSET,RISK_ASSET
2025-10-24,0.6665930633266179,0.19421851782297547,0.09300950595101709,0.5483787412545442,0.18221615912523664,-0.08974260058626185,0.43333268534350444,0.011969458417788067,0.7999954223632955,-0.09000000000000008,30.0,-41.0,1,0,0,0,RISK_ASSET,RISK_ASSET
2025-10-27,0.6955234617255934,0.11842025342616797,0.0626234073996395,0.5595412702701488,0.1420330470149481,-0.09506145348414505,0.418657341464589,-0.0024597863182850947,0.8699951171875,-0.07000000000000006,51.0,-19.0,1,0,0,0,RISK_ASSET,RISK_ASSET
2025-10-28,0.6910010124778234,0.12526578262377575,0.11244221020479078,0.5499961537355122,0.1446313638653759,-0.09824747082288655,0.42003166791876323,-0.009690494520857112,0.9200057983398295,-0.09000000000000008,50.0,-10.0,1,0,0,0,RISK_ASSET,RISK_ASSET
2025-10-29,0.6710546212179475,0.13332571414084549,0.06506098431941629,0.5350154094969392,0.14902462049006485,-0.10757471677704046,0.40226250895235627,-0.07518595275441844,1.5100021362304688,0.010000000000000009,51.0,-19.0,1,0,0,0,RISK_ASSET,RISK_ASSET
2025-10-30,0.6662034542941765,0.11917187065697415,0.04011205595871736,0.5414234683363204,0.13964451646679418,-0.11138403276695716,0.39699275238043713,-0.10819646656763308,1.6800003051757812,0.06000000000000005,34.0,-30.0,1,0,0,0,RISK_ASSET,RISK_ASSET
2025-10-31,0.6800589347278357,0.11613020174360501,0.0597554572776048,0.5429357429023669,0.1354227298066536,-0.10444025086705117,0.396109302981855,-0.10976601258777441,2.0800018310546733,0.010000000000000009,29.0,-9.0,1,0,0,0,RISK_ASSET,RISK_ASSET
2025-11-03,0.6860151922886661,0.14319927783090833,0.02383716222195209,0.5369862046930365,0.13393927730346686,-0.1089863214918702,0.3917684592482924,-0.15774090992812326,1.760002136230483,-0.020000000000000018,42.0,4.0,1,0,0,0,RISK_ASSET,RISK_ASSET
2025-11-04,0.7253168794163574,0.192812860571911,-0.02395605291739448,0.5647569934057796,0.16907521298897474,-0.12541445910636967,0.4106170667690497,-0.1785637837005327,1.6399993896484517,0.020000000000000018,21.0,-13.0,1,0,0,0,RISK_ASSET,RISK_ASSET
2025-11-05,0.7393169650693677,0.21792225812412758,-0.06679236788117093,0.5669074343843501,0.17633399718245404,-0.1269577034924546,0.4164045446339515,-0.17171498168417124,1.349998474121108,0.09000000000000008,23.0,-5.0,1,0,0,0,RISK_ASSET,RISK_ASSET
2025-11-06,0.7440434895415826,0.2317878017083443,0.07213539995738395,0.5728365218273618,0.18237058152606284,-0.1110666030749849,0.4201252651143712,-0.18350576180897143,0.19000244140625,0.030000000000000027,27.0,5.0,1,0,0,0,RISK_ASSET,RISK_ASSET
2025-11-07,0.7265153804733206,0.23341225979532731,0.07286933947947401,0.5605305928901153,0.1825128681774682,-0.11307163415880714,0.3629970803210445,-0.09094501399324689,0.6199951171875,0.08000000000000007,24.0,-5.0,1,0,0,0,RISK_ASSET,RISK_ASSET
2025-11-12,0.7761537611754568,0.23658821763846594,0.1842490988054001,0.5695036153379168,0.19798426657739138,-0.10529967566012643,0.37245698981903,-0.08590954783111222,0.69000244140625,0.050000000000000044,24.0,-3.0,1,0,0,0,RISK_ASSET,RISK_ASSET
2025-11-13,0.7663034090244044,0.2575871727711738,0.19432577463941333,0.5663050414054356,0.2036337800665413,-0.09592651720826857,0.36997308568248705,-0.08171180602451798,0.7900009155273438,0.1200000000000001,15.0,-15.0,1,0,0,0,RISK_ASSET,RISK_ASSET
2025-11-14,0.7324352677375893,0.29609037755015893,0.1941323124826662,0.5602095449858652,0.23989761261390302,-0.10841780202773543,0.40783553202652745,-0.12032483735576063,0.839996337890625,0.1100000000000001,16.0,-35.0,1,0,0,0,RISK_ASSET,RISK_ASSET
2025-11-17,0.7347425525961738,0.28140129323247415,0.13598108276036033,0.5695019810727177,0.24527562567160816,-0.11974610054037517,0.379302356635201,-0.18301155358759277,1.0,0.1100000000000001,14.0,-36.0,1,0,0,0,RISK_ASSET,RISK_ASSET
2025-11-18,0.6952091121500126,0.2939401671218781,0.16811684672218902,0.5561698885452339,0.25346450524912295,-0.12728085979495052,0.3825260539803218,-0.15448754985079116,0.620002746582017,0.15000000000000013,11.0,-40.0,1,0,0,0,RISK_ASSET,RISK_ASSET
2025-11-19,0.6787075030126054,0.27423339833478344,0.1159907026093636,0.5530144642087472,0.2506840311867857,-0.12791444905917237,0.3836083521476153,-0.16327636527978137,1.3300018310546875,0.18000000000000016,15.0,-19.0,1,0,0,0,RISK_ASSET,RISK_ASSET
2025-11-20,0.7050439546789534,0.264839617465309,0.1485586514695154,0.5777421070242856,0.2475058600740403,-0.11585955487684402,0.3986891169295637,-0.23944595283617026,1.2200012207031392,0.15000000000000013,11.0,-18.0,1,0,0,0,RISK_ASSET,RISK_ASSET
2025-11-21,0.6169479151349553,0.3368381201867323,-0.017974670867661018,0.5680677586613428,0.25044363000886827,-0.11939674224690815,0.3918664106215226,-0.2661181575937217,1.2300033569335795,0.09000000000000008,14.0,-28.0,1,0,0,0,RISK_ASSET,RISK_ASSET
2025-11-24,0.6453881784905756,0.33368343810669854,-0.07193013948008868,0.5867926150685038,0.26441409810444716,-0.1228526948474759,0.40510709237637543,-0.25683796737960213,1.3600006103515625,0.08000000000000007,19.0,-2.0,1,0,0,0,RISK_ASSET,RISK_ASSET
2025-11-25,0.639063641839691,0.34049221906413096,-0.07662242163900777,0.5840573699500392,0.2670073277340339,-0.12042727847946608,0.4050819268659611,-0.2571696202495447,0.9700012207031392,0.08000000000000007,20.0,-3.0,1,0,0,0,RISK_ASSET,RISK_ASSET
2025-11-26,0.6506673946478262,0.37004397066883427,-0.11067611418417836,0.5959442260472966,0.2663739432617397,-0.10960317688840962,0.4350240172630898,-0.19543022687044198,0.37999725341796875,-0.010000000000000009,15.0,-12.0,1,0,0,0,RISK_ASSET,RISK_ASSET
2025-11-28,0.6497039908920355,0.41819881311695706,-0.16384979527157767,0.5992090371599069,0.2661675426151975,-0.112984798727369,0.4370661973890538,-0.17498444858174678,-0.06999969482421875,-0.030000000000000027,25.0,1.0,1,0,0,0,RISK_ASSET,RISK_ASSET
2025-12-01,0.6450186940992297,0.3773086388197239,-0.13713189056441275,0.5953886578578447,0.25664578100603974,-0.10622739381580551,0.45474476396230396,-0.23835781903218725,-0.3899993896484233,0.040000000000000036,24.0,-5.0,1,0,0,0,RISK_ASSET,RISK_ASSET
2025-12-02,0.6033227113408518,0.247230873005657,-0.1826701220669131,0.5876648637883809,0.2293121347090613,-0.10694151599911944,0.5082230413205199,-0.15389060866668647,-0.510002136230483,0.030000000000000027,23.0,-3.0,1,0,0,0,RISK_ASSET,RISK_ASSET
2025-12-03,0.5954145979654893,0.26189349340795626,-0.22049145878037815,0.5845014031701092,0.22692772449495435,-0.13131373092600357,0.49729060331506253,-0.08269148911724708,-1.3700027465820312,0.010000000000000009,28.0,4.0,1,0,0,0,RISK_ASSET,RISK_ASSET
2025-12-04,0.5977321282098718,0.26146133993322856,-0.22546573839164027,0.5844816663996764,0.22741365563557553,-0.13411812970262044,0.48889404414970716,-0.12002352330492798,-1.2099990844726847,-0.020000000000000018,26.0,11.0,1,0,0,0,RISK_ASSET,RISK_ASSET
2025-12-05,0.5782432398242744,0.25969651676309824,-0.230825512718493,0.5783513817431405,0.23437544482054057,-0.14187737252060667,0.49172940298856793,-0.1251154007887526,-0.7400054931640767,0.04999999999999982,28.0,12.0,1,0,0,0,RISK_ASSET,RISK_ASSET
2025-12-08,0.5631752479881708,0.25826489716205386,-0.22105664805667083,0.575135990460777,0.2330490825200785,-0.1377509099290677,0.48790755760978965,-0.13144020461421532,-0.5100021362304688,0.07999999999999985,20.0,6.0,1,0,0,0,RISK_ASSET,RISK_ASSET
2025-12-09,0.5300908264265414,0.42492953627160784,-0.18042615161477232,0.5716654314118544,0.24821837266861407,-0.17738251360949586,0.4857954403998089,-0.13412790873795996,-0.40000152587892046,0.07999999999999985,22.0,11.0,1,0,0,0,RISK_ASSET,RISK_ASSET
2025-12-11,0.550508595168728,0.4239413555749376,-0.1539245496711522,0.5667921753907257,0.2478445892415598,-0.17821482724745374,0.4798153484420797,-0.09433407835692884,-1.1300048828125,0.07999999999999985,29.0,18.0,1,0,0,0,RISK_ASSET,RISK_ASSET
2025-12-12,0.5605773002566939,0.4572019799799675,-0.14875100120044227,0.5708847288501689,0.2466103879383496,-0.17416648952583097,0.4820645129014753,-0.09933075683249092,-0.779998779296875,0.09999999999999987,29.0,15.0,1,0,0,0,RISK_ASSET,RISK_ASSET
2025-12-15,0.5572654589275684,0.4768506982044636,-0.1402626779557972,0.5738920882615702,0.24229048649457047,-0.16624854415858065,0.46908473847672016,-0.08830105267127086,-1.1199951171875,0.06999999999999984,16.0,-3.0,1,0,0,0,RISK_ASSET,RISK_ASSET
2025-12-16,0.5766240913144698,0.46759989242193073,-0.12286227614797751,0.577049016615683,0.23963001585219276,-0.16710914345773648,0.4682093591926322,-0.0472461010566739,-1.4399948120117188,0.06999999999999984,11.0,-9.0,1,0,0,0,RISK_ASSET,RISK_ASSET
2025-12-17,0.5411012487949077,0.3957299798190112,-0.06788873772586533,0.5835166326481723,0.25103116775886586,-0.18182524247348186,0.4698100746690787,-0.07603210766083392,-1.1800003051757528,0.06999999999999984,16.0,1.0,1,0,0,0,RISK_ASSET,RISK_ASSET
2025-12-18,0.5151294449097379,0.37457760311540633,-0.07540796267404637,0.5736509160751971,0.254153814133365,-0.17536864352152046,0.4679692296337378,-0.06788945845879309,-1.8000030517578125,0.019999999999999796,17.0,-8.0,1,0,0,0,RISK_ASSET,RISK_ASSET
2025-12-19,0.5280434255155475,0.3492506437347115,-0.07814481247561304,0.5844952126058384,0.2513272779595283,-0.15744003764762712,0.44299002799296955,0.01684283964122586,-1.5600051879882812,0.05999999999999983,16.0,-8.0,1,0,0,0,RISK_ASSET,RISK_ASSET
2025-12-22,0.5445645700867836,0.3400961533087542,-0.07901634675145618,0.5907828884662591,0.24496446256963486,-0.14254809937218682,0.43775997359599594,0.039172128343703795,-1.8899993896484375,0.11999999999999988,25.0,2.0,1,0,0,0,RISK_ASSET,RISK_ASSET
2025-12-23,0.5102806438458188,0.26796577411998307,-0.07969832806252689,0.5877191044788186,0.24063396063389408,-0.1411644583164445,0.4212669280074702,-0.009751218605408922,-2.1999969482422017,0.1299999999999999,24.0,-4.0,1,0,0,0,RISK_ASSET,RISK_ASSET
2025-12-24,0.5106614204502207,0.26302016861999733,-0.088626353210536,0.587856457207009,0.23795101036155716,-0.13876713217168513,0.4197317460066669,0.0030873344554080352,-1.6800003051757812,0.11999999999999988,24.0,-2.0,1,0,0,0,RISK_ASSET,RISK_ASSET
2025-12-26,0.5090628311611218,0.2872542070093672,-0.08531668347588993,0.5809863368993567,0.23127017859888838,-0.1359908733230011,0.3992940760309842,-0.03618594303223199,-1.5800018310546875,0.1399999999999999,20.0,-8.0,1,0,0,0,RISK_ASSET,RISK_ASSET
2025-12-29,0.5110225512093199,0.1740209610212872,-0.10489987909958315,0.5879442884423084,0.21132057088426254,-0.13524673932675088,0.3986503181721834,-0.04247723912410173,-1.4199981689453125,0.10999999999999988,24.0,4.0,1,0,0,0,RISK_ASSET,RISK_ASSET
2025-12-30,0.5349828825834178,0.07239047882573386,-0.05384108107898778,0.5822308672194136,0.20736146444325312,-0.1236008533879545,0.3584574692855676,0.024133267938844516,-1.170005798339858,0.04999999999999982,23.0,1.0,1,0,0,0,RISK_ASSET,RISK_ASSET
2025-12-31,0.5238624678321852,0.045978185165298335,-0.015821474809553072,0.5688429913347822,0.2020162958004619,-0.0768093160329103,0.2977971888598979,-0.042960825280759084,-1.0800018310546875,0.07999999999999985,21.0,-5.0,1,0,0,0,RISK_ASSET,RISK_ASSET
2026-01-02,0.5449411731987933,0.04853628414903742,0.012197229613708458,0.5718971774113282,0.19901889942209275,-0.012860044706857735,0.3023068845628468,-0.039063783501845965,-0.43000030517576704,0.11999999999999988,28.0,-1.0,1,0,0,0,RISK_ASSET,RISK_ASSET
2026-01-05,0.5653194245848483,0.14890180399193612,0.05785628330278043,0.5713413270969604,0.22387995105892627,-0.01764944693118768,0.33534379470783093,0.018717787320205796,-0.7200012207031108,0.05999999999999983,26.0,-3.0,1,0,0,0,RISK_ASSET,RISK_ASSET
2026-01-06,0.47106663825672507,0.13573496268227755,0.04811538757952821,0.5707467333675917,0.22349776364946103,-0.017427809213257043,0.3157407016384522,0.04742423758438133,-0.40999603271484375,0.030000000000000027,44.0,28.0,1,0,0,0,RISK_ASSET,RISK_ASSET
2026-01-07,0.49503662691193145,0.1618833036062503,0.029723150377725795,0.5659445336346418,0.22954590884285223,-0.011919204230957728,0.32751246848507093,0.007341148190958352,-0.40999603271484375,-0.030000000000000027,42.0,31.0,1,0,0,0,RISK_ASSET,RISK_ASSET
2026-01-08,0.4396138689633367,0.11627868421997314,0.020076306486659475,0.5567088042758294,0.23999133883033827,-0.015127857833948575,0.31764691481392904,-0.018121511399994957,-0.29000091552734375,0.0,28.0,12.0,1,0,0,0,RISK_ASSET,RISK_ASSET
2026-01-09,0.44169440068199195,0.10871592850323766,-0.022358836367205016,0.5723457078078267,0.22533659339471385,-0.04343694797426078,0.31729152698648,-0.0165216087028661,0.3399963378906108,0.020000000000000018,27.0,10.0,1,0,0,0,RISK_ASSET,RISK_ASSET
2026-01-12,0.41526314004585596,0.10187079398327414,-0.024840708802142026,0.5724076906672974,0.227687698317724,-0.044702856181460186,0.3179084469812156,-0.014353133606738382,0.5100021362304688,0.010000000000000009,27.0,11.0,1,0,0,0,RISK_ASSET,RISK_ASSET
2026-01-13,0.3800586932958954,0.07196273173088093,0.054878811249024266,0.5621565042130472,0.2156501412475301,-0.023151698151443207,0.3412577169017177,0.054448572876887355,0.7299957275390483,-0.050000000000000044,26.0,1.0,1,0,0,0,RISK_ASSET,RISK_ASSET
2026-01-14,0.32270436184560475,0.10300994014432421,0.046373222908945244,0.5477798848279459,0.21932379963937268,-0.023120480792608655,0.2993429357319655,0.11476553767413783,0.9799957275390483,-0.06999999999999984,48.0,24.0,1,0,0,0,RISK_ASSET,RISK_ASSET
2026-01-15,0.27891055702407275,0.20156625871396006,0.043778616316254945,0.5450591806209659,0.2190198149301271,-0.01896598368277113,0.30441000620221637,0.08409976246430342,1.1699981689453125,-0.040000000000000036,61.0,37.0,1,0,0,0,RISK_ASSET,RISK_ASSET
2026-01-16,0.27661788367335255,0.21765913938283643,0.14105920179943549,0.5455838964065542,0.21801124076851267,-0.017398424577531338,0.2925355200272975,0.10337171695326824,1.019996643066392,-0.010000000000000009,49.0,29.0,1,0,0,0,RISK_ASSET,RISK_ASSET
2026-01-20,0.5032470113330902,-0.10605070740399772,0.43068769203097224,0.5831405903105636,0.12377343192198943,0.0692503246306849,0.4105271646843794,0.032785838918502036,0.20999908447265625,0.09000000000000008,32.0,8.0,1,0,0,0,RISK_ASSET,RISK_ASSET
2026-01-21,0.5400903897659084,-0.11283050823203584,0.448169264694936,0.5833091887325444,0.13064357109185126,0.07793633031984565,0.39902925579619547,0.014352011710243048,0.1600036621093892,0.0,24.0,1.0,1,0,0,0,RISK_ASSET,RISK_ASSET
2026-01-22,0.5368278230770878,-0.09993157988349162,0.42367413746270605,0.5819222185683289,0.13191217697384783,0.07486328165720386,0.398809212608712,0.010929291249157367,0.06999969482421875,0.010000000000000009,20.0,-1.0,1,0,0,0,RISK_ASSET,RISK_ASSET
2026-01-23,0.5398027693785831,-0.09912729579666665,0.36049762456755086,0.5853634625405053,0.1332944996326807,0.06787133267663764,0.39609232826810614,0.023626467533033,-0.34000396728514204,-0.020000000000000018,24.0,-4.0,1,0,0,0,RISK_ASSET,RISK_ASSET
2026-01-26,0.5314143588758901,-0.11015377360732853,0.37075794706825305,0.584634659020627,0.13006452836894006,0.09189395028647208,0.3994755542419189,0.007450375994931124,-0.94000244140625,-0.010000000000000009,20.0,-6.0,1,0,0,0,RISK_ASSET,RISK_ASSET
2026-01-27,0.5399851645080458,-0.09115577255916785,0.3156032608683059,0.5865148477007447,0.13629400675776215,0.07432591533283767,0.4003901222232376,0.0204213421338158,-1.7999954223632812,-0.010000000000000009,29.0,-15.0,1,0,0,0,RISK_ASSET,RISK_ASSET
2026-01-28,0.5174906373215272,-0.08408091180821177,0.3316458052595007,0.5860835774034737,0.1384919721241599,0.0705147201802958,0.400252416049005,0.02321336339215169,-1.590003967285142,0.0,29.0,-13.0,1,0,0,0,RISK_ASSET,RISK_ASSET
2026-01-29,0.5235384026538021,-0.08474572671927014,0.3141917661477385,0.592454510033731,0.13968367769742981,0.08413211682491606,0.438463113721392,-0.044732683920722265,-1.959999084472642,-0.010000000000000009,26.0,-2.0,1,0,0,0,RISK_ASSET,RISK_ASSET
2026-01-30,0.5176599999990105,-0.020757389675377175,0.2738847548513301,0.5997408856842178,0.12212180405750112,0.0716372561190049,0.43758753307355774,-0.03939243200097245,-1.290000915527358,-0.030000000000000027,16.0,-11.0,1,0,0,0,RISK_ASSET,RISK_ASSET
2026-02-02,0.4077289846830452,0.11866288462185853,0.1044071632082247,0.5696518319029246,0.1722531197754033,0.017728201977178514,0.47749870043752707,-0.13369458905309312,-0.8099975585937642,0.0,14.0,-13.0,1,0,0,0,RISK_ASSET,RISK_ASSET
2026-02-03,0.4818515407536808,0.01781796248422705,0.11958182064632034,0.5821350738849334,0.126038559578692,0.013189199305128152,0.4543761594416096,-0.21614465638418962,-0.8299942016601705,0.010000000000000009,17.0,-9.0,1,0,0,0,RISK_ASSET,RISK_ASSET
2026-02-04,0.4767473065179558,0.029204672732261114,0.0746972510087589,0.5881972455293714,0.12922738671760106,0.03662445965160837,0.460617644484757,-0.24967866261444877,-0.9599990844726278,0.030000000000000027,14.0,-34.0,1,0,0,0,RISK_ASSET,RISK_ASSET
2026-02-05,0.545858873709288,0.14495073058567254,-0.015304433672954221,0.5827770529532423,0.18510022828740136,0.002080855435908296,0.6679921249096706,-0.3758441033947446,-0.8600006103515625,0.010000000000000009,12.0,-49.0,1,0,0,0,RISK_ASSET,RISK_ASSET
2026-02-06,0.654735753101196,0.2107736041215193,-0.06243669665165365,0.6062998056008562,0.2148919236078352,-0.010872487092906233,0.818321596456531,-0.25475945506851205,-1.3000030517578267,-0.040000000000000036,9.0,-40.0,1,0,0,0,RISK_ASSET,RISK_ASSET
2026-02-09,0.643606314547756,0.21186201029643564,-0.06093446260061491,0.6040007056710283,0.21318742178264052,-0.009491284405557052,0.818267335318529,-0.2552754072689781,-2.309997558593736,-0.029999999999999805,14.0,-18.0,1,0,0,0,RISK_ASSET,RISK_ASSET
2026-02-10,0.6445525476143669,0.21429605115655442,-0.061992967255651205,0.6060480681574278,0.21844186350533248,-0.007084964845516598,0.8151423975101164,-0.28186209006315127,-2.059997558593764,-0.05999999999999983,9.0,-15.0,1,0,0,0,RISK_ASSET,RISK_ASSET
2026-02-11,0.6487488856345525,0.2286882504807544,-0.06509880147564599,0.6051483069512892,0.21825602330913538,-0.011668557049840106,0.7876015699637428,-0.352685596307004,-2.2999954223632812,-0.019999999999999796,11.0,-9.0,1,0,0,0,RISK_ASSET,RISK_ASSET
2026-02-12,0.6160889702112519,0.22761620487227407,-0.07766179363087317,0.5996533320854727,0.21619935675375088,-0.009768934059764523,0.7780762733656424,-0.3809717624037181,-2.1999969482421733,-0.06000000000000005,5.0,-19.0,1,0,0,0,RISK_ASSET,RISK_ASSET
2026-02-13,0.6035803410743613,0.2454194474671787,-0.07644893427647191,0.5882269269597038,0.22295406175662807,-0.023049234177076793,0.8036382547361209,-0.32761795477180605,-2.440002441406264,-0.10999999999999988,9.0,-11.0,1,0,0,0,RISK_ASSET,RISK_ASSET
2026-02-17,0.6051653128369016,0.2515898563602191,-0.09646174027437336,0.5853846470080288,0.22798432289228174,-0.01710695556211209,0.801551715846402,-0.3473472740429831,-2.2299957275390625,-0.11999999999999988,10.0,-19.0,1,0,0,0,RISK_ASSET,RISK_ASSET
2026-02-18,0.5834295001762599,0.22621657427124064,-0.08941109597979123,0.5786107071907177,0.22037000339741186,-0.02896986007622205,0.7700103857809324,-0.2847852997706637,-0.9400024414062358,-0.16999999999999993,8.0,-21.0,1,0,0,0,RISK_ASSET,RISK_ASSET
2026-02-19,0.5784362039796632,0.22369031190633154,-0.08645874573905868,0.5764556502440585,0.21924469467672394,-0.02071763319352873,0.7684086222758535,-0.2888045015361077,-0.8300018310547017,-0.1299999999999999,9.0,-17.0,1,0,0,0,RISK_ASSET,RISK_ASSET
2026-02-20,0.590277475958825,0.2273884010031751,-0.08764591853772913,0.5521936112022146,0.23636362967999786,-0.06400065908380075,0.7737234513435247,-0.27423158364857814,-0.5599975585937642,-0.1499999999999999,7.0,-9.0,1,0,0,0,RISK_ASSET,RISK_ASSET
2026-02-23,0.6057213071754856,0.20067041605139424,-0.08618954452058393,0.5575929790425789,0.2097997504460381,-0.06766820430878029,0.7823472009018521,-0.3258084366857895,0.09999847412110796,-0.1499999999999999,5.0,-9.0,1,0,0,0,RISK_ASSET,RISK_ASSET
2026-02-24,0.6001089577007352,0.19771780915419615,-0.08759665295867479,0.5528516562195359,0.21072274596629811,-0.0709766685737489,0.7827980264037273,-0.3202349316904949,0.8399963378906108,-0.11999999999999988,8.0,-9.0,1,0,0,0,RISK_ASSET,RISK_ASSET
2026-02-25,0.6232276821181953,0.17404161436708074,-0.09501989684670671,0.5672729009644621,0.2056801353511688,-0.08563913949596982,0.8207223211878916,-0.2708670454442027,1.4799957275390767,-0.1299999999999999,11.0,-3.0,1,0,0,0,RISK_ASSET,RISK_ASSET
2026-02-26,0.6254701134161648,0.18587649731460337,-0.1294938783026551,0.5626230163745637,0.21260295948150398,-0.09466542648919003,0.8193707384916207,-0.27926552075714506,1.340003967285142,-0.15999999999999992,11.0,-1.0,1,0,0,0,RISK_ASSET,RISK_ASSET
2026-02-27,0.6545938411698569,0.1801967953449552,-0.12977373994793956,0.5673942596666043,0.20674442759096134,-0.09034990195769721,0.8078083898913175,-0.24961791665282063,1.3300018310546875,-0.16999999999999993,13.0,4.0,1,0,0,0,RISK_ASSET,RISK_ASSET
2026-03-02,0.6557691150120475,0.18611485329044414,-0.04049083883830311,0.5579111409817827,0.19435574332761907,-0.0548167481314878,0.8301724213720106,-0.20149456053527162,1.3899993896484375,-0.1399999999999999,10.0,-4.0,1,0,0,0,RISK_ASSET,RISK_ASSET
2026-03-03,0.6461048958556063,0.17650659132158175,-0.035841234865409535,0.5555450399818493,0.18654703201895753,-0.050153534733808784,0.8040137673121318,-0.1416836286751501,1.4400024414062358,-0.16999999999999993,14.0,5.0,1,0,0,0,RISK_ASSET,RISK_ASSET
2026-03-04,0.633854477233509,0.24244417589097478,-0.1612662924517934,0.5674313854233501,0.18795344675894332,-0.0679973216233061,0.829357604140671,-0.039413048756550356,1.3299942016601705,-0.11999999999999988,10.0,-1.0,1,0,0,0,RISK_ASSET,RISK_ASSET
2026-03-05,0.6345582400644708,0.24300493571649837,-0.1778952758600996,0.5645772990602211,0.19181273505091734,-0.0796898045334095,0.8253468137138071,-0.03028961690547944,1.6999969482421733,-0.11999999999999988,22.0,17.0,1,0,0,0,RISK_ASSET,RISK_ASSET
2026-03-06,0.6437207674740496,0.22820805368248737,-0.15304908062750824,0.5702319552114746,0.1849521948679372,-0.06796518529606257,0.635706618632041,0.08311802889511428,1.1699981689452983,-0.08999999999999986,18.0,9.0,1,0,0,0,RISK_ASSET,RISK_ASSET
2026-03-09,0.6340053530911232,0.22490872114146485,-0.14520530935846604,0.5623228571342949,0.20324545967668756,-0.06089049852860792,0.48229611142314877,-0.030990423493525793,1.5500030517578267,-0.09999999999999987,8.0,-2.0,1,0,0,0,RISK_ASSET,RISK_ASSET
2026-03-10,0.6368920538170938,0.23249999776555202,-0.17631182437591186,0.564168615107452,0.2054464742520998,-0.0702710420024027,0.4887238625256375,-0.0027684780898698004,2.0100021362304545,-0.050000000000000044,13.0,5.0,1,0,0,0,RISK_ASSET,RISK_ASSET
2026-03-11,0.6371694665218042,0.22441468426638986,-0.1534916824910407,0.5704354926440163,0.2026734847643551,-0.05633991278836961,0.48393833704428046,0.020301900331051878,2.4300003051757955,0.010000000000000009,15.0,6.0,1,0,0,0,RISK_ASSET,RISK_ASSET
2026-03-12,0.5997287264261988,0.21546890554435744,-0.14359038266302415,0.5584458462179348,0.2018211743701764,-0.04807851380075263,0.4734506574849206,0.05094721005378526,2.9099960327148438,0.029999999999999805,18.0,11.0,1,0,0,0,RISK_ASSET,RISK_ASSET
2026-03-13,0.585160049128435,0.22038177295660577,-0.15719295533711228,0.5514970751334429,0.20072293921969814,-0.044766382193495935,0.47080280236720656,0.0692224395671637,3.4300003051757812,0.11999999999999988,15.0,10.0,1,0,0,0,RISK_ASSET,RISK_ASSET
2026-03-16,0.6111426556381834,0.2797936340254232,-0.2307048064356712,0.5670284045665598,0.19488198138835758,-0.07664998037267602,0.4868324251468085,0.08359006473066899,2.8300018310547017,0.10000000000000009,23.0,15.0,1,0,0,0,RISK_ASSET,RISK_ASSET
2026-03-17,0.6575467255127571,0.2163905091300139,-0.17227546989693637,0.5540184420252218,0.18443917663359646,-0.062082886723592114,0.482864789277306,0.09097498399045656,2.4199981689452983,0.040000000000000036,28.0,17.0,1,0,0,0,RISK_ASSET,RISK_ASSET
2026-03-18,0.6563062785153742,0.3665461776210917,-0.21717293876073296,0.5574288258171884,0.19528436692573467,-0.07653244318079218,0.4992107601293097,0.07005444201725401,2.3899993896484233,0.06000000000000005,26.0,15.0,1,0,0,0,RISK_ASSET,RISK_ASSET
2026-03-19,0.6482703374391771,0.3708141634222503,-0.1650436728768431,0.5567479595724595,0.19962417260073545,-0.0723050610254063,0.504795897678409,0.04319015497492189,1.3000030517578125,0.08999999999999986,23.0,10.0,1,0,0,0,RISK_ASSET,RISK_ASSET
2026-03-20,0.6058962450954616,0.2915105052533096,-0.15232671459151242,0.5400694764703128,0.1897341358137235,-0.06421461787898126,0.5030642702398241,0.036345590965738306,1.849998474121108,0.20999999999999974,11.0,1.0,1,0,0,0,RISK_ASSET,RISK_ASSET
2026-03-23,0.49875458094420594,0.15066525783875098,-0.11250835139207377,0.5343496992906829,0.17578911874899525,-0.06986987266651708,0.46467701847070186,0.09300650998962216,1.25,0.23999999999999977,8.0,-6.0,1,0,0,0,RISK_ASSET,RISK_ASSET
2026-03-24,0.5165351559763548,0.16530790837446818,-0.14206003738721418,0.5332667112125491,0.1774811782928706,-0.07335614014725898,0.4638115321925566,0.09573302889667129,1.5500030517578267,0.28,11.0,1.0,1,0,0,0,RISK_ASSET,RISK_ASSET
2026-03-25,0.5162282866183514,0.17270789857870278,-0.14696562816593675,0.5345137677909602,0.1846412126421612,-0.07078872576304089,0.42126255326410966,0.0481137905666113,1.900001525878892,0.25,14.0,-8.0,1,0,0,0,RISK_ASSET,RISK_ASSET
2026-03-26,0.5624318238609154,0.25606194507341,-0.17068134434958887,0.5438495760355458,0.19703587321854737,-0.08295220214829183,0.4407490837353345,0.01963948257159566,2.1100006103515625,0.3400000000000001,10.0,-8.0,1,0,0,0,RISK_ASSET,RISK_ASSET
2026-03-27,0.5949975746886522,0.15272919816817265,-0.1807123896786739,0.5600521155437196,0.1670917614793484,-0.08657542159658878,0.4517542561886146,0.006906358286147128,2.5400009155273438,0.4099999999999999,13.0,5.0,1,0,0,0,RISK_ASSET,RISK_ASSET
2026-03-30,0.6075943793964793,0.10239190993386349,-0.1634016261650073,0.5548029698541754,0.16362026934283896,-0.07812055413136353,0.42495076474686333,-0.030776000083482035,2.1300048828125284,0.28,8.0,-5.0,1,0,0,0,RISK_ASSET,RISK_ASSET
2026-03-31,0.5983946036566369,0.11808144480159699,-0.18863613984163602,0.5533109539350741,0.1734290734169969,-0.0891410818097292,0.43259442852447105,-0.0008838685196483585,0.909996032714858,0.22999999999999998,11.0,-4.0,1,0,0,0,RISK_ASSET,RISK_ASSET
2026-04-01,0.6071307788037261,0.13786978772125694,-0.16648593545776816,0.5538909324444216,0.1733459675014582,-0.08320474058554576,0.367405282200053,-0.06582462331729114,0.8800048828125,0.21999999999999997,8.0,-10.0,1,0,0,0,RISK_ASSET,RISK_ASSET
2026-04-02,0.5999148317707439,0.15066508428514067,-0.18309961357795693,0.5382381578810614,0.17754582514945985,-0.0916266322886098,0.3619522246430519,-0.05741158845547889,0.7099990844726562,0.1499999999999999,12.0,-3.0,1,0,0,0,RISK_ASSET,RISK_ASSET
2026-04-06,0.5987689966379088,0.13095185808910095,-0.18230720894489758,0.5466722711656923,0.1736390874910219,-0.0923278700778286,0.3529198394700908,0.010560030483921783,0.9900054931640767,0.17999999999999994,13.0,-10.0,1,0,0,0,RISK_ASSET,RISK_ASSET
2026-04-07,0.5774693576723278,0.25739106592840466,-0.2548630313319499,0.533594224334784,0.17085254579482206,-0.10398918073388004,0.38336335039249786,0.05043455152773498,0.45999908447265625,0.17999999999999994,11.0,-17.0,1,0,0,0,RISK_ASSET,RISK_ASSET
2026-04-08,0.5191117590938847,0.24203714506426263,-0.22179211304536464,0.5095153136837589,0.16996358396404035,-0.10323594097954307,0.3793565848609594,0.016965101881150323,0.29999542236328125,0.1399999999999999,17.0,-9.0,1,0,0,0,RISK_ASSET,RISK_ASSET
2026-04-09,0.5008236069226897,0.2617960500273417,-0.20769014175291406,0.5061179694488847,0.1685388625003814,-0.10482805391032315,0.3802818137584878,0.022018435038039637,-0.410003662109375,0.09999999999999987,14.0,-9.0,1,0,0,0,RISK_ASSET,RISK_ASSET
2026-04-10,0.4992316280394538,0.26973497950434144,-0.2131787511263867,0.5067964069931895,0.16649928024304936,-0.10657399932569012,0.3840317437772827,0.034652417981209035,-1.0899963378906108,0.06000000000000005,16.0,5.0,1,0,0,0,RISK_ASSET,RISK_ASSET
2026-04-13,0.49728386896293686,0.30133675722745373,-0.24537352107461743,0.5112740919831804,0.1689100491227882,-0.11446785947470622,0.3891656497010209,0.048360123927580406,-1.989997863769517,0.0,12.0,4.0,1,0,0,0,RISK_ASSET,RISK_ASSET
2026-04-14,0.4812279727450967,0.2566670073634015,-0.3544603469622933,0.5007479332049349,0.17730771941788315,-0.11378752440820149,0.342270037479866,-0.009117941252077825,-1.5899963378906108,0.019999999999999796,21.0,10.0,1,0,0,0,RISK_ASSET,RISK_ASSET
2026-04-15,0.4763739710177203,0.2445100539124579,-0.349930252374313,0.5007520506874409,0.17659264140823516,-0.10391215111710687,0.3405718036817511,0.011868841994930707,-1.520004272460909,0.06999999999999984,23.0,9.0,1,0,0,0,RISK_ASSET,RISK_ASSET
2026-04-16,0.46863328015155437,0.2284994187717251,-0.3343832599270578,0.5022786851606423,0.1763007134805476,-0.10114426244153943,0.31210740104336276,0.05338174071541879,-1.8699951171875,0.06999999999999984,23.0,13.0,1,0,0,0,RISK_ASSET,RISK_ASSET
2026-04-17,0.48493480175488474,0.23470269698095678,-0.29545205582251305,0.5123280388546466,0.1795180835074515,-0.10371655995061037,0.31163104493587723,0.09820319834144925,-1.1300048828125,0.020000000000000018,21.0,8.0,1,0,0,0,RISK_ASSET,RISK_ASSET
2026-04-20,0.4468073409027858,0.31979402161417086,-0.36110914563812735,0.5144156368121401,0.18254710975805644,-0.10484208337330657,0.3197788786469556,0.07312158239483234,-1.599998474121108,-0.09999999999999987,29.0,21.0,1,0,0,0,RISK_ASSET,RISK_ASSET
2026-04-21,0.4457400843334354,0.30525476405621904,-0.35318526736813777,0.5127440608803606,0.17633604037946884,-0.1048975100924012,0.31984659220417677,0.0738843625791826,-0.5399932861328267,-0.08999999999999986,33.0,22.0,1,0,0,0,RISK_ASSET,RISK_ASSET
2026-04-22,0.47339445168376804,0.3088693284637363,-0.3150102452355706,0.5183279617271107,0.18025063772615807,-0.1027889928745569,0.3253103982924963,0.10344330648422186,-0.8400039672851562,-0.14000000000000012,32.0,24.0,1,0,0,0,RISK_ASSET,RISK_ASSET
2026-04-23,0.47195063361531575,0.30968481082864396,-0.32191416397072636,0.5166664931049634,0.17882442879849195,-0.10002239914648364,0.3248735772265446,0.09311608586572849,-0.7999954223632955,-0.10000000000000009,46.0,34.0,1,0,0,0,RISK_ASSET,RISK_ASSET
2026-04-24,0.4604905123558088,0.302646843307615,-0.3141461393651055,0.5036306294668064,0.18023512739063913,-0.09657337479727095,0.29534708994606096,0.11861914927244352,-1.3899993896484233,-0.19000000000000017,39.0,26.0,1,0,0,0,RISK_ASSET,RISK_ASSET
2026-04-27,0.4732084058159628,0.3084816737157271,-0.34187142119205277,0.5008518503072377,0.18169788582066426,-0.10770857815971388,0.25415718103525464,0.15378694785789895,-1.6699981689453125,-0.21999999999999997,47.0,36.0,1,0,0,0,RISK_ASSET,RISK_ASSET
2026-04-28,0.48776555918176634,0.3498149677888602,-0.2564195196173714,0.5019872600214325,0.18469922789961873,-0.10915130126361426,0.26422756836501204,0.1352601430487919,-1.8899993896484375,-0.1200000000000001,33.0,16.0,1,0,0,0,RISK_ASSET,RISK_ASSET
2026-04-29,0.49529421396743684,0.35674321472458165,-0.274141074505319,0.5001947793997297,0.1879722101119306,-0.10717398142598503,0.2618259706802297,0.10485047384447169,-1.0400009155273295,-0.040000000000000036,26.0,12.0,1,0,0,0,RISK_ASSET,RISK_ASSET
2026-04-30,0.4544756281489309,0.2933063884340168,-0.19742937569918245,0.5067918536592939,0.18907175804804197,-0.11016440743392425,0.26043166207461066,0.11406730497362658,-1.569999694824233,-0.08000000000000007,29.0,13.0,1,0,0,0,RISK_ASSET,RISK_ASSET
2026-05-01,0.4495210986222362,0.2254787692982837,-0.28884741887563925,0.5041008054083037,0.18853154749592987,-0.11232201622087143,0.2533772608861116,0.15597296409653774,-1.8199996948242188,-0.06000000000000005,26.0,14.0,1,0,0,0,RISK_ASSET,RISK_ASSET
2026-05-04,0.46940664976250207,0.20880469214491992,-0.2740854236957844,0.5006303729672553,0.17970193681293337,-0.10532457459148045,0.24621905203256955,0.14780018380421636,-1.5100021362304688,-0.030000000000000027,40.0,19.0,1,0,0,0,RISK_ASSET,RISK_ASSET
2026-05-05,0.47529528285683975,0.22451103470153314,-0.28581778021939813,0.504816903468547,0.18374268000369573,-0.1093678206862389,0.20946483330540597,0.1177059775220888,-1.1599960327148438,0.0,50.0,27.0,1,0,0,0,RISK_ASSET,RISK_ASSET
2026-05-06,0.4596748984298257,0.2193124057279344,-0.2640508054267669,0.5008709786391443,0.18534017512214268,-0.11148242417641575,0.19976333602897958,0.13529761217226446,-1.1100006103515483,-0.020000000000000018,46.0,23.0,1,0,0,0,RISK_ASSET,RISK_ASSET
2026-05-07,0.4667814105636825,0.20393542807825144,-0.30072915296246094,0.5010911357799949,0.18543725554421234,-0.11446390592446427,0.21645484607702417,0.10871522983344838,-0.5699996948242188,0.010000000000000009,47.0,26.0,1,0,0,0,RISK_ASSET,RISK_ASSET
2026-05-08,0.3495184373425107,0.04135766060077092,-0.23234926713707493,0.4980099302676999,0.1888631150799686,-0.11486569712662947,0.2127018701151223,0.09418611327294005,-0.8100051879882812,-0.020000000000000018,38.0,9.0,1,0,0,0,RISK_ASSET,RISK_ASSET
2026-05-11,0.1666901015219764,0.25430234707705207,-0.14977852168298295,0.49939242496602526,0.18907736671306838,-0.11590956750930627,0.2114685720391792,0.09280735485651652,-0.43000030517580967,0.030000000000000027,48.0,15.0,1,0,0,0,RISK_ASSET,RISK_ASSET
2026-05-12,0.22080144459846052,0.2625525964148148,-0.20540792728508667,0.500329612924286,0.18902406092555912,-0.11951687080153713,0.2207991895355566,0.08146127780984622,0.1699981689452983,0.10000000000000009,49.0,17.0,1,0,0,0,RISK_ASSET,RISK_ASSET
2026-05-13,0.11385865670919318,0.21194405211394085,-0.1884755922535464,0.49680180302482063,0.18923196528156902,-0.12577827010137818,0.22972141978422744,0.05806375489488126,0.42000579833982954,0.09000000000000008,42.0,-4.0,1,0,0,0,RISK_ASSET,RISK_ASSET
2026-05-14,0.12893492117345512,0.21695534872157943,-0.14631967348157532,0.49806858929108694,0.17194736367189686,-0.11156582110710972,0.23916581321153446,0.07556717410663244,0.6599960327148295,0.07000000000000006,34.0,-5.0,1,0,0,0,RISK_ASSET,RISK_ASSET
2026-05-15,0.22815942380333196,0.2483380818943001,-0.1641248886311774,0.5028390137462854,0.1788055936516142,-0.11889562557316842,0.2443034720490276,0.02482710239126199,1.1699981689453125,0.20000000000000018,43.0,-4.0,1,0,0,0,RISK_ASSET,RISK_ASSET
2026-05-18,0.28781928717559324,0.23728555909925378,-0.10080111823888561,0.5068308608999377,0.17442256315419039,-0.10965467321446798,0.2564972214930529,0.014155465400880803,0.9199981689453267,0.21999999999999997,28.0,-5.0,1,0,0,0,RISK_ASSET,RISK_ASSET
2026-05-19,0.365611507779104,0.20080831840276467,-0.03517671498881044,0.5056367956484513,0.1742446650453523,-0.10943023508166648,0.25590334266251524,0.005200837899223657,0.8899993896484233,0.26000000000000023,25.0,-1.0,1,0,0,0,RISK_ASSET,RISK_ASSET
2026-05-20,0.4795576133947439,0.23453025733170424,-0.0974005251503435,0.507609673878837,0.17660415629334691,-0.11056412119405047,0.24347574295796703,-0.00957637969050519,0.5200042724609375,0.20999999999999996,27.0,-2.0,1,0,0,0,RISK_ASSET,RISK_ASSET
2026-05-21,0.47716349760613114,0.22719469075018664,-0.08539006073984926,0.5074423890525891,0.1747050420327227,-0.10846153302164603,0.24349106889280187,-0.009367760337500176,0.3899993896484375,0.26000000000000023,29.0,3.0,1,0,0,0,RISK_ASSET,RISK_ASSET
2026-05-22,0.47784523304309084,0.2443083035260724,-0.08531975659110365,0.5141587303190895,0.17970941773103977,-0.12351450135101678,0.25807844812806363,-0.0257242456394212,0.8099975585937358,0.27000000000000024,28.0,-12.0,1,0,0,0,RISK_ASSET,RISK_ASSET
2026-05-26,0.4638113864559617,0.25927884811026936,-0.048381495932596455,0.5240585472099375,0.17725480597275367,-0.12457068407067684,0.25884472654585955,-0.020117747393193237,0.689994812011733,0.19000000000000017,34.0,-16.0,1,0,0,0,RISK_ASSET,RISK_ASSET
2026-05-27,0.5007475123081928,0.32003830370581493,-0.058446370461006716,0.5243429168721392,0.17917754014138398,-0.12326786351693526,0.26364722842418,-0.02662440362656474,0.5899963378906108,0.16999999999999993,25.0,-21.0,1,0,0,0,RISK_ASSET,RISK_ASSET
2026-05-28,0.4746604850622562,0.3042571009417796,-0.03418547590848884,0.5214564052326671,0.17781426108877124,-0.12190528628513,0.26490701673425066,-0.030000747246711187,0.09999847412107954,0.10000000000000009,22.0,-25.0,1,0,0,0,RISK_ASSET,RISK_ASSET
2026-05-29,0.4760231063325333,0.29597833909674065,-0.03790211813555046,0.49273838305547213,0.2311487259130269,-0.18242359294564703,0.26311698440005515,-0.03918003394465561,0.8300018310547017,0.1299999999999999,23.0,-15.0,1,0,0,0,RISK_ASSET,RISK_ASSET
2026-06-01,0.4117655271706963,0.28187199608211444,-0.057898940531160785,0.48688588184935955,0.23275126564570792,-0.19001799886412668,0.2600153680367582,-0.09182745300155923,0.9899978637695455,0.15999999999999992,29.0,-19.0,1,0,0,0,RISK_ASSET,RISK_ASSET
2026-06-02,0.35956853197236766,0.18280033196824924,-0.04706915460856202,0.4786748490437466,0.22462406922016312,-0.18618980347266464,0.3217496647583999,-0.17961337794404286,0.75,0.11999999999999988,23.0,-26.0,1,0,0,0,RISK_ASSET,RISK_ASSET
2026-06-03,0.43704705984063213,0.267594219242756,-0.12185815572302584,0.48449691811066264,0.227425359825035,-0.1961055100774333,0.3289419634332829,-0.2344406440407571,1.0499954223632812,0.1499999999999999,11.0,-31.0,1,0,0,0,RISK_ASSET,RISK_ASSET
2026-06-04,0.3898178166814125,0.2208812122545377,-0.15585691489772793,0.48565445169859167,0.23048804482359872,-0.20472736624335122,0.3240401605952382,-0.24393557324746815,1.3900070190429688,0.16999999999999993,12.0,-22.0,1,0,0,0,RISK_ASSET,RISK_ASSET
2026-06-05,0.5201429936327144,0.35392651544938064,-0.270450843327446,0.49666733920750056,0.2445278792282827,-0.2201634034932958,0.3444829217627623,-0.2725462075217781,1.8199996948242188,0.22999999999999998,12.0,-31.0,1,0,0,0,RISK_ASSET,RISK_ASSET
2026-06-08,0.5409079929483885,0.36152415662032067,-0.2774530887017542,0.4997568455686601,0.24668884935290808,-0.22194225419479843,0.3802448414587711,-0.23978685652884438,2.2100067138671733,0.28,8.0,-20.0,1,0,0,0,RISK_ASSET,RISK_ASSET
2026-06-09,0.5507483290523418,0.3806095707028571,-0.2567467935390526,0.4990496637925062,0.2571590009331454,-0.2314305132747293,0.3645715640499454,-0.2820279402143078,1.9700012207031392,0.2500000000000002,10.0,-15.0,1,0,0,0,RISK_ASSET,RISK_ASSET
2026-06-10,0.5121390785323067,0.3175424556193102,-0.25471074083214085,0.49270870695673213,0.2866949609872791,-0.235226438087245,0.36647519152221103,-0.2697652785940465,1.659996032714858,0.21999999999999997,9.0,-18.0,1,0,0,0,RISK_ASSET,RISK_ASSET
2026-06-11,0.5633699562535311,0.39954058347769006,-0.2673345252476137,0.5228174361771916,0.26951383482714175,-0.20802170569852044,0.4011673280279868,-0.2209485918387461,1.3799972534179688,0.17000000000000015,12.0,-17.0,1,0,0,0,RISK_ASSET,RISK_ASSET
2026-06-12,0.5590961797340406,0.3903284304693735,-0.25787687403455295,0.5152257293807269,0.33343346006268487,-0.21769121900777366,0.3849781293131108,-0.24336169338624267,0.8700027465820455,0.16999999999999993,12.0,-16.0,1,0,0,0,RISK_ASSET,RISK_ASSET
2026-06-15,0.6136602322576347,0.4638865265252012,-0.3030561448335631,0.522559354828062,0.35098902318194614,-0.2177352897944145,0.42515431587447144,-0.1762473818953705,0.3600006103515483,0.04999999999999982,20.0,-14.0,1,0,0,0,RISK_ASSET,RISK_ASSET
2026-06-16,0.6330057974387567,0.5232734851290741,-0.3412739733516686,0.5284680641855724,0.32487229384868366,-0.21879767085827773,0.420019268538574,-0.15962461268753647,0.5699996948242188,0.010000000000000231,23.0,-2.0,1,0,0,0,RISK_ASSET,RISK_ASSET
2026-06-17,0.6293097160747149,0.5187182199007374,-0.34920632633149834,0.522042786392854,0.2840767990076994,-0.221662737596536,0.4209717550719621,-0.17516518421868857,0.7899932861328267,0.04999999999999982,22.0,0.0,1,0,0,0,RISK_ASSET,RISK_ASSET
2026-06-18,0.5755866983220571,0.5141147782511759,-0.3510776552642244,0.5028202042978941,0.29066239621011514,-0.25021677299466105,0.41877396741756723,-0.20824284546184674,1.7399978637695312,0.08000000000000007,15.0,-8.0,1,0,0,0,RISK_ASSET,RISK_ASSET
2026-06-22,0.523346834671267,0.5054658140782641,-0.3311620495832343,0.48657385186159013,0.28535695132887334,-0.24890450529402744,0.4275357708345798,-0.1926488010604076,1.8299942016601705,0.09999999999999964,20.0,-9.0,1,0,0,0,RISK_ASSET,RISK_ASSET
2026-06-23,0.5241941206680125,0.508168600750537,-0.33618610764048895,0.49270941201350654,0.30253482788223557,-0.2574492020095844,0.4248212239414121,-0.1861256493180576,2.0900039672851562,0.1299999999999999,23.0,0.0,1,0,0,0,RISK_ASSET,RISK_ASSET
2026-06-24,0.531465428074799,0.5174205874567008,-0.3446516987073117,0.4939664809113757,0.3120828082094354,-0.26007652385769453,0.42594520042027617,-0.21764366762707105,2.440002441406236,0.1299999999999999,17.0,6.0,1,0,0,0,RISK_ASSET,RISK_ASSET
2026-06-25,0.5316428961644339,0.49511110182453666,-0.31775849148556023,0.5084705528632752,0.2849711379683542,-0.2512254153526697,0.4263308966478009,-0.21901739501943174,2.220001220703125,0.10000000000000009,12.0,0.0,1,0,0,0,RISK_ASSET,RISK_ASSET
2026-06-26,0.5411718633438347,0.5039974718703701,-0.3246713358328815,0.5089814168874193,0.2772816380278163,-0.24759486107764414,0.4298543567583578,-0.20316427240895943,2.3400039672851562,0.1200000000000001,13.0,1.0,1,0,0,0,RISK_ASSET,RISK_ASSET
2026-06-29,0.533376693970599,0.5140817114089006,-0.4060806940768792,0.5102095747203051,0.28864066958662915,-0.24132514486182885,0.43109589119357244,-0.19890130358547942,2.1999969482421875,0.0900000000000003,12.0,4.0,1,0,0,0,RISK_ASSET,RISK_ASSET
2026-06-30,0.485591082568895,0.49394121280690045,-0.39047461110594517,0.4945531157670217,0.2847197013242468,-0.24428793227440518,0.4301898041240633,-0.19714122470887327,1.990005493164034,0.13000000000000034,15.0,5.0,1,0,0,0,RISK_ASSET,RISK_ASSET
2026-07-01,0.4444532221582787,0.5193863734370717,-0.40670145759869347,0.481092404207702,0.28179600046883724,-0.23421782111745226,0.39186606640017424,-0.10585257729180134,2.1699981689453125,0.18000000000000016,11.0,2.0,1,0,0,0,RISK_ASSET,RISK_ASSET
2026-07-02,0.41305826434701404,0.5595697546689195,-0.47055693353159206,0.46015749239519554,0.3435589762900004,-0.26343771854765147,0.3817750175033047,-0.040309410913219074,1.3300018310546875,0.1499999999999999,19.0,7.0,1,0,0,0,RISK_ASSET,RISK_ASSET
2026-07-06,0.42030378468172824,0.5626203712371675,-0.44884052700135574,0.4689138590150318,0.34965181346689567,-0.2604976093912506,0.40840846402658776,0.0030273351460084683,1.4399948120117188,0.13000000000000034,24.0,12.0,1,0,0,0,RISK_ASSET,RISK_ASSET
2026-07-07,0.42017850329073514,0.562381717695933,-0.44953662644897946,0.465500622683349,0.36374363564697115,-0.2551675407483536,0.3748784950179855,0.038238845963043666,1.0699996948242188,0.10999999999999988,27.0,7.0,1,0,0,0,RISK_ASSET,RISK_ASSET
2026-07-08,0.425601873995085,0.5635637191197936,-0.4375798709129251,0.4635399061390052,0.36798227123834854,-0.2513332049030745,0.35971583670792195,-0.013291425442258597,1.0,0.10000000000000009,20.0,-3.0,1,0,0,0,RISK_ASSET,RISK_ASSET
2026-07-09,0.4343133010347523,0.5717451758104203,-0.44154945602574464,0.46223350011601605,0.3848971734535117,-0.26226931288534144,0.3537518717548326,0.02482353181169994,1.0299987792968608,0.10999999999999988,22.0,0.0,1,0,0,0,RISK_ASSET,RISK_ASSET
2026-07-10,0.43911836025224177,0.5608470311491002,-0.44323735954639515,0.46792047391634817,0.3741655446594857,-0.32023381848965815,0.3563268087825845,0.042655418420262,1.0200042724609233,0.10999999999999988,23.0,8.0,1,0,0,0,RISK_ASSET,RISK_ASSET
2026-07-13,0.46436007413583485,0.5895482673391736,-0.4719701446141418,0.4770513895885793,0.3922037648065266,-0.3287387979814625,0.35313469046250623,-0.021017176577790675,1.4199981689453125,0.19999999999999973,28.0,8.0,1,0,0,0,RISK_ASSET,RISK_ASSET
2026-07-14,0.47584894779131603,0.6117502440566323,-0.5161709339081721,0.47464780914850885,0.4013390039082917,-0.3301976658034957,0.3842920875484011,0.021991884315145035,1.1900024414062358,0.16000000000000014,22.0,-1.0,1,0,0,0,RISK_ASSET,RISK_ASSET
2026-07-15,0.49169893214531907,0.6048379690926192,-0.4792329514307873,0.47352107639872676,0.39750158649145273,-0.31234527749435986,0.3538934215368862,-0.02407906300355012,0.8700027465820455,0.16999999999999993,25.0,8.0,1,0,0,0,RISK_ASSET,RISK_ASSET
2026-07-16,0.5579028152525751,0.6995170262333944,-0.5428395317302895,0.4640020945555124,0.43113736282532855,-0.342104037715601,0.35544037798718303,-0.02800029077701096,1.19000244140625,0.20999999999999996,25.0,13.0,1,0,0,0,RISK_ASSET,RISK_ASSET
2026-07-17,0.5504702016274936,0.7095104458149024,-0.5244520762028723,0.4591969829310569,0.4307561199186904,-0.3438708517341115,0.35023012593880815,-0.008089084681452943,0.660003662109375,0.08000000000000007,27.0,14.0,1,0,0,0,RISK_ASSET,RISK_ASSET
2026-07-20,0.5465912888053809,0.7122714981610893,-0.5020260955447818,0.4591476429519157,0.42360439914806886,-0.32588866424598334,0.34643129736783074,0.03642982146075539,0.1399993896484233,0.14000000000000012,29.0,17.0,1,0,0,0,RISK_ASSET,RISK_ASSET
2026-07-21,0.4667734929427448,0.6768843827444618,-0.40066536096751126,0.46396438072190105,0.43092200014748755,-0.3241128363935784,0.3480185552491187,0.03914456120770568,0.160003662109375,0.0900000000000003,25.0,10.0,1,0,0,0,RISK_ASSET,RISK_ASSET
2026-07-22,0.4584610182526983,0.6713506390654904,-0.40011375819972494,0.4736095535835149,0.4319812819608407,-0.33121644989215215,0.33996374772065074,0.05332954018910856,-0.2700042724609375,0.10000000000000009,33.0,22.0,1,0,0,0,RISK_ASSET,RISK_ASSET
2026-07-23,0.46510290524054587,0.6701804047147533,-0.45233775883948585,0.4826417247038634,0.4397513476720666,-0.3492207701446255,0.3298594381910547,0.06428238439873668,-0.18000030517578125,0.20000000000000018,31.0,12.0,1,0,0,0,RISK_ASSET,RISK_ASSET
2026-07-24,0.4755810076574632,0.7175874806646602,-0.4477971958675028,0.48086463774922267,0.45038179891127694,-0.3105267547155735,0.3245864395422354,0.07072586886097845,0.04000091552734375,0.2400000000000002,28.0,4.0,1,0,0,0,RISK_ASSET,RISK_ASSET
2026-07-27,0.421977364709998,0.6788174666147047,-0.43911899597941323,0.4834445001403291,0.44886362298488736,-0.3141319494751419,0.3261412183426162,0.05995700363562763,0.15000152587892046,0.2599999999999998,30.0,3.0,1,0,0,0,RISK_ASSET,RISK_ASSET
2026-07-28,0.42260994877798,0.6669720361994894,-0.4411293327427397,0.4718911280492879,0.42800100941460506,-0.29439884605127037,0.32613257231741777,0.060222890107814724,0.26999664306639204,0.25,29.0,9.0,1,0,0,0,RISK_ASSET,RISK_ASSET
2026-07-29,0.29412183786869306,0.6168610394844033,-0.4027611271654787,0.4648142889212031,0.420908789851939,-0.33191370182564556,0.308077263219248,0.08741478587432648,-0.3899993896484375,0.20999999999999996,29.0,7.0,1,0,0,0,RISK_ASSET,RISK_ASSET
2026-07-30,0.3096844526712294,0.6334000507101938,-0.42133615627163734,0.48318435341283666,0.44270866262752945,-0.3476292284850738,0.30109629461738563,0.07574510292446952,-1.3799972534179545,0.16000000000000014,28.0,5.0,1,0,0,0,RISK_ASSET,HARD_ASSET
2026-07-31,0.23285320469306606,0.6359738030789415,-0.3450908675031047,0.46733739134612784,0.4589716387698072,-0.33484223938954666,0.3127511838723386,0.021375801807441502,-1.0599975585937642,0.2100000000000004,25.0,-3.0,1,0,0,0,RISK_ASSET,HARD_ASSET
2026-08-03,0.326085237660606,0.6436607712492814,-0.2700565331465525,0.46970413874033057,0.4590133987582266,-0.33194298944657685,0.28144906888885957,-0.008381255872409711,-0.8899993896484375,0.18999999999999995,28.0,6.0,1,0,0,0,RISK_ASSET,HARD_ASSET
2026-08-04,0.37088122798165685,0.6669698404041948,-0.2968886399196196,0.46945248058374167,0.4584123828543352,-0.33750512620184425,0.28062811172207536,0.01191280132925107,-1.25,0.10000000000000009,25.0,0.0,1,0,0,0,RISK_ASSET,HARD_ASSET
2026-08-05,0.31958784594776646,0.6037589047387635,-0.26279011702632843,0.44485320476305273,0.4309709657114703,-0.3280551778115929,0.27462695997221664,0.03689550820940217,-1.3600006103515625,0.10000000000000009,27.0,2.0,1,0,0,0,RISK_ASSET,HARD_ASSET
2026-08-06,0.3123017397520762,0.5624219327810152,-0.2365001224043114,0.42602941302520464,0.4936820100564002,-0.31915862702860553,0.2713641605261997,0.016774355088536745,-0.9700012207031108,0.1200000000000001,25.0,-2.0,0,1,0,0,HARD_ASSET,HARD_ASSET
2026-08-07,0.30891622518510925,0.6004607274948408,-0.27165499392575765,0.4319099172006109,0.4950313963532726,-0.32906044028094095,0.2686486403703398,0.011674674960748234,-1.3700027465820312,0.08000000000000007,29.0,0.0,0,1,0,0,HARD_ASSET,HARD_ASSET
2026-08-10,0.31740066583461546,0.572807021333387,-0.29339982758201555,0.42015862651119706,0.47588444489185316,-0.3182741106933002,0.25183288359915157,0.026501253260280508,-1.4700012207031108,0.07000000000000028,30.0,5.0,0,1,0,0,HARD_ASSET,HARD_ASSET
2026-08-11,0.3344668414749724,0.5880934218104331,-0.2975836290436037,0.4225701057156409,0.4810545285363698,-0.3211501564932472,0.20237787059664056,-0.021855360042794373,-1.120002746582017,0.10000000000000009,29.0,-4.0,0,1,0,0,HARD_ASSET,HARD_ASSET
2026-08-12,0.41576552779560255,0.5935301687951633,-0.2915387424001524,0.42348067536633166,0.473606166973345,-0.3132546964048201,0.20220289618822473,-0.020450205139556407,-0.48999786376951704,0.10000000000000009,27.0,-4.0,0,1,0,0,HARD_ASSET,HARD_ASSET
2026-08-13,0.4497849571622001,0.5906673100266056,-0.33998591831644254,0.4243321319286607,0.4802490815680161,-0.3142230939046093,0.196278540351549,-0.0060870531904453126,-0.7700042724609375,0.040000000000000036,29.0,1.0,0,1,0,0,HARD_ASSET,HARD_ASSET
2026-08-14,0.5040678224504888,0.5594872294324098,-0.26574850555262153,0.4392822164066406,0.47518047847142825,-0.2907558294022537,0.19736183575639227,-0.014563674776233163,-1.0800018310546733,0.10000000000000009,29.0,-1.0,0,1,0,0,HARD_ASSET,HARD_ASSET
2026-08-17,0.45586542063518926,0.5741608324575771,-0.2907243657768861,0.45121388943078683,0.4835885918571979,-0.3057337994576713,0.2022916675836141,-0.011157726109454424,-1.3499984741210795,0.08999999999999986,31.0,2.0,0,1,0,0,HARD_ASSET,HARD_ASSET
2026-08-18,0.42750194289797,0.5409396331175618,-0.2687297484311927,0.4434430114149892,0.47633392352287757,-0.3018606581457376,0.18942715590658313,-0.02781598610036806,-1.529998779296875,0.040000000000000036,41.0,12.0,0,1,0,0,HARD_ASSET,HARD_ASSET
2026-08-19,0.35580357593727147,0.6327604811470802,-0.48665215914288423,0.4166706776201269,0.5239216584978004,-0.3695138668589136,0.305998060183684,0.046776069881202295,-2.309997558593764,-0.040000000000000036,46.0,18.0,0,1,0,0,HARD_ASSET,HARD_ASSET
2026-08-20,0.2451418583640024,0.5734521821848909,-0.40432035476613,0.37097396469667715,0.5182342559625226,-0.34412266049756873,0.3444140176510576,0.11583162222387444,-2.529998779296875,-0.08000000000000007,62.0,37.0,0,1,0,0,HARD_ASSET,HARD_ASSET
2026-08-21,0.24443458511418034,0.5899988314245641,-0.3688869004354521,0.36684202864982907,0.5385125005574106,-0.34162863775938407,0.40114688536721455,0.20057599363326528,-2.6699981689453267,-0.03000000000000025,72.0,44.0,0,1,0,0,HARD_ASSET,HARD_ASSET
2026-08-24,0.18965243628766087,0.5462013676715343,-0.31915840379139054,0.36181625175302695,0.5432529614351287,-0.3376668907054652,0.39708272664907696,0.21442283001036974,-2.510002136230483,-0.06000000000000005,73.0,48.0,0,1,0,0,HARD_ASSET,HARD_ASSET
2026-08-25,0.1480439266654739,0.5397296238907101,-0.28635277316844415,0.35978519764255235,0.5424593333230623,-0.33815657747668776,0.3998610481751336,0.2070548973506813,-2.459999084472628,-0.0900000000000003,74.0,47.0,0,1,0,0,HARD_ASSET,HARD_ASSET
2026-08-26,0.15736090026470473,0.5230654998055493,-0.3116307307551965,0.3501821256707925,0.5318398155540514,-0.33165735681190817,0.39864793895920475,0.21234772712748548,-1.6300048828124716,-0.07000000000000028,65.0,40.0,0,1,0,0,HARD_ASSET,HARD_ASSET
2026-08-27,0.13392371461214644,0.49852220111577944,-0.2871193875261711,0.35417593661417707,0.5302421219022774,-0.3342676568876533,0.3989414485325054,0.21508840890793443,-0.849998474121108,-0.07000000000000028,71.0,42.0,0,1,0,0,HARD_ASSET,HARD_ASSET
2026-08-28,0.150167117225864,0.5614228271918449,-0.3611339301975706,0.3597772272177497,0.5582009946547564,-0.35793663796573244,0.3998896373481521,0.21435673862347918,-0.10000610351559658,-0.050000000000000266,73.0,43.0,0,1,0,0,HARD_ASSET,HARD_ASSET
2026-08-31,0.1530613244010411,0.5714319768058702,-0.38763795470974055,0.3496172082235154,0.553128207181075,-0.3694219475602623,0.39992220431951175,0.21329401564005493,-0.529998779296875,0.009999999999999787,62.0,33.0,0,1,0,0,HARD_ASSET,HARD_ASSET
2026-09-01,0.15973683311026024,0.5779109943565978,-0.42698726913139173,0.3550944192332807,0.5559005640673891,-0.3741135341797355,0.40944896350417065,0.18927664513579895,-0.2200012207031108,0.040000000000000036,69.0,42.0,0,1,0,0,HARD_ASSET,HARD_ASSET
2026-09-02,0.1486445252293702,0.5784300869609943,-0.4253772935785041,0.3645157924871236,0.5551129313071972,-0.3813165284518,0.41114925662906143,0.17952441032856387,-0.13000488281247158,0.040000000000000036,63.0,34.0,0,1,0,0,HARD_ASSET,HARD_ASSET
2026-09-03,0.1541079648298824,0.5783661549754977,-0.461136271795639,0.3782077738481748,0.5650766461232749,-0.40896254937867027,0.4311491825791773,0.23482814200080618,-0.970001220703125,-0.010000000000000231,65.0,36.0,0,1,0,0,HARD_ASSET,HARD_ASSET
2026-09-04,0.14731149568596022,0.5918474519115787,-0.4717256241566986,0.37621701654086054,0.5645287399058647,-0.4099272077046907,0.4448406285694242,0.20537545443531602,-0.43999481201171875,0.03000000000000025,74.0,43.0,0,1,0,0,HARD_ASSET,HARD_ASSET
2026-09-08,0.1543202604835269,0.6144366496440551,-0.43311808331817414,0.37759770488401245,0.566790734852117,-0.39689563002803463,0.44523511027978097,0.20483086246522747,-0.9700012207031392,0.0,69.0,28.0,0,1,0,0,HARD_ASSET,HARD_ASSET
2026-09-09,0.15996547420567342,0.6109800216419514,-0.4339394866326008,0.37661882523469814,0.5650629304009456,-0.40638588163035627,0.44388182355101086,0.2081740257588223,-1.0500030517578125,0.029999999999999805,66.0,20.0,0,1,0,0,HARD_ASSET,HARD_ASSET
2026-09-10,0.1799960014387961,0.629670315950349,-0.49315411962332634,0.375457816231402,0.5733581444203937,-0.4205930870602293,0.45590652481284066,0.18867862196209026,-0.920005798339858,0.1299999999999999,69.0,7.0,0,1,0,0,HARD_ASSET,HARD_ASSET
