date,horizon_days,sentiment_bucket,fng_value,forward_log_return
2018-02-02,1,EXTREME_FEAR,15.0,-0.23874030029910423
2018-02-05,1,EXTREME_FEAR,11.0,0.10870919082663183
2018-02-06,1,EXTREME_FEAR,8.0,-0.017261906053983644
2018-02-07,1,MODERATE,36.0,0.08115416198669995
2018-02-08,1,MODERATE,30.0,0.05546355066788704
2018-02-09,1,MODERATE,44.0,0.021467611717940465
2018-02-12,1,MODERATE,42.0,-0.03746663522015055
2018-02-13,1,MODERATE,35.0,0.09916074093751738
2018-02-14,1,MODERATE,55.0,0.06836184023155013
2018-02-15,1,MODERATE,71.0,0.006617573638271063
2018-02-16,1,MODERATE,67.0,0.1082321041179471
2018-02-20,1,MODERATE,74.0,-0.06459170224791025
2018-02-21,1,MODERATE,54.0,-0.06626121098880938
2018-02-22,1,MODERATE,44.0,0.029165679693390664
2018-02-23,1,MODERATE,39.0,0.006348117057278654
2018-02-26,1,MODERATE,37.0,0.03403460609897371
2018-02-27,1,MODERATE,44.0,-0.03102947063646394
2018-02-28,1,MODERATE,41.0,0.05182687604474617
2018-03-01,1,MODERATE,38.0,0.012288390831968726
2018-03-02,1,MODERATE,47.0,0.04298153693384055
2018-03-05,1,MODERATE,55.0,-0.07101737882303372
2018-03-06,1,MODERATE,59.0,-0.0785471416488412
2018-03-07,1,MODERATE,37.0,-0.05895751127349285
2018-03-08,1,MODERATE,39.0,-0.006134788034011313
2018-03-09,1,MODERATE,37.0,-0.014284020556032829
2018-03-12,1,MODERATE,41.0,-0.0011163614975213598
2018-03-13,1,MODERATE,41.0,-0.10603202002040293
2018-03-14,1,MODERATE,40.0,0.0037476840392196564
2018-03-15,1,MODERATE,32.0,0.004506141978666486
2018-03-16,1,MODERATE,33.0,0.03445455795110484
2018-03-19,1,MODERATE,29.0,0.03224371887087316
2018-03-20,1,MODERATE,37.0,0.0017722101148143973
2018-03-21,1,MODERATE,36.0,-0.022745729727735496
2018-03-22,1,MODERATE,36.0,0.01716871105996537
2018-03-23,1,MODERATE,28.0,-0.07847888972440469
2018-03-26,1,MODERATE,31.0,-0.046929196809366094
2018-03-27,1,MODERATE,24.0,0.015384599545304772
2018-03-28,1,MODERATE,24.0,-0.10442950860100436
2018-03-29,1,EXTREME_FEAR,18.0,-0.01149532159013597
2018-04-02,1,EXTREME_FEAR,11.0,0.051223352843477454
2018-04-03,1,MODERATE,22.0,-0.0842247558070548
2018-04-04,1,MODERATE,22.0,-0.006201068910304808
2018-04-05,1,EXTREME_FEAR,17.0,-0.02605042094133808
2018-04-06,1,EXTREME_FEAR,19.0,0.02005134038409012
2018-04-09,1,MODERATE,21.0,0.00941241499855583
2018-04-10,1,EXTREME_FEAR,18.0,0.01935281561415031
2018-04-11,1,EXTREME_FEAR,20.0,0.12412693581038275
2018-04-12,1,EXTREME_FEAR,18.0,0.0008501580097129702
2018-04-13,1,MODERATE,23.0,0.020397289485947018
2018-04-17,1,MODERATE,26.0,0.03253592757494633
2018-04-18,1,MODERATE,24.0,0.015906496489625957
2018-04-19,1,MODERATE,25.0,0.06437648463049019
2018-04-20,1,MODERATE,26.0,0.009568750776767585
2018-04-23,1,MODERATE,28.0,0.08235319918742609
2018-04-24,1,MODERATE,29.0,-0.09193210663750347
2018-04-25,1,MODERATE,64.0,0.04808821013231678
2018-04-26,1,MODERATE,47.0,-0.0322395933068439
2018-04-27,1,MODERATE,55.0,0.027816756035231743
2018-04-30,1,MODERATE,59.0,-0.01324016669459219
2018-05-01,1,MODERATE,56.0,0.012739001376982891
2018-05-02,1,MODERATE,52.0,0.05353715789106724
2018-05-03,1,MODERATE,55.0,-0.004433170333562976
2018-05-04,1,MODERATE,56.0,-0.034369951142338984
2018-05-07,1,MODERATE,56.0,-0.014853101418770562
2018-05-08,1,MODERATE,62.0,0.009737078547251641
2018-05-09,1,MODERATE,53.0,-0.03062326710905233
2018-05-10,1,MODERATE,63.0,-0.0689361065966995
2018-05-11,1,MODERATE,41.0,0.03209219428812594
2018-05-14,1,MODERATE,40.0,-0.02396447419619404
2018-05-15,1,MODERATE,40.0,-0.01677248204784669
2018-05-16,1,MODERATE,32.0,-0.03335153970564195
2018-05-17,1,MODERATE,31.0,0.019168176638719434
2018-05-18,1,MODERATE,37.0,0.02015916035151326
2018-05-21,1,MODERATE,41.0,-0.04583947139821304
2018-05-22,1,MODERATE,30.0,-0.062067659444725726
2018-05-23,1,MODERATE,26.0,0.0038982826938899207
2018-05-24,1,MODERATE,27.0,-0.014229521588760119
2018-05-25,1,MODERATE,25.0,-0.0010098883107377
2018-05-29,1,EXTREME_FEAR,16.0,-0.008880942351451787
2018-05-30,1,MODERATE,38.0,0.011764678499798065
2018-05-31,1,MODERATE,25.0,0.006289122618005127
2018-06-01,1,MODERATE,24.0,-0.0035839734288263536
2018-06-04,1,MODERATE,41.0,0.015749961130953755
2018-06-05,1,MODERATE,26.0,0.0026452866114361484
2018-06-06,1,MODERATE,42.0,0.003164613319278059
2018-06-07,1,MODERATE,38.0,-0.006968564365645913
2018-06-08,1,MODERATE,40.0,-0.09889802411309354
2018-06-11,1,EXTREME_FEAR,15.0,-0.048130473399383256
2018-06-12,1,EXTREME_FEAR,19.0,-0.03595427350674796
2018-06-13,1,EXTREME_FEAR,19.0,0.049982602628063255
2018-06-14,1,EXTREME_FEAR,17.0,-0.03332187405601145
2018-06-15,1,MODERATE,26.0,0.042191279404934445
2018-06-18,1,MODERATE,27.0,0.005201158253766047
2018-06-19,1,MODERATE,32.0,0.0009758784644155472
2018-06-20,1,MODERATE,34.0,-0.006931549314601104
2018-06-21,1,MODERATE,37.0,-0.10092513460307667
2018-06-22,1,MODERATE,28.0,0.026838873122114137
2018-06-25,1,EXTREME_FEAR,16.0,-0.025199768617492124
2018-06-26,1,MODERATE,21.0,0.01036022620030752
2018-06-27,1,EXTREME_FEAR,18.0,-0.042075518926673605
2018-06-28,1,EXTREME_FEAR,20.0,0.05196130416250111
2018-06-29,1,EXTREME_FEAR,16.0,0.061719329676020895
2018-07-02,1,MODERATE,27.0,-0.01287172551286736
2018-07-03,1,MODERATE,31.0,0.01663832736937998
2018-07-05,1,MODERATE,37.0,0.005162002311365543
2018-07-06,1,MODERATE,34.0,0.010175075207412176
2018-07-09,1,MODERATE,39.0,-0.06302716705344924
2018-07-10,1,MODERATE,37.0,0.010178711879892055
2018-07-11,1,MODERATE,29.0,-0.026285767240593783
2018-07-12,1,MODERATE,33.0,0.001482289507841239
2018-07-13,1,MODERATE,29.0,0.07765193290630984
2018-07-16,1,MODERATE,36.0,0.08243286458020968
2018-07-17,1,MODERATE,39.0,0.006771106197490967
2018-07-18,1,MODERATE,42.0,0.012951038487558242
2018-07-19,1,MODERATE,44.0,-0.015212500162381487
2018-07-20,1,MODERATE,47.0,0.047400084111851426
2018-07-23,1,MODERATE,44.0,0.0884546416030793
2018-07-24,1,MODERATE,49.0,-0.029254690417220938
2018-07-25,1,MODERATE,54.0,-0.028491418656974188
2018-07-26,1,MODERATE,53.0,0.026487261573524185
2018-07-27,1,MODERATE,47.0,0.0018929037555089345
2018-07-30,1,MODERATE,53.0,-0.05013794188199755
2018-07-31,1,MODERATE,48.0,-0.020192344692957165
2018-08-01,1,MODERATE,39.0,-0.00760404211125737
2018-08-02,1,MODERATE,39.0,-0.017699946974245928
2018-08-03,1,MODERATE,36.0,-0.06711595979730206
2018-08-06,1,MODERATE,25.0,-0.028995953086401516
2018-08-07,1,MODERATE,25.0,-0.0685348238477207
2018-08-08,1,MODERATE,23.0,0.040774573013564686
2018-08-09,1,EXTREME_FEAR,19.0,-0.06016427603596319
2018-08-10,1,MODERATE,21.0,0.018083705994485055
2018-08-13,1,MODERATE,21.0,-0.015661306329478597
2018-08-14,1,EXTREME_FEAR,16.0,0.017398593339543023
2018-08-15,1,EXTREME_FEAR,18.0,0.004146085616168971
2018-08-16,1,MODERATE,21.0,0.03808327820833696
2018-08-17,1,EXTREME_FEAR,19.0,-0.04222781581999613
2018-08-20,1,MODERATE,26.0,0.028168761359932237
2018-08-21,1,EXTREME_FEAR,19.0,-0.017419128922692984
2018-08-22,1,MODERATE,21.0,0.02450168206824127
2018-08-23,1,EXTREME_FEAR,18.0,0.0279282300110974
2018-08-24,1,EXTREME_FEAR,19.0,0.024210666766910083
2018-08-27,1,EXTREME_FEAR,18.0,0.030277809712914827
2018-08-28,1,EXTREME_FEAR,19.0,-0.006945951847084575
2018-08-29,1,EXTREME_FEAR,19.0,-0.009829420799983113
2018-08-30,1,MODERATE,22.0,0.008469072019252843
2018-08-31,1,EXTREME_FEAR,17.0,0.045021099837277645
2018-09-04,1,MODERATE,26.0,-0.08041781637747242
2018-09-05,1,EXTREME_FEAR,17.0,-0.03958783805725852
2018-09-06,1,EXTREME_FEAR,14.0,-0.00955669816881799
2018-09-07,1,EXTREME_FEAR,17.0,-0.02147024688465038
2018-09-10,1,EXTREME_FEAR,15.0,-0.0013437780737510785
2018-09-11,1,EXTREME_FEAR,18.0,0.004829112103060529
2018-09-12,1,EXTREME_FEAR,14.0,0.025723516554865877
2018-09-13,1,EXTREME_FEAR,20.0,-0.0007060768656482752
2018-09-14,1,MODERATE,23.0,-0.036194570119663094
2018-09-17,1,MODERATE,25.0,0.014242423616418198
2018-09-18,1,MODERATE,21.0,0.0042663457062144805
2018-09-19,1,MODERATE,24.0,0.018753903731685506
2018-09-20,1,MODERATE,24.0,0.03248666575188541
2018-09-21,1,MODERATE,31.0,-0.020936438692687742
2018-09-24,1,MODERATE,43.0,-0.022841248739725317
2018-09-25,1,MODERATE,37.0,0.0074999226253362195
2018-09-26,1,MODERATE,37.0,0.027598692087246635
2018-09-27,1,MODERATE,42.0,-0.004897601761743697
2018-09-28,1,MODERATE,42.0,-0.008238038938529979
2018-10-01,1,MODERATE,35.0,-0.005099772645630052
2018-10-02,1,MODERATE,33.0,-0.008195393817457097
2018-10-03,1,MODERATE,36.0,0.01133103530096885
2018-10-04,1,MODERATE,29.0,0.006938348855324794
2018-10-05,1,MODERATE,37.0,0.004482214661502892
2018-10-08,1,MODERATE,26.0,-0.0014426384505712986
2018-10-09,1,MODERATE,31.0,-0.008634710127935707
2018-10-10,1,MODERATE,28.0,-0.051295382144624035
2018-10-11,1,EXTREME_FEAR,19.0,0.0029271598167849855
2018-10-12,1,EXTREME_FEAR,13.0,0.05003871210879862
2018-10-15,1,EXTREME_FEAR,20.0,-6.521446177781831e-05
2018-10-16,1,MODERATE,24.0,-0.007865727557091529
2018-10-17,1,MODERATE,23.0,-0.01040167369568934
2018-10-18,1,MODERATE,26.0,-0.0017462065653074954
2018-10-19,1,MODERATE,24.0,0.0033584099400014167
2018-10-22,1,MODERATE,27.0,-0.0017619397642865131
2018-10-23,1,MODERATE,24.0,0.003099024997765043
2018-10-24,1,MODERATE,23.0,-0.0030141263870882007
2018-10-25,1,MODERATE,25.0,-0.000237824771618933
2018-10-26,1,MODERATE,29.0,-0.022194383606997603
2018-10-29,1,MODERATE,34.0,0.0002589641886430183
2018-10-30,1,MODERATE,31.0,-0.0026336269445916827
2018-10-31,1,MODERATE,32.0,0.009479090296346915
2018-11-01,1,MODERATE,29.0,0.0016700572222643206
2018-11-02,1,MODERATE,36.0,0.004875083179933681
2018-11-05,1,MODERATE,42.0,0.0064204349103652025
2018-11-06,1,MODERATE,42.0,0.010642787457474823
2018-11-07,1,MODERATE,48.0,-0.011771661474414774
2018-11-08,1,MODERATE,51.0,-0.0106081363243139
2018-11-09,1,MODERATE,47.0,-0.002249780872175644
2018-11-12,1,MODERATE,52.0,-0.001850602522267597
2018-11-13,1,MODERATE,56.0,-0.10277649273173683
2018-11-14,1,MODERATE,49.0,-0.015864955827275262
2018-11-15,1,MODERATE,28.0,-0.012915841594389021
2018-11-16,1,MODERATE,23.0,-0.13499103892158038
2018-11-19,1,MODERATE,28.0,-0.09007563428611132
2018-11-20,1,MODERATE,21.0,0.033203655465095516
2018-11-21,1,EXTREME_FEAR,15.0,-0.05701668937195936
2018-11-23,1,EXTREME_FEAR,12.0,-0.14001743164228364
2018-11-26,1,EXTREME_FEAR,17.0,0.010945085463912707
2018-11-27,1,EXTREME_FEAR,11.0,0.10822444579237067
2018-11-28,1,EXTREME_FEAR,14.0,0.005020181260204426
2018-11-29,1,EXTREME_FEAR,18.0,-0.06308129823555886
2018-11-30,1,EXTREME_FEAR,19.0,-0.03113169591070808
2018-12-03,1,EXTREME_FEAR,17.0,0.015988811461090213
2018-12-04,1,EXTREME_FEAR,12.0,-0.11668536935118556
2018-12-06,1,EXTREME_FEAR,13.0,-0.02915174921548558
2018-12-07,1,EXTREME_FEAR,11.0,0.023899334858293875
2018-12-10,1,EXTREME_FEAR,19.0,-0.022540327664477555
2018-12-11,1,EXTREME_FEAR,15.0,0.018046272769709715
2018-12-12,1,EXTREME_FEAR,14.0,-0.05096896140814733
2018-12-13,1,EXTREME_FEAR,14.0,-0.021718554248833177
2018-12-14,1,EXTREME_FEAR,10.0,0.0894420952821926
2018-12-17,1,EXTREME_FEAR,17.0,0.04148507479472929
2018-12-18,1,MODERATE,23.0,0.013408299801074719
2018-12-19,1,MODERATE,21.0,0.09867679132172591
2018-12-20,1,MODERATE,27.0,-0.05926230044008085
2018-12-21,1,MODERATE,35.0,0.04566364705148651
2018-12-24,1,MODERATE,25.0,-0.0557867401970239
2018-12-26,1,MODERATE,26.0,-0.053916299527153266
2018-12-27,1,MODERATE,29.0,0.07104028607292978
2018-12-28,1,MODERATE,21.0,-0.047283429619104256
2018-12-31,1,MODERATE,26.0,0.05223829160589122
2019-01-02,1,MODERATE,30.0,-0.027422321806192085
2019-01-03,1,MODERATE,33.0,0.005452331614920758
2019-01-04,1,MODERATE,48.0,0.04251090124858692
2019-01-07,1,MODERATE,39.0,0.0013901547706836048
2019-01-08,1,MODERATE,39.0,0.0011030020343775204
2019-01-09,1,MODERATE,42.0,-0.09245928249298152
2019-01-10,1,MODERATE,37.0,0.0022917701090900966
2019-01-11,1,EXTREME_FEAR,19.0,0.005054984870562107
2019-01-14,1,EXTREME_FEAR,16.0,-0.020548563372547957
2019-01-15,1,MODERATE,27.0,0.006679301401546378
2019-01-16,1,MODERATE,24.0,0.006424485580328487
2019-01-17,1,MODERATE,28.0,-0.0056498160197321345
2019-01-18,1,MODERATE,29.0,-0.014668165057360683
2019-01-22,1,MODERATE,27.0,-0.005411671839448018
2019-01-23,1,MODERATE,33.0,0.004381431105509703
2019-01-24,1,MODERATE,37.0,-0.0003054202695449426
2019-01-25,1,MODERATE,35.0,-0.03658441182238725
2019-01-28,1,MODERATE,35.0,-0.006456126661071426
2019-01-29,1,MODERATE,21.0,0.010978782970954004
2019-01-30,1,MODERATE,22.0,-0.008176606850343049
2019-01-31,1,EXTREME_FEAR,17.0,0.008682382533651056
2019-02-01,1,MODERATE,23.0,-0.008288761421215818
2019-02-04,1,MODERATE,27.0,0.00208024252495842
2019-02-05,1,MODERATE,21.0,-0.015287693750092979
2019-02-06,1,EXTREME_FEAR,14.0,-0.004196583300843049
2019-02-07,1,EXTREME_FEAR,18.0,0.07569393609415698
2019-02-08,1,MODERATE,37.0,-0.005016847229195154
2019-02-11,1,MODERATE,46.0,0.001396310513208876
2019-02-12,1,MODERATE,38.0,-0.005890543660869052
2019-02-13,1,MODERATE,48.0,-0.004190873583172272
2019-02-14,1,MODERATE,48.0,0.0010859628225891038
2019-02-15,1,MODERATE,43.0,0.0862817579976628
2019-02-19,1,MODERATE,65.0,0.013269765098495312
2019-02-20,1,MODERATE,59.0,-0.011491890282327777
2019-02-21,1,MODERATE,59.0,0.012917451356471377
2019-02-22,1,MODERATE,61.0,-0.031145228196265085
2019-02-25,1,MODERATE,47.0,-0.007325399279809797
2019-02-26,1,MODERATE,40.0,-0.0008592791582580084
2019-02-27,1,MODERATE,39.0,0.0009701838898455994
2019-02-28,1,MODERATE,39.0,0.001244000740716955
2019-03-01,1,MODERATE,42.0,-0.02572633664225421
2019-03-04,1,MODERATE,36.0,0.035213632013154084
2019-03-05,1,MODERATE,35.0,0.001940338762940863
2019-03-06,1,MODERATE,42.0,0.0019299650258204348
2019-03-07,1,MODERATE,56.0,-0.0026502747112910896
2019-03-08,1,MODERATE,54.0,0.0010493249311858133
2019-03-11,1,MODERATE,56.0,0.0010055701480762291
2019-03-12,1,MODERATE,56.0,-0.0006241055237000692
2019-03-13,1,MODERATE,54.0,0.004508157464902074
2019-03-14,1,MODERATE,55.0,0.009268473031698754
2019-03-15,1,MODERATE,55.0,0.017914264468174013
2019-03-18,1,MODERATE,56.0,0.009547038273958641
2019-03-19,1,MODERATE,56.0,0.003992356946232678
2019-03-20,1,MODERATE,55.0,-0.014328401790338452
2019-03-21,1,MODERATE,62.0,-0.0013307952232004538
2019-03-22,1,MODERATE,56.0,-0.01524942762396142
2019-03-25,1,MODERATE,46.0,0.0055384728228035085
2019-03-26,1,MODERATE,43.0,0.025269802161777655
2019-03-27,1,MODERATE,44.0,-0.004403784140031841
2019-03-28,1,MODERATE,49.0,0.007166825802505161
2019-03-29,1,MODERATE,50.0,0.014487790832901193
2019-04-01,1,MODERATE,62.0,0.16004197976839485
2019-04-02,1,MODERATE,60.0,0.018907492969508444
2019-04-03,1,MODERATE,71.0,-0.010150461847883041
2019-04-04,1,MODERATE,61.0,0.022870127391310335
2019-04-05,1,MODERATE,59.0,0.0490275913129693
2019-04-08,1,MODERATE,65.0,-0.01616322678792148
2019-04-09,1,MODERATE,64.0,0.0227168029339172
2019-04-10,1,MODERATE,62.0,-0.0500755252871915
2019-04-11,1,MODERATE,65.0,0.004934263167637232
2019-04-12,1,MODERATE,42.0,-0.004416949710274065
2019-04-15,1,MODERATE,60.0,0.03270340954624673
2019-04-16,1,MODERATE,50.0,0.0031234202806837974
2019-04-17,1,MODERATE,61.0,0.008805048106448887
2019-04-18,1,MODERATE,64.0,0.018879200251623374
2019-04-22,1,MODERATE,61.0,0.03153767871024238
2019-04-23,1,MODERATE,68.0,-0.019479346575944634
2019-04-24,1,MODERATE,65.0,-0.04766091040689624
2019-04-25,1,MODERATE,58.0,0.013123813423158937
2019-04-26,1,MODERATE,41.0,-0.006078961482854139
2019-04-29,1,MODERATE,42.0,0.019508686623198823
2019-04-30,1,MODERATE,42.0,0.009665964737195942
2019-05-01,1,MODERATE,51.0,0.018809979754905393
2019-05-02,1,MODERATE,50.0,0.04666729598003433
2019-05-03,1,MODERATE,63.0,-0.003731179580201638
2019-05-06,1,MODERATE,57.0,0.014287066018571104
2019-05-07,1,MODERATE,69.0,0.025899955314045264
2019-05-08,1,MODERATE,63.0,0.03160113331553793
2019-05-09,1,MODERATE,69.0,0.0325551192394693
2019-05-10,1,MODERATE,71.0,0.2030463997518023
2019-05-13,1,MODERATE,78.0,0.02270920762567849
2019-05-14,1,MODERATE,78.0,0.026020895924879633
2019-05-15,1,MODERATE,77.0,-0.03981349360704292
2019-05-16,1,MODERATE,75.0,-0.07108127725881802
2019-05-17,1,MODERATE,65.0,0.08285706954868194
2019-05-20,1,MODERATE,73.0,-0.0018795372127934362
2019-05-21,1,MODERATE,68.0,-0.03621876354448261
2019-05-22,1,MODERATE,69.0,0.02593403285888138
2019-05-23,1,MODERATE,65.0,0.013299515579215881
2019-05-24,1,MODERATE,64.0,0.0877531280505357
2019-05-28,1,MODERATE,71.0,-0.00695935212814635
2019-05-29,1,MODERATE,71.0,-0.04005664796772885
2019-05-30,1,MODERATE,73.0,0.030194039934908073
2019-05-31,1,MODERATE,61.0,-0.04356239154314412
2019-06-03,1,MODERATE,66.0,-0.06300147834270087
2019-06-04,1,MODERATE,42.0,0.014996473539935246
2019-06-05,1,MODERATE,27.0,-0.000282241065826333
2019-06-06,1,MODERATE,34.0,0.027977129076807883
2019-06-07,1,MODERATE,27.0,-0.0054376622004115305
2019-06-10,1,MODERATE,46.0,-0.009117973017984032
2019-06-11,1,MODERATE,61.0,0.027144739690551603
2019-06-12,1,MODERATE,60.0,0.01038875344605443
2019-06-13,1,MODERATE,63.0,0.05471566495081175
2019-06-14,1,MODERATE,67.0,0.06958652943068523
2019-06-17,1,EXTREME_GREED,84.0,-0.025932150849555906
2019-06-18,1,EXTREME_GREED,83.0,0.020894883881637273
2019-06-19,1,EXTREME_GREED,82.0,0.02698349626412288
2019-06-20,1,EXTREME_GREED,81.0,0.062790586710018
2019-06-21,1,EXTREME_GREED,84.0,0.08196681544062635
2019-06-24,1,EXTREME_GREED,80.0,0.06842540313130868
2019-06-25,1,EXTREME_GREED,87.0,0.09886766271923941
2019-06-26,1,EXTREME_GREED,95.0,-0.15181967393698742
2019-06-27,1,EXTREME_GREED,92.0,0.10391011328681188
2019-06-28,1,MODERATE,62.0,-0.1590259165175732
2019-07-01,1,MODERATE,65.0,0.020439793649304372
2019-07-02,1,MODERATE,63.0,0.10197242314626953
2019-07-03,1,MODERATE,79.0,-0.08573872330948126
2019-07-05,1,MODERATE,67.0,0.11252181716911083
2019-07-08,1,MODERATE,74.0,0.023159293280455795
2019-07-09,1,EXTREME_GREED,84.0,-0.0337512276446848
2019-07-10,1,EXTREME_GREED,83.0,-0.06788441618712998
2019-07-11,1,MODERATE,62.0,0.03947275386856419
2019-07-12,1,MODERATE,33.0,-0.08114117347266225
2019-07-15,1,EXTREME_FEAR,16.0,-0.13937670558066412
2019-07-16,1,MODERATE,34.0,0.022551278856090207
2019-07-17,1,EXTREME_FEAR,19.0,0.09561955306661926
2019-07-18,1,MODERATE,40.0,-0.012808461572604485
2019-07-19,1,MODERATE,42.0,-0.017977625586193147
2019-07-22,1,MODERATE,42.0,-0.043707966595476655
2019-07-23,1,MODERATE,40.0,-0.009013724991008054
2019-07-24,1,EXTREME_FEAR,20.0,0.010131621144278291
2019-07-25,1,MODERATE,42.0,-0.004199559341958314
2019-07-26,1,MODERATE,24.0,-0.036225536898156364
2019-07-29,1,EXTREME_FEAR,19.0,0.009231027857063208
2019-07-30,1,MODERATE,22.0,0.04857531814577598
2019-07-31,1,MODERATE,31.0,0.03066254026424242
2019-08-01,1,MODERATE,57.0,0.011330721144643396
2019-08-02,1,MODERATE,61.0,0.11547381708019214
2019-08-05,1,MODERATE,64.0,-0.02813163305123967
2019-08-06,1,MODERATE,66.0,0.03961210267399501
2019-08-07,1,MODERATE,45.0,0.0020443450527850016
2019-08-08,1,MODERATE,61.0,-0.008684364496770236
2019-08-09,1,MODERATE,60.0,-0.04133166407356548
2019-08-12,1,MODERATE,48.0,-0.04370714338940504
2019-08-13,1,MODERATE,45.0,-0.0806379719242745
2019-08-14,1,EXTREME_FEAR,11.0,0.025522045965721746
2019-08-15,1,EXTREME_FEAR,13.0,0.0060711120004817015
2019-08-16,1,MODERATE,31.0,0.050899182778600394
2019-08-19,1,MODERATE,30.0,-0.014098602646118369
2019-08-20,1,MODERATE,39.0,-0.05984026786228672
2019-08-21,1,EXTREME_FEAR,11.0,-0.0006901282262681552
2019-08-22,1,EXTREME_FEAR,5.0,0.02696583890848797
2019-08-23,1,MODERATE,33.0,-0.0035752398936555324
2019-08-26,1,MODERATE,41.0,-0.018030983225030398
2019-08-27,1,MODERATE,30.0,-0.04324433232151661
2019-08-28,1,MODERATE,32.0,-0.02535588058642089
2019-08-29,1,EXTREME_FEAR,20.0,0.009207926773968325
2019-08-30,1,MODERATE,24.0,0.10149944313938315
2019-09-03,1,MODERATE,41.0,-0.0027379439807032335
2019-09-04,1,MODERATE,43.0,-0.0017912085396542543
2019-09-05,1,MODERATE,41.0,-0.021237571181720677
2019-09-06,1,MODERATE,43.0,-0.0017718372091033996
2019-09-09,1,MODERATE,41.0,-0.021417820975587032
2019-09-10,1,MODERATE,41.0,0.006149168432955224
2019-09-11,1,MODERATE,38.0,0.02251399403043501
2019-09-12,1,MODERATE,39.0,-0.0047740552572046735
2019-09-13,1,MODERATE,38.0,-0.008116684239868083
2019-09-16,1,MODERATE,38.0,-0.003462462705750277
2019-09-17,1,MODERATE,41.0,-0.004209930227213263
2019-09-18,1,MODERATE,38.0,0.0066619464013658175
2019-09-19,1,MODERATE,31.0,-0.008291636186185586
2019-09-20,1,MODERATE,41.0,-0.045441815222616234
2019-09-23,1,MODERATE,41.0,-0.1209936495214672
2019-09-24,1,MODERATE,39.0,-0.015616015371176538
2019-09-25,1,EXTREME_FEAR,15.0,-0.04433175093227526
2019-09-26,1,EXTREME_FEAR,12.0,0.016233872320436216
2019-09-27,1,MODERATE,24.0,0.005079569443804083
2019-09-30,1,MODERATE,27.0,0.005939522648697362
2019-10-01,1,MODERATE,38.0,0.005947039319423822
2019-10-02,1,MODERATE,39.0,-0.01597938661828606
2019-10-03,1,MODERATE,37.0,-0.00656542608285994
2019-10-04,1,MODERATE,30.0,0.00482430416150488
2019-10-07,1,MODERATE,27.0,-0.0020443649815999887
2019-10-08,1,MODERATE,39.0,0.04362860415666088
2019-10-09,1,MODERATE,37.0,-0.0010786272982693246
2019-10-10,1,MODERATE,41.0,-0.03131474095669687
2019-10-11,1,MODERATE,39.0,0.006340256265360764
2019-10-14,1,MODERATE,37.0,-0.020424933726611944
2019-10-15,1,MODERATE,39.0,-0.019423891941978397
2019-10-16,1,MODERATE,40.0,0.006981979739066779
2019-10-17,1,MODERATE,40.0,-0.016259940076949114
2019-10-18,1,MODERATE,40.0,0.03336492268169197
2019-10-21,1,MODERATE,37.0,-0.020282321366639072
2019-10-22,1,MODERATE,39.0,-0.07231210270483085
2019-10-23,1,MODERATE,33.0,-0.0028228801699561323
2019-10-24,1,EXTREME_FEAR,20.0,0.14476109386093217
2019-10-25,1,MODERATE,24.0,0.066492453389752
2019-10-28,1,MODERATE,52.0,0.018362811918533402
2019-10-29,1,MODERATE,54.0,-0.023825095718831422
2019-10-30,1,MODERATE,53.0,-0.0006673727616756512
2019-10-31,1,MODERATE,50.0,0.0066649470637192305
2019-11-01,1,MODERATE,49.0,0.01622720733621759
2019-11-04,1,MODERATE,49.0,-0.00747371530956557
2019-11-05,1,MODERATE,54.0,0.001962481459162335
2019-11-06,1,MODERATE,53.0,-0.010018996001742247
2019-11-07,1,MODERATE,54.0,-0.05121408380627322
2019-11-08,1,MODERATE,42.0,-0.005362839378222954
2019-11-11,1,MODERATE,40.0,0.006586553240447164
2019-11-12,1,MODERATE,39.0,-0.0008397010971480587
2019-11-13,1,MODERATE,38.0,-0.011437202181483988
2019-11-14,1,MODERATE,41.0,-0.025129397563836656
2019-11-15,1,MODERATE,38.0,-0.021749923275093855
2019-11-18,1,MODERATE,38.0,-0.012490374838556154
2019-11-19,1,MODERATE,32.0,-0.022039071560940315
2019-11-20,1,MODERATE,32.0,-0.049086768125686187
2019-11-21,1,MODERATE,30.0,-0.046352064719289265
2019-11-22,1,EXTREME_FEAR,20.0,-0.02083393968057909
2019-11-25,1,EXTREME_FEAR,17.0,0.01005783551004516
2019-11-26,1,MODERATE,21.0,0.04248662643530124
2019-11-27,1,EXTREME_FEAR,20.0,0.030026642229161293
2019-11-29,1,MODERATE,31.0,-0.05826067161951187
2019-12-02,1,MODERATE,28.0,-0.00025170831980872443
2019-12-03,1,MODERATE,28.0,-0.009348132540893894
2019-12-04,1,MODERATE,24.0,0.026704767756073833
2019-12-05,1,MODERATE,21.0,0.013162839304284663
2019-12-06,1,MODERATE,29.0,-0.01954814514626091
2019-12-09,1,MODERATE,32.0,-0.016728999152694796
2019-12-10,1,MODERATE,26.0,-0.008373983817170333
2019-12-11,1,EXTREME_FEAR,20.0,0.0035554716584630386
2019-12-12,1,MODERATE,23.0,0.00365887879775581
2019-12-13,1,MODERATE,22.0,-0.04749522159367944
2019-12-16,1,MODERATE,24.0,-0.04302813984775006
2019-12-17,1,MODERATE,23.0,0.0915020395898456
2019-12-18,1,EXTREME_FEAR,15.0,-0.010215599788490903
2019-12-19,1,MODERATE,21.0,0.002215025702357293
2019-12-20,1,MODERATE,23.0,0.01877478450987133
2019-12-23,1,MODERATE,33.0,-0.0045095905809829084
2019-12-24,1,MODERATE,25.0,-0.011477712142868357
2019-12-26,1,MODERATE,39.0,0.007037180653861691
2019-12-27,1,MODERATE,38.0,0.00039864522760549304
2019-12-30,1,MODERATE,40.0,-0.013722694823239318
2019-12-31,1,MODERATE,38.0,-0.029359311413479416
2020-01-02,1,MODERATE,39.0,0.050171745960031294
2020-01-03,1,MODERATE,38.0,0.05616562099224606
2020-01-06,1,MODERATE,41.0,0.04952688932640552
2020-01-07,1,MODERATE,40.0,-0.010321673202805567
2020-01-08,1,MODERATE,51.0,-0.025164851114417852
2020-01-09,1,MODERATE,44.0,0.0358370170573265
2020-01-10,1,MODERATE,41.0,-0.0027417352722781674
2020-01-13,1,MODERATE,49.0,0.0805965063783667
2020-01-14,1,MODERATE,56.0,-0.002353748814135706
2020-01-15,1,MODERATE,54.0,-0.009494746324859214
2020-01-16,1,MODERATE,55.0,0.023255338715640103
2020-01-17,1,MODERATE,54.0,-0.02072427811237755
2020-01-21,1,MODERATE,49.0,-0.007461951294768086
2020-01-22,1,MODERATE,52.0,-0.03211536772319544
2020-01-23,1,MODERATE,49.0,0.004618933008294551
2020-01-24,1,MODERATE,40.0,0.05352795690272583
2020-01-27,1,MODERATE,50.0,0.04914065669354804
2020-01-28,1,MODERATE,54.0,-0.004493658672814257
2020-01-29,1,MODERATE,57.0,0.020437036918080177
2020-01-30,1,MODERATE,57.0,-0.01680504867594127
2020-01-31,1,MODERATE,55.0,-0.006115408162597332
2020-02-03,1,MODERATE,59.0,-0.0121854536490776
2020-02-04,1,MODERATE,56.0,0.04602834799275258
2020-02-05,1,MODERATE,53.0,0.01203308449394292
2020-02-06,1,MODERATE,61.0,0.006774835392772002
2020-02-07,1,MODERATE,56.0,0.006174073796753818
2020-02-10,1,MODERATE,57.0,0.03505244674627077
2020-02-11,1,MODERATE,52.0,0.011475404940052003
2020-02-12,1,MODERATE,61.0,-0.010873762642183454
2020-02-13,1,MODERATE,65.0,0.009523015160699339
2020-02-14,1,MODERATE,63.0,-0.016634702842213994
2020-02-18,1,MODERATE,53.0,-0.05144998404328957
2020-02-19,1,MODERATE,50.0,-0.0025892656683303497
2020-02-20,1,MODERATE,44.0,0.008081532009711984
2020-02-21,1,MODERATE,44.0,-0.0037510848528392524
2020-02-24,1,MODERATE,46.0,-0.03248723753845248
2020-02-25,1,MODERATE,44.0,-0.057407687925487366
2020-02-26,1,MODERATE,41.0,-0.004092966388449269
2020-02-27,1,MODERATE,39.0,-0.012836217768337238
2020-02-28,1,MODERATE,40.0,0.022485662721176816
2020-03-02,1,MODERATE,38.0,-0.009274764811755473
2020-03-03,1,MODERATE,38.0,-0.0037097436703969963
2020-03-04,1,MODERATE,40.0,0.03628484201142127
2020-03-05,1,MODERATE,41.0,0.004811004368074786
2020-03-06,1,MODERATE,39.0,-0.14089765259142117
2020-03-09,1,EXTREME_FEAR,17.0,-0.0017576850801850619
2020-03-10,1,EXTREME_FEAR,16.0,0.0002149884883273223
2020-03-11,1,EXTREME_FEAR,17.0,-0.464730175339773
2020-03-12,1,EXTREME_FEAR,14.0,0.11268622219754493
2020-03-13,1,EXTREME_FEAR,10.0,-0.10393489512484627
2020-03-16,1,EXTREME_FEAR,9.0,0.041245525670191796
2020-03-17,1,EXTREME_FEAR,8.0,0.00244820438606963
2020-03-18,1,EXTREME_FEAR,11.0,0.16710432424961263
2020-03-19,1,EXTREME_FEAR,12.0,0.0012244500086869836
2020-03-20,1,EXTREME_FEAR,9.0,0.03449172871280437
2020-03-23,1,EXTREME_FEAR,10.0,0.048444708573640805
2020-03-24,1,EXTREME_FEAR,12.0,-0.008011559939720803
2020-03-25,1,EXTREME_FEAR,13.0,0.005281211361417015
2020-03-26,1,EXTREME_FEAR,14.0,-0.03741337669931111
2020-03-27,1,EXTREME_FEAR,12.0,-0.006195005493668804
2020-03-30,1,EXTREME_FEAR,10.0,0.0013681074096151824
2020-03-31,1,EXTREME_FEAR,12.0,0.025777803165675905
2020-04-01,1,EXTREME_FEAR,12.0,0.027888755965961465
2020-04-02,1,EXTREME_FEAR,14.0,-0.008906283829348216
2020-04-03,1,EXTREME_FEAR,14.0,0.07692295853833175
2020-04-06,1,EXTREME_FEAR,12.0,-0.013201383140758693
2020-04-07,1,EXTREME_FEAR,20.0,0.02173462611620952
2020-04-08,1,MODERATE,21.0,-0.0043739979839617915
2020-04-09,1,MODERATE,22.0,-0.06463656883755478
2020-04-13,1,EXTREME_FEAR,11.0,-0.0003813508563592638
2020-04-14,1,EXTREME_FEAR,15.0,-0.02971293707668321
2020-04-15,1,EXTREME_FEAR,18.0,0.06902911272643514
2020-04-16,1,EXTREME_FEAR,13.0,-0.002901521095483861
2020-04-17,1,EXTREME_FEAR,15.0,-0.03065397857573393
2020-04-20,1,EXTREME_FEAR,15.0,-0.0002376428480456716
2020-04-21,1,EXTREME_FEAR,17.0,0.03384981246173302
2020-04-22,1,EXTREME_FEAR,19.0,0.04297334717626114
2020-04-23,1,EXTREME_FEAR,19.0,0.016178084496425688
2020-04-24,1,EXTREME_FEAR,20.0,0.031892731911705996
2020-04-27,1,MODERATE,28.0,0.0014686626299016958
2020-04-28,1,MODERATE,26.0,0.11984140644428902
2020-04-29,1,MODERATE,26.0,-0.01632197818592355
2020-04-30,1,MODERATE,44.0,0.02353691044657035
2020-05-01,1,MODERATE,40.0,0.00538748690425361
2020-05-04,1,MODERATE,44.0,0.010093566989645256
2020-05-05,1,MODERATE,40.0,0.029084126239824877
2020-05-06,1,MODERATE,42.0,0.07107536685466279
2020-05-07,1,MODERATE,49.0,-0.01099854717229129
2020-05-08,1,MODERATE,55.0,-0.13475560405655743
2020-05-11,1,MODERATE,40.0,0.0232893964825246
2020-05-12,1,MODERATE,39.0,0.05152160673099469
2020-05-13,1,MODERATE,41.0,0.048814308336527425
2020-05-14,1,MODERATE,40.0,-0.04255454133663077
2020-05-15,1,MODERATE,44.0,0.04182007312762408
2020-05-18,1,MODERATE,50.0,0.00025318046802768474
2020-05-19,1,MODERATE,50.0,-0.021407053865041548
2020-05-20,1,MODERATE,52.0,-0.04743978112005262
2020-05-21,1,MODERATE,49.0,0.011039704675422358
2020-05-22,1,MODERATE,42.0,-0.03858082580067597
2020-05-26,1,MODERATE,39.0,0.038410971222694656
2020-05-27,1,MODERATE,39.0,0.03686071480897355
2020-05-28,1,MODERATE,41.0,-0.009135578864186242
2020-05-29,1,MODERATE,48.0,0.07431041356890652
2020-06-01,1,MODERATE,50.0,-0.06474947480283666
2020-06-02,1,MODERATE,56.0,0.01322969499089624
2020-06-03,1,MODERATE,48.0,0.01479353938565256
2020-06-04,1,MODERATE,54.0,-0.013881075272663912
2020-06-05,1,MODERATE,53.0,0.010902606554413233
2020-06-08,1,MODERATE,53.0,0.0024746476660235522
2020-06-09,1,MODERATE,52.0,0.007565917007305245
2020-06-10,1,MODERATE,54.0,-0.05715571914128428
2020-06-11,1,MODERATE,52.0,0.016919583790144042
2020-06-12,1,MODERATE,38.0,-0.003184275303545637
2020-06-15,1,MODERATE,37.0,0.009197339368026771
2020-06-16,1,MODERATE,39.0,-0.006075177257296803
2020-06-17,1,MODERATE,38.0,-0.007242643975011918
2020-06-18,1,MODERATE,40.0,-0.013243316204145586
2020-06-19,1,MODERATE,39.0,0.038099791204587015
2020-06-22,1,MODERATE,38.0,-0.0019773010491619183
2020-06-23,1,MODERATE,41.0,-0.033370923273779836
2020-06-24,1,MODERATE,50.0,-0.005253081495321346
2020-06-25,1,MODERATE,43.0,-0.011059043986902698
2020-06-26,1,MODERATE,40.0,0.003044229198297665
2020-06-29,1,MODERATE,41.0,-0.005768117633966839
2020-06-30,1,MODERATE,44.0,0.00983678469207803
2020-07-01,1,MODERATE,42.0,-0.011433924918011266
2020-07-02,1,MODERATE,42.0,0.02725354073828619
2020-07-06,1,MODERATE,40.0,-0.013227475028494522
2020-07-07,1,MODERATE,43.0,0.01884958505462196
2020-07-08,1,MODERATE,44.0,-0.016076772716190905
2020-07-09,1,MODERATE,44.0,9.05161304045523e-05
2020-07-10,1,MODERATE,41.0,-0.003800086399474479
2020-07-13,1,MODERATE,43.0,-4.331631390260861e-05
2020-07-14,1,MODERATE,43.0,-0.005465061808117076
2020-07-15,1,MODERATE,44.0,-0.006614939463274875
2020-07-16,1,MODERATE,43.0,0.002096417007004295
2020-07-17,1,MODERATE,41.0,0.001401958161398901
2020-07-20,1,MODERATE,44.0,0.022726572419009328
2020-07-21,1,MODERATE,44.0,0.015923467431184803
2020-07-22,1,MODERATE,50.0,0.005831453188377252
2020-07-23,1,MODERATE,55.0,-0.00462180640093484
2020-07-24,1,MODERATE,53.0,0.14189749853966127
2020-07-27,1,MODERATE,58.0,-0.0071266633721213946
2020-07-28,1,MODERATE,76.0,0.017048707177251626
2020-07-29,1,MODERATE,71.0,0.000967607474508192
2020-07-30,1,MODERATE,76.0,0.01892242337372685
2020-07-31,1,MODERATE,75.0,-0.006833770034438996
2020-08-03,1,MODERATE,75.0,-0.0036037470015529705
2020-08-04,1,MODERATE,72.0,0.047160037903535706
2020-08-05,1,MODERATE,75.0,0.0027841443313858516
2020-08-06,1,MODERATE,79.0,-0.015251902049187638
2020-08-07,1,MODERATE,77.0,0.023565279002469852
2020-08-10,1,MODERATE,78.0,-0.04016111286278767
2020-08-11,1,EXTREME_GREED,84.0,0.015169300755772663
2020-08-12,1,MODERATE,75.0,0.017048853955416776
2020-08-13,1,MODERATE,75.0,-0.0012963612281770287
2020-08-14,1,MODERATE,78.0,0.04042724462886019
2020-08-17,1,EXTREME_GREED,83.0,-0.021709414754999046
2020-08-18,1,EXTREME_GREED,82.0,-0.01961788699136638
2020-08-19,1,EXTREME_GREED,80.0,0.01016132774175868
2020-08-20,1,MODERATE,75.0,-0.024361862793125022
2020-08-21,1,EXTREME_GREED,81.0,0.015586893488656633
2020-08-24,1,MODERATE,78.0,-0.03530600440853235
2020-08-25,1,MODERATE,75.0,0.010696334763965393
2020-08-26,1,MODERATE,76.0,-0.01446347767396175
2020-08-27,1,MODERATE,75.0,0.01916471859560326
2020-08-28,1,MODERATE,74.0,0.011912331769495216
2020-08-31,1,MODERATE,75.0,0.02449528784504093
2020-09-01,1,MODERATE,75.0,-0.04759982836281473
2020-09-02,1,EXTREME_GREED,83.0,-0.108024907829682
2020-09-03,1,MODERATE,79.0,0.025680958905574508
2020-09-04,1,MODERATE,40.0,-0.036848696796169006
2020-09-08,1,MODERATE,41.0,0.01087983570975845
2020-09-09,1,MODERATE,38.0,0.011724294913524447
2020-09-10,1,MODERATE,38.0,0.0036386352484214235
2020-09-11,1,MODERATE,41.0,0.02655749783089545
2020-09-14,1,MODERATE,39.0,0.010812510742824327
2020-09-15,1,MODERATE,47.0,0.016347532426243067
2020-09-16,1,MODERATE,43.0,-0.00236409183058206
2020-09-17,1,MODERATE,48.0,-0.00040233691379029657
2020-09-18,1,MODERATE,49.0,-0.04507042497530536
2020-09-21,1,MODERATE,48.0,0.007256944592073877
2020-09-22,1,MODERATE,39.0,-0.028125828810467837
2020-09-23,1,MODERATE,43.0,0.04893613643511953
2020-09-24,1,MODERATE,39.0,-0.0062788897837297575
2020-09-25,1,MODERATE,46.0,0.001582586516326867
2020-09-28,1,MODERATE,43.0,0.01252558330751577
2020-09-29,1,MODERATE,45.0,-0.005561903231038751
2020-09-30,1,MODERATE,49.0,-0.015421675401221663
2020-10-01,1,MODERATE,45.0,-0.00410254537827498
2020-10-02,1,MODERATE,41.0,0.020344380441149862
2020-10-05,1,MODERATE,42.0,-0.017659664062251806
2020-10-06,1,MODERATE,47.0,0.0060698124506212425
2020-10-07,1,MODERATE,43.0,0.022861384647314215
2020-10-08,1,MODERATE,46.0,0.013537193923190277
2020-10-09,1,MODERATE,48.0,0.04341169281535734
2020-10-12,1,MODERATE,52.0,-0.011267025530866032
2020-10-13,1,MODERATE,56.0,0.00031567340046353976
2020-10-14,1,MODERATE,53.0,0.005744241377636988
2020-10-15,1,MODERATE,56.0,-0.015183968290796324
2020-10-16,1,MODERATE,52.0,0.036416714532876704
2020-10-19,1,MODERATE,55.0,0.014734826605249357
2020-10-20,1,MODERATE,56.0,0.07338405430586942
2020-10-21,1,MODERATE,61.0,0.011027987566796682
2020-10-22,1,MODERATE,73.0,-0.002652970455378323
2020-10-23,1,MODERATE,74.0,0.011051764795366681
2020-10-26,1,MODERATE,75.0,0.043327558962653556
2020-10-27,1,MODERATE,61.0,-0.028445849418455516
2020-10-28,1,MODERATE,70.0,0.012475103458646664
2020-10-29,1,MODERATE,67.0,0.008052075583308504
2020-10-30,1,MODERATE,74.0,0.0002927848239879238
2020-11-02,1,MODERATE,71.0,0.02907841515337467
2020-11-03,1,MODERATE,71.0,0.013061444695718682
2020-11-04,1,MODERATE,74.0,0.09741581080424411
2020-11-05,1,MODERATE,72.0,-0.0008969303080480495
2020-11-06,1,EXTREME_GREED,90.0,-0.015118674009752642
2020-11-09,1,EXTREME_GREED,90.0,-0.0027046871096148006
2020-11-10,1,EXTREME_GREED,90.0,0.02648801559181535
2020-11-11,1,EXTREME_GREED,86.0,0.03596670089126319
2020-11-12,1,EXTREME_GREED,87.0,0.002544313205715576
2020-11-13,1,EXTREME_GREED,89.0,0.024115941361267157
2020-11-16,1,EXTREME_GREED,90.0,0.05410247584413841
2020-11-17,1,EXTREME_GREED,86.0,0.008947999876361634
2020-11-18,1,EXTREME_GREED,91.0,0.0007346200168831807
2020-11-19,1,EXTREME_GREED,94.0,0.0441487626981929
2020-11-20,1,EXTREME_GREED,86.0,-0.01390804252427702
2020-11-23,1,EXTREME_GREED,90.0,0.03968026776556166
2020-11-24,1,EXTREME_GREED,88.0,-0.019839332374638086
2020-11-25,1,EXTREME_GREED,94.0,-0.09067004787981403
2020-11-27,1,EXTREME_GREED,86.0,0.13727715034283183
2020-11-30,1,EXTREME_GREED,88.0,-0.04283053060242914
2020-12-01,1,EXTREME_GREED,95.0,0.020950814137308926
2020-12-02,1,EXTREME_GREED,92.0,0.01264331604618063
2020-12-03,1,EXTREME_GREED,92.0,-0.039099467524232545
2020-12-04,1,EXTREME_GREED,92.0,0.025963300904456754
2020-12-07,1,EXTREME_GREED,94.0,-0.046418459556244906
2020-12-08,1,EXTREME_GREED,95.0,0.01262504102957851
2020-12-09,1,EXTREME_GREED,86.0,-0.01569464022080569
2020-12-10,1,EXTREME_GREED,94.0,-0.011347356530151398
2020-12-11,1,EXTREME_GREED,89.0,0.06369785948872264
2020-12-14,1,EXTREME_GREED,95.0,0.008816158477203628
2020-12-15,1,EXTREME_GREED,91.0,0.09305159757677806
2020-12-16,1,EXTREME_GREED,92.0,0.06778242711074889
2020-12-17,1,EXTREME_GREED,92.0,0.014487680725324026
2020-12-18,1,EXTREME_GREED,95.0,-0.014578895731103603
2020-12-21,1,EXTREME_GREED,92.0,0.04207656794577852
2020-12-22,1,EXTREME_GREED,88.0,-0.02303943666300967
2020-12-23,1,EXTREME_GREED,93.0,0.021057908650393364
2020-12-24,1,EXTREME_GREED,86.0,0.13198225864487778
2020-12-28,1,EXTREME_GREED,92.0,0.010198176486275967
2020-12-29,1,EXTREME_GREED,91.0,0.05262518188935128
2020-12-30,1,EXTREME_GREED,91.0,0.005558802229052917
2020-12-31,1,EXTREME_GREED,95.0,0.09750266904460969
2021-01-04,1,EXTREME_GREED,94.0,0.06128001171320485
2021-01-05,1,EXTREME_GREED,93.0,0.08002182823088066
2021-01-06,1,EXTREME_GREED,95.0,0.06687092425852748
2021-01-07,1,EXTREME_GREED,91.0,0.03559288987944864
2021-01-08,1,EXTREME_GREED,93.0,-0.1372149091811059
2021-01-11,1,EXTREME_GREED,90.0,-0.04731647785882864
2021-01-12,1,EXTREME_GREED,84.0,0.09533972073625585
2021-01-13,1,MODERATE,78.0,0.04892161277885254
2021-01-14,1,EXTREME_GREED,83.0,-0.06216649897230786
2021-01-15,1,EXTREME_GREED,88.0,-0.020730853363922108
2021-01-19,1,EXTREME_GREED,80.0,-0.014579216975338039
2021-01-20,1,MODERATE,78.0,-0.1425281308183599
2021-01-21,1,MODERATE,75.0,0.06833341147530225
2021-01-22,1,MODERATE,40.0,-0.01956152540573597
2021-01-25,1,MODERATE,74.0,0.0062663834606839774
2021-01-26,1,MODERATE,71.0,-0.06787434522440927
2021-01-27,1,MODERATE,78.0,0.09502025954716986
2021-01-28,1,MODERATE,55.0,0.02509007084781789
2021-01-29,1,MODERATE,77.0,-0.022968438634477506
2021-02-01,1,MODERATE,77.0,0.0571679388794204
2021-02-02,1,MODERATE,76.0,0.05377389780153896
2021-02-03,1,MODERATE,78.0,-0.014678676703823168
2021-02-04,1,EXTREME_GREED,80.0,0.0324588533084329
2021-02-05,1,EXTREME_GREED,81.0,0.19152671498584972
2021-02-08,1,EXTREME_GREED,83.0,0.006142619385451464
2021-02-09,1,EXTREME_GREED,95.0,-0.034203203429628015
2021-02-10,1,EXTREME_GREED,92.0,0.06446761605839368
2021-02-11,1,EXTREME_GREED,93.0,-0.008478464657924567
2021-02-12,1,EXTREME_GREED,92.0,0.03505915946635452
2021-02-16,1,EXTREME_GREED,95.0,0.05821415216952164
2021-02-17,1,EXTREME_GREED,95.0,-0.00903822658930431
2021-02-18,1,EXTREME_GREED,91.0,0.07828513543693161
2021-02-19,1,EXTREME_GREED,93.0,-0.030536104024342148
2021-02-22,1,EXTREME_GREED,94.0,-0.10458524450100892
2021-02-23,1,EXTREME_GREED,94.0,0.017881495738120368
2021-02-24,1,MODERATE,76.0,-0.05396975925205161
2021-02-25,1,MODERATE,79.0,-0.016142075456887284
2021-02-26,1,MODERATE,55.0,0.0686201412803884
2021-03-01,1,MODERATE,38.0,-0.025554925208490786
2021-03-02,1,MODERATE,78.0,0.043664727693901506
2021-03-03,1,MODERATE,78.0,-0.0399061221991277
2021-03-04,1,EXTREME_GREED,84.0,0.007511420176535832
2021-03-05,1,MODERATE,77.0,0.06563773283660579
2021-03-08,1,EXTREME_GREED,81.0,0.0481568402532353
2021-03-09,1,EXTREME_GREED,81.0,0.021374179798027804
2021-03-10,1,MODERATE,68.0,0.031573000390297645
2021-03-11,1,MODERATE,73.0,-0.008216872853115564
2021-03-12,1,MODERATE,70.0,-0.02516733981439767
2021-03-15,1,MODERATE,76.0,0.015929471547609042
2021-03-16,1,MODERATE,71.0,0.03572418708035774
2021-03-17,1,MODERATE,71.0,-0.017339151916613282
2021-03-18,1,MODERATE,72.0,0.00839431905058019
2021-03-19,1,MODERATE,71.0,-0.06766666430965462
2021-03-22,1,MODERATE,70.0,0.0038401154329439358
2021-03-23,1,MODERATE,66.0,-0.036551757777657734
2021-03-24,1,MODERATE,65.0,-0.02048543291555638
2021-03-25,1,MODERATE,60.0,0.0642884193198936
2021-03-26,1,MODERATE,54.0,0.046300134235436996
2021-03-29,1,MODERATE,72.0,0.020014609919984272
2021-03-30,1,MODERATE,72.0,1.9359447593458867e-05
2021-03-31,1,MODERATE,76.0,0.002999232878688085
2021-04-01,1,MODERATE,74.0,-0.0006420398652886572
2021-04-05,1,MODERATE,71.0,-0.014763897549621596
2021-04-06,1,MODERATE,75.0,-0.03752887085316425
2021-04-07,1,MODERATE,72.0,0.03978767570422681
2021-04-08,1,MODERATE,73.0,-0.0013545498361147157
2021-04-09,1,MODERATE,70.0,0.02790888348592424
2021-04-12,1,MODERATE,74.0,0.05852714345026766
2021-04-13,1,MODERATE,74.0,-0.006219938149170989
2021-04-14,1,MODERATE,75.0,0.00323225111697667
2021-04-15,1,MODERATE,79.0,-0.027886621874568585
2021-04-16,1,MODERATE,78.0,-0.09980433631732111
2021-04-19,1,MODERATE,74.0,0.013347500558966052
2021-04-20,1,MODERATE,73.0,-0.04651974554182736
2021-04-21,1,MODERATE,73.0,-0.040581883746807046
2021-04-22,1,MODERATE,65.0,-0.013001302685204275
2021-04-23,1,MODERATE,55.0,0.055726546342877326
2021-04-26,1,MODERATE,27.0,0.018548319148653736
2021-04-27,1,MODERATE,50.0,-0.003794255373736455
2021-04-28,1,MODERATE,59.0,-0.023429673825133168
2021-04-29,1,MODERATE,52.0,0.0754151877209619
2021-04-30,1,MODERATE,51.0,-0.00956737302451005
2021-05-03,1,MODERATE,61.0,-0.06999363622377697
2021-05-04,1,MODERATE,68.0,0.07389708647447679
2021-05-05,1,MODERATE,48.0,-0.018055093557641788
2021-05-06,1,MODERATE,65.0,0.016877096781434897
2021-05-07,1,MODERATE,64.0,-0.026439549490953507
2021-05-10,1,MODERATE,72.0,0.015009957344289226
2021-05-11,1,MODERATE,61.0,-0.14296714677303712
2021-05-12,1,MODERATE,68.0,0.011442928110092732
2021-05-13,1,MODERATE,31.0,0.003300186759766177
2021-05-14,1,MODERATE,26.0,-0.1360079447719833
2021-05-17,1,MODERATE,27.0,-0.014531934084628162
2021-05-18,1,MODERATE,21.0,-0.14810707635188658
2021-05-19,1,MODERATE,23.0,0.09727501612395995
2021-05-20,1,EXTREME_FEAR,11.0,-0.08913981683679184
2021-05-21,1,EXTREME_FEAR,19.0,0.03687502846555324
2021-05-24,1,EXTREME_FEAR,10.0,-0.007878782581024257
2021-05-25,1,MODERATE,22.0,0.022961565812768647
2021-05-26,1,MODERATE,22.0,-0.02205718107153487
2021-05-27,1,MODERATE,27.0,-0.0739361115014423
2021-05-28,1,MODERATE,21.0,0.02728231619618171
2021-06-01,1,EXTREME_FEAR,20.0,0.023977788702313818
2021-06-02,1,MODERATE,23.0,0.04255661695137003
2021-06-03,1,MODERATE,24.0,-0.060840387267125706
2021-06-04,1,MODERATE,27.0,-0.09470399835993071
2021-06-07,1,EXTREME_FEAR,15.0,-0.0026277750634577934
2021-06-08,1,EXTREME_FEAR,13.0,0.1094741023821375
2021-06-09,1,EXTREME_FEAR,14.0,-0.017354742993128225
2021-06-10,1,MODERATE,21.0,0.017067578415986162
2021-06-11,1,MODERATE,21.0,0.07441139422057264
2021-06-14,1,MODERATE,28.0,0.0046584533275275675
2021-06-15,1,MODERATE,38.0,-0.05230703159614403
2021-06-16,1,MODERATE,33.0,-0.007684760787668887
2021-06-17,1,MODERATE,26.0,-0.06140159139173651
2021-06-18,1,MODERATE,25.0,-0.12201039035218075
2021-06-21,1,MODERATE,23.0,0.02583304760939309
2021-06-22,1,EXTREME_FEAR,10.0,0.03676667515561305
2021-06-23,1,EXTREME_FEAR,14.0,0.02747569985764331
2021-06-24,1,MODERATE,22.0,-0.09130465397426257
2021-06-25,1,MODERATE,27.0,0.08470225042447654
2021-06-28,1,MODERATE,25.0,0.0407851211241399
2021-06-29,1,MODERATE,25.0,-0.023325202965852387
2021-06-30,1,MODERATE,28.0,-0.04281824560087455
2021-07-01,1,MODERATE,28.0,0.009632020913439732
2021-07-02,1,MODERATE,21.0,0.00992631985005743
2021-07-06,1,EXTREME_FEAR,20.0,-0.011157826650301184
2021-07-07,1,MODERATE,28.0,-0.029311778537964184
2021-07-08,1,EXTREME_FEAR,20.0,0.027617363447873133
2021-07-09,1,EXTREME_FEAR,20.0,-0.019182874907549552
2021-07-12,1,MODERATE,25.0,-0.0137820864258007
2021-07-13,1,EXTREME_FEAR,20.0,0.0036725998364308676
2021-07-14,1,MODERATE,21.0,-0.03224946835684239
2021-07-15,1,EXTREME_FEAR,20.0,-0.011366530858486268
2021-07-16,1,MODERATE,22.0,-0.01940013065818902
2021-07-19,1,MODERATE,24.0,-0.033338555734212294
2021-07-20,1,EXTREME_FEAR,19.0,0.07443417235693217
2021-07-21,1,EXTREME_FEAR,10.0,0.0062837888821696275
2021-07-22,1,MODERATE,21.0,0.03850394227190468
2021-07-23,1,MODERATE,23.0,0.10602229284594045
2021-07-26,1,MODERATE,26.0,0.05394285348803618
2021-07-27,1,MODERATE,32.0,0.014835126516455466
2021-07-28,1,MODERATE,50.0,0.0003128737005964055
2021-07-29,1,MODERATE,50.0,0.05417223065261845
2021-07-30,1,MODERATE,53.0,-0.07453583859567314
2021-08-02,1,MODERATE,48.0,-0.027122491205131993
2021-08-03,1,MODERATE,48.0,0.04094316463847636
2021-08-04,1,MODERATE,42.0,0.027838357371246625
2021-08-05,1,MODERATE,50.0,0.04653814062641626
2021-08-06,1,MODERATE,52.0,0.07962999964675466
2021-08-09,1,MODERATE,65.0,-0.01697414139260811
2021-08-10,1,MODERATE,71.0,0.00018876057234118448
2021-08-11,1,MODERATE,70.0,-0.02589175354420048
2021-08-12,1,MODERATE,70.0,0.07300947971891736
2021-08-13,1,MODERATE,70.0,-0.03814700916556424
2021-08-16,1,MODERATE,72.0,-0.02886919903458729
2021-08-17,1,MODERATE,72.0,0.002364966650012068
2021-08-18,1,MODERATE,73.0,0.0418858533323494
2021-08-19,1,MODERATE,70.0,0.05459790698385336
2021-08-20,1,MODERATE,70.0,0.0041861208450781895
2021-08-23,1,MODERATE,79.0,-0.03784489433094973
2021-08-24,1,MODERATE,79.0,0.025960121950429516
2021-08-25,1,MODERATE,73.0,-0.04210229745237526
2021-08-26,1,MODERATE,75.0,0.04409943030226682
2021-08-27,1,MODERATE,71.0,-0.0417000891442576
2021-08-30,1,MODERATE,73.0,0.002371071858731977
2021-08-31,1,MODERATE,73.0,0.03500565378801723
2021-09-01,1,MODERATE,71.0,0.009792724788171503
2021-09-02,1,MODERATE,74.0,0.014044128006187595
2021-09-03,1,MODERATE,74.0,-0.06640940489713842
2021-09-07,1,MODERATE,79.0,-0.015494793572990995
2021-09-08,1,MODERATE,47.0,0.0064883905339532255
2021-09-09,1,MODERATE,45.0,-0.03303518664446581
2021-09-10,1,MODERATE,46.0,0.0017621978864763577
2021-09-13,1,MODERATE,44.0,0.046272006777909214
2021-09-14,1,MODERATE,30.0,0.022754601314509015
2021-09-15,1,MODERATE,49.0,-0.008190739435938621
2021-09-16,1,MODERATE,53.0,-0.01085407970927843
2021-09-17,1,MODERATE,48.0,-0.09826240691849586
2021-09-20,1,MODERATE,50.0,-0.05148826786332683
2021-09-21,1,MODERATE,27.0,0.06839960199678297
2021-09-22,1,MODERATE,21.0,0.02985630902322467
2021-09-23,1,MODERATE,27.0,-0.04686219528987534
2021-09-24,1,MODERATE,33.0,-0.014199853523481298
2021-09-27,1,MODERATE,26.0,-0.02885233294774192
2021-09-28,1,MODERATE,25.0,0.012828924814572318
2021-09-29,1,MODERATE,24.0,0.05218276011816414
2021-09-30,1,EXTREME_FEAR,20.0,0.09420841893127974
2021-10-01,1,MODERATE,27.0,0.02048744985142248
2021-10-04,1,MODERATE,54.0,0.04774761053468457
2021-10-05,1,MODERATE,59.0,0.07201410137731079
2021-10-06,1,MODERATE,68.0,-0.028498794333346122
2021-10-07,1,MODERATE,76.0,0.0030037607441677494
2021-10-08,1,MODERATE,74.0,0.0631319193015134
2021-10-11,1,MODERATE,71.0,-0.02543576350608534
2021-10-12,1,MODERATE,78.0,0.02397881481648345
2021-10-13,1,MODERATE,70.0,-0.0013872457018979656
2021-10-14,1,MODERATE,70.0,0.07188745837457877
2021-10-15,1,MODERATE,71.0,0.006991272784242719
2021-10-18,1,MODERATE,78.0,0.03541344366049981
2021-10-19,1,MODERATE,75.0,0.02657783454203555
2021-10-20,1,EXTREME_GREED,82.0,-0.05902766839072915
2021-10-21,1,EXTREME_GREED,84.0,-0.02470225108270485
2021-10-22,1,MODERATE,75.0,0.03795038687769314
2021-10-25,1,MODERATE,72.0,-0.04337718610106234
2021-10-26,1,MODERATE,76.0,-0.031663843863682706
2021-10-27,1,MODERATE,73.0,0.0359344915880242
2021-10-28,1,MODERATE,66.0,0.026144375505153583
2021-10-29,1,MODERATE,70.0,-0.019858399094867973
2021-11-01,1,MODERATE,74.0,0.03577587734847332
2021-11-02,1,MODERATE,73.0,-0.0040628056171501115
2021-11-03,1,MODERATE,76.0,-0.024399034254608987
2021-11-04,1,MODERATE,73.0,-0.005328129187967878
2021-11-05,1,MODERATE,73.0,0.10018515094229108
2021-11-08,1,MODERATE,75.0,-0.008845099182201333
2021-11-09,1,EXTREME_GREED,84.0,-0.02995816542044527
2021-11-10,1,MODERATE,75.0,-0.0006967481072823745
2021-11-11,1,MODERATE,77.0,-0.012300437518713014
2021-11-12,1,MODERATE,74.0,-0.009365857500371
2021-11-15,1,MODERATE,72.0,-0.0549224542515836
2021-11-16,1,MODERATE,71.0,0.0034309649222337146
2021-11-17,1,MODERATE,52.0,-0.05842375040330894
2021-11-18,1,MODERATE,54.0,0.020466973046305625
2021-11-19,1,MODERATE,34.0,-0.031998310498262184
2021-11-22,1,MODERATE,50.0,0.022481248103212836
2021-11-23,1,MODERATE,33.0,-0.02263871996463873
2021-11-24,1,MODERATE,42.0,-0.04936196286050176
2021-11-26,1,MODERATE,47.0,0.07611754010353455
2021-11-29,1,MODERATE,33.0,-0.013955922421075018
2021-11-30,1,MODERATE,40.0,0.003928780734843151
2021-12-01,1,MODERATE,34.0,-0.013227302108743011
2021-12-02,1,MODERATE,32.0,-0.052331585665341906
2021-12-03,1,MODERATE,31.0,-0.05790820753128778
2021-12-06,1,EXTREME_FEAR,16.0,0.0023194677368667538
2021-12-07,1,MODERATE,25.0,-0.0038592862213868706
2021-12-08,1,MODERATE,28.0,-0.05772155580847649
2021-12-09,1,MODERATE,29.0,-0.009035819421615354
2021-12-10,1,MODERATE,24.0,-0.010764521753285905
2021-12-13,1,MODERATE,28.0,-0.0026748276204264787
2021-12-14,1,MODERATE,21.0,0.04783877809998116
2021-12-15,1,MODERATE,28.0,-0.025504064198458964
2021-12-16,1,MODERATE,29.0,-0.031180093256039765
2021-12-17,1,MODERATE,23.0,0.014570845851164194
2021-12-20,1,MODERATE,25.0,0.04292879288746709
2021-12-21,1,MODERATE,27.0,-0.006315834406489085
2021-12-22,1,MODERATE,45.0,0.04338193932958623
2021-12-23,1,MODERATE,34.0,-0.002841927568294933
2021-12-27,1,MODERATE,40.0,-0.06215142651197647
2021-12-28,1,MODERATE,41.0,-0.02433601195634183
2021-12-29,1,MODERATE,27.0,0.01566773871313254
2021-12-30,1,MODERATE,22.0,-0.018649172756865173
2021-12-31,1,MODERATE,28.0,0.0032700420519844453
2022-01-03,1,MODERATE,29.0,-0.012138934663861178
2022-01-04,1,MODERATE,23.0,-0.05206628845481265
2022-01-05,1,MODERATE,24.0,-0.009410297303589887
2022-01-06,1,EXTREME_FEAR,15.0,-0.037847988650375086
2022-01-07,1,EXTREME_FEAR,18.0,0.006317171772508345
2022-01-10,1,MODERATE,23.0,0.0216334106374394
2022-01-11,1,MODERATE,21.0,0.027993907251911754
2022-01-12,1,MODERATE,22.0,-0.031375827952069946
2022-01-13,1,MODERATE,21.0,0.01185966469582267
2022-01-14,1,MODERATE,21.0,-0.016942519184628857
2022-01-18,1,MODERATE,24.0,-0.0150099104428707
2022-01-19,1,MODERATE,24.0,-0.025816743095603778
2022-01-20,1,MODERATE,24.0,-0.10960468291544001
2022-01-21,1,EXTREME_FEAR,19.0,0.005389352048233764
2022-01-24,1,EXTREME_FEAR,13.0,0.008142486826951068
2022-01-25,1,EXTREME_FEAR,12.0,-0.002760824449565602
2022-01-26,1,MODERATE,23.0,0.007733837890785855
2022-01-27,1,EXTREME_FEAR,20.0,0.01724750509041506
2022-01-28,1,MODERATE,24.0,0.018325313348447336
2022-01-31,1,EXTREME_FEAR,20.0,0.006737318502634038
2022-02-01,1,MODERATE,26.0,-0.04731073995912283
2022-02-02,1,MODERATE,28.0,0.0054412158319916415
2022-02-03,1,EXTREME_FEAR,20.0,0.11062688345744709
2022-02-04,1,EXTREME_FEAR,20.0,0.05483863574338099
2022-02-07,1,MODERATE,45.0,0.006324808965338491
2022-02-08,1,MODERATE,48.0,0.004982113681997413
2022-02-09,1,MODERATE,54.0,-0.017603393781388865
2022-02-10,1,MODERATE,50.0,-0.02692112605517183
2022-02-11,1,MODERATE,50.0,0.004211566272222411
2022-02-14,1,MODERATE,46.0,0.04563060448724077
2022-02-15,1,MODERATE,46.0,-0.013855295049898686
2022-02-16,1,MODERATE,51.0,-0.08108233071910442
2022-02-17,1,MODERATE,52.0,-0.012586526423760569
2022-02-18,1,MODERATE,30.0,-0.0445685601614807
2022-02-22,1,EXTREME_FEAR,20.0,-0.02618363461542028
2022-02-23,1,MODERATE,25.0,0.027399579951549846
2022-02-24,1,MODERATE,23.0,0.02273845059530588
2022-02-25,1,MODERATE,27.0,0.0966444670528177
2022-02-28,1,EXTREME_FEAR,20.0,0.026533380332524725
2022-03-01,1,MODERATE,51.0,-0.009753715935407303
2022-03-02,1,MODERATE,52.0,-0.03409447865241333
2022-03-03,1,MODERATE,39.0,-0.08128527556523557
2022-03-04,1,MODERATE,33.0,-0.027866346094458594
2022-03-07,1,MODERATE,23.0,0.01758473821596107
2022-03-08,1,MODERATE,21.0,0.08046083301385853
2022-03-09,1,MODERATE,22.0,-0.06254685680053029
2022-03-10,1,MODERATE,28.0,-0.016425482290646443
2022-03-11,1,MODERATE,22.0,0.02222273623921689
2022-03-14,1,MODERATE,23.0,-0.008302471898178121
2022-03-15,1,MODERATE,21.0,0.04486546767420041
2022-03-16,1,MODERATE,24.0,-0.004690916877794216
2022-03-17,1,MODERATE,27.0,0.02053851797493622
2022-03-18,1,MODERATE,25.0,-0.01745139734142076
2022-03-21,1,MODERATE,30.0,0.030703791309973694
2022-03-22,1,MODERATE,26.0,0.012531246090632164
2022-03-23,1,MODERATE,31.0,0.02459372596578513
2022-03-24,1,MODERATE,40.0,0.008782716407665703
2022-03-25,1,MODERATE,47.0,0.06078330404132459
2022-03-28,1,MODERATE,60.0,0.007140599739190234
2022-03-29,1,MODERATE,56.0,-0.008527995234730135
2022-03-30,1,MODERATE,55.0,-0.03291800954258317
2022-03-31,1,MODERATE,52.0,0.01618345401001786
2022-04-01,1,MODERATE,50.0,0.0073415914485093214
2022-04-04,1,MODERATE,52.0,-0.023144860605896156
2022-04-05,1,MODERATE,53.0,-0.052945705100574836
2022-04-06,1,MODERATE,48.0,0.00685292423153272
2022-04-07,1,MODERATE,34.0,-0.02835397225893721
2022-04-08,1,MODERATE,37.0,-0.06764040584223352
2022-04-11,1,MODERATE,32.0,0.015198991801760986
2022-04-12,1,EXTREME_FEAR,20.0,0.025576417495490444
2022-04-13,1,MODERATE,25.0,-0.030364373354540897
2022-04-14,1,MODERATE,28.0,0.0220583518698676
2022-04-18,1,MODERATE,24.0,0.016435294339235407
2022-04-19,1,MODERATE,27.0,-0.0030978678462108
2022-04-20,1,MODERATE,27.0,-0.020684439708319458
2022-04-21,1,MODERATE,27.0,-0.019611085251918903
2022-04-22,1,MODERATE,26.0,0.017905729165172746
2022-04-25,1,MODERATE,23.0,-0.059599556988547464
2022-04-26,1,MODERATE,27.0,0.029052734994520213
2022-04-27,1,MODERATE,21.0,0.013483906721524885
2022-04-28,1,MODERATE,24.0,-0.029702353660828962
2022-04-29,1,MODERATE,23.0,-0.0020870367517005217
2022-05-02,1,MODERATE,28.0,-0.020422241840900135
2022-05-03,1,MODERATE,27.0,0.05031267753299162
2022-05-04,1,MODERATE,21.0,-0.08194136472907676
2022-05-05,1,MODERATE,27.0,-0.014713780107637131
2022-05-06,1,MODERATE,22.0,-0.17360786110208748
2022-05-09,1,EXTREME_FEAR,11.0,0.023678692386482902
2022-05-10,1,EXTREME_FEAR,10.0,-0.06962706368652105
2022-05-11,1,EXTREME_FEAR,12.0,0.003842315640512295
2022-05-12,1,EXTREME_FEAR,12.0,0.008069582993285085
2022-05-13,1,EXTREME_FEAR,10.0,0.019606831133802016
2022-05-16,1,EXTREME_FEAR,14.0,0.01867531097186781
2022-05-17,1,EXTREME_FEAR,8.0,-0.05768962303395386
2022-05-18,1,EXTREME_FEAR,12.0,0.05401747251089617
2022-05-19,1,EXTREME_FEAR,13.0,-0.03742660999960212
2022-05-20,1,EXTREME_FEAR,13.0,-0.003493337644354666
2022-05-23,1,EXTREME_FEAR,10.0,0.018949781767069185
2022-05-24,1,EXTREME_FEAR,12.0,-0.0031485281301595336
2022-05-25,1,EXTREME_FEAR,11.0,-0.01003369954487221
2022-05-26,1,EXTREME_FEAR,12.0,-0.02209788902256382
2022-05-27,1,EXTREME_FEAR,12.0,0.1048540669738014
2022-05-31,1,EXTREME_FEAR,16.0,-0.06474693067083526
2022-06-01,1,EXTREME_FEAR,17.0,0.022182633910984517
2022-06-02,1,EXTREME_FEAR,13.0,-0.025365289710191474
2022-06-03,1,EXTREME_FEAR,10.0,0.05457857235495722
2022-06-06,1,EXTREME_FEAR,13.0,-0.006883334658869922
2022-06-07,1,EXTREME_FEAR,15.0,-0.030672946983430815
2022-06-08,1,EXTREME_FEAR,17.0,-0.0033934595457949523
2022-06-09,1,EXTREME_FEAR,11.0,-0.034742219237799965
2022-06-10,1,EXTREME_FEAR,13.0,-0.2572268307057921
2022-06-13,1,EXTREME_FEAR,11.0,-0.012556416941057358
2022-06-14,1,EXTREME_FEAR,8.0,0.016349175083863465
2022-06-15,1,EXTREME_FEAR,7.0,-0.10211240133010357
2022-06-16,1,EXTREME_FEAR,7.0,0.004397810882562414
2022-06-17,1,EXTREME_FEAR,9.0,0.011612717039855336
2022-06-21,1,EXTREME_FEAR,9.0,-0.03556200532463172
2022-06-22,1,EXTREME_FEAR,11.0,0.05351994965255236
2022-06-23,1,EXTREME_FEAR,11.0,0.006889809613761733
2022-06-24,1,EXTREME_FEAR,11.0,-0.02364711616546944
2022-06-27,1,EXTREME_FEAR,12.0,-0.022179692795419537
2022-06-28,1,EXTREME_FEAR,10.0,-0.008746512259888206
2022-06-29,1,EXTREME_FEAR,13.0,-0.016009711756282075
2022-06-30,1,EXTREME_FEAR,11.0,-0.026393611667962058
2022-07-01,1,EXTREME_FEAR,11.0,0.04667649717684097
2022-07-05,1,EXTREME_FEAR,19.0,0.017582449257883992
2022-07-06,1,EXTREME_FEAR,18.0,0.05165639338861738
2022-07-07,1,EXTREME_FEAR,18.0,0.0043132227124235145
2022-07-08,1,EXTREME_FEAR,20.0,-0.08448618428363852
2022-07-11,1,MODERATE,22.0,-0.03291562138901982
2022-07-12,1,EXTREME_FEAR,16.0,0.044936759944821714
2022-07-13,1,EXTREME_FEAR,15.0,0.017549651263241706
2022-07-14,1,EXTREME_FEAR,18.0,0.01286819704289277
2022-07-15,1,EXTREME_FEAR,15.0,0.07618107481235148
2022-07-18,1,EXTREME_FEAR,20.0,0.03940528200341786
2022-07-19,1,MODERATE,30.0,-0.0067652436363693225
2022-07-20,1,MODERATE,31.0,-0.0028926217700481205
2022-07-21,1,MODERATE,34.0,-0.019601945764881834
2022-07-22,1,MODERATE,33.0,-0.061424899588963244
2022-07-25,1,MODERATE,30.0,-0.005725043826841358
2022-07-26,1,MODERATE,26.0,0.07659542154936116
2022-07-27,1,MODERATE,28.0,0.0390578308920142
2022-07-28,1,MODERATE,32.0,-0.0016476446914401865
2022-07-29,1,MODERATE,39.0,-0.020817634234079896
2022-08-01,1,MODERATE,33.0,-0.014520247082613347
2022-08-02,1,MODERATE,31.0,-0.005744061707541048
2022-08-03,1,MODERATE,34.0,-0.009479525568520941
2022-08-04,1,MODERATE,30.0,0.028675899088160484
2022-08-05,1,MODERATE,31.0,0.02208943826156906
2022-08-08,1,MODERATE,30.0,-0.027470993496375162
2022-08-09,1,MODERATE,42.0,0.03325679505388168
2022-08-10,1,MODERATE,31.0,0.0004127620673678445
2022-08-11,1,MODERATE,41.0,0.01841598205689865
2022-08-12,1,MODERATE,42.0,-0.010953832132927666
2022-08-15,1,MODERATE,45.0,-0.010565706274135445
2022-08-16,1,MODERATE,44.0,-0.023181944883864714
2022-08-17,1,MODERATE,41.0,-0.005295957030778897
2022-08-18,1,MODERATE,30.0,-0.1060266419016862
2022-08-19,1,MODERATE,33.0,0.024665352243595007
2022-08-22,1,MODERATE,29.0,0.00601859385466319
2022-08-23,1,MODERATE,28.0,-0.006200333278529202
2022-08-24,1,MODERATE,25.0,0.009577016652955628
2022-08-25,1,MODERATE,25.0,-0.06408571655966333
2022-08-26,1,MODERATE,27.0,0.0018726075088006944
2022-08-29,1,MODERATE,24.0,-0.025001327783567007
2022-08-30,1,MODERATE,27.0,0.012696624168793913
2022-08-31,1,MODERATE,23.0,0.003851817363534682
2022-09-01,1,EXTREME_FEAR,20.0,-0.007849479691159233
2022-09-02,1,MODERATE,25.0,-0.05836122378176012
2022-09-06,1,MODERATE,22.0,0.023745153749135883
2022-09-07,1,MODERATE,24.0,0.002046070303536651
2022-09-08,1,EXTREME_FEAR,20.0,0.10086009766789072
2022-09-09,1,MODERATE,22.0,0.04523105424810836
2022-09-12,1,MODERATE,25.0,-0.09728219892342405
2022-09-13,1,MODERATE,34.0,-0.0027439686753737424
2022-09-14,1,MODERATE,27.0,-0.02703458624126176
2022-09-15,1,MODERATE,28.0,0.0036162281734326562
2022-09-16,1,EXTREME_FEAR,20.0,-0.011621401308850254
2022-09-19,1,MODERATE,21.0,-0.03400047754708746
2022-09-20,1,MODERATE,23.0,-0.018344813515223768
2022-09-21,1,MODERATE,23.0,0.045641677549128956
2022-09-22,1,MODERATE,22.0,-0.005988576296711012
2022-09-23,1,EXTREME_FEAR,20.0,-0.003892330589121973
2022-09-26,1,MODERATE,21.0,-0.0058500341701693825
2022-09-27,1,EXTREME_FEAR,20.0,0.016409099157190243
2022-09-28,1,EXTREME_FEAR,20.0,0.007504185755091486
2022-09-29,1,MODERATE,22.0,-0.007243323491751497
2022-09-30,1,MODERATE,21.0,0.009821571864517709
2022-10-03,1,MODERATE,24.0,0.03570229570277794
2022-10-04,1,EXTREME_FEAR,20.0,-0.008698206075025139
2022-10-05,1,MODERATE,25.0,-0.010234041758595103
2022-10-06,1,MODERATE,26.0,-0.020687828067475822
2022-10-07,1,MODERATE,23.0,-0.020956191575108307
2022-10-10,1,MODERATE,22.0,-0.004716403712704764
2022-10-11,1,MODERATE,24.0,0.005549896374471008
2022-10-12,1,EXTREME_FEAR,20.0,0.011700026522297735
2022-10-13,1,EXTREME_FEAR,20.0,-0.010228526229371537
2022-10-14,1,MODERATE,24.0,0.018851118942692646
2022-10-17,1,EXTREME_FEAR,20.0,-0.01112732734932853
2022-10-18,1,MODERATE,22.0,-0.010130621895940828
2022-10-19,1,MODERATE,23.0,-0.0044926791591305415
2022-10-20,1,MODERATE,23.0,0.006211910653393549
2022-10-21,1,MODERATE,23.0,0.008988239092956651
2022-10-24,1,MODERATE,22.0,0.03805012559986298
2022-10-25,1,EXTREME_FEAR,20.0,0.033017194358947455
2022-10-26,1,MODERATE,33.0,-0.023607984321621478
2022-10-27,1,MODERATE,32.0,0.01514249257941791
2022-10-28,1,MODERATE,30.0,-0.004846706919258925
2022-10-31,1,MODERATE,31.0,-0.0005124320157945395
2022-11-01,1,MODERATE,30.0,-0.01603042401585497
2022-11-02,1,MODERATE,30.0,0.002501116490787214
2022-11-03,1,MODERATE,30.0,0.045331998247670646
2022-11-04,1,MODERATE,30.0,-0.026081164613568686
2022-11-07,1,MODERATE,33.0,-0.10542864681146102
2022-11-08,1,MODERATE,31.0,-0.1548895481701471
2022-11-09,1,MODERATE,29.0,0.10203740901128422
2022-11-10,1,MODERATE,22.0,-0.03191845360130119
2022-11-11,1,MODERATE,25.0,-0.02473011232748068
2022-11-14,1,MODERATE,24.0,0.01590431717951546
2022-11-15,1,MODERATE,22.0,-0.012825680370738057
2022-11-16,1,MODERATE,23.0,0.0010839194206494485
2022-11-17,1,EXTREME_FEAR,20.0,0.0006146278457023202
2022-11-18,1,MODERATE,23.0,-0.05607080012181531
2022-11-21,1,MODERATE,21.0,0.02517471508039182
2022-11-22,1,MODERATE,22.0,0.02566795698573754
2022-11-23,1,MODERATE,22.0,-0.00536423852736001
2022-11-25,1,EXTREME_FEAR,20.0,-0.018603304167175483
2022-11-28,1,MODERATE,28.0,0.013940464110346107
2022-11-29,1,MODERATE,26.0,0.04305976658394384
2022-11-30,1,MODERATE,29.0,-0.011802068595367365
2022-12-01,1,MODERATE,27.0,0.007136986045805149
2022-12-02,1,MODERATE,27.0,-0.0066836616215847355
2022-12-05,1,MODERATE,26.0,0.006733035250819475
2022-12-06,1,MODERATE,25.0,-0.014224977832437702
2022-12-07,1,MODERATE,29.0,0.022614200081039648
2022-12-08,1,MODERATE,25.0,-0.005838370505888535
2022-12-09,1,MODERATE,26.0,0.004268266909601026
2022-12-12,1,MODERATE,27.0,0.032864788730728844
2022-12-13,1,MODERATE,27.0,0.001928930642171256
2022-12-14,1,MODERATE,30.0,-0.025628381021024382
2022-12-15,1,MODERATE,31.0,-0.04218980898149949
2022-12-16,1,MODERATE,29.0,-0.012561210713320614
2022-12-19,1,MODERATE,29.0,0.02798870508247231
2022-12-20,1,MODERATE,29.0,-0.005264509420176644
2022-12-21,1,MODERATE,26.0,0.0007612154110786529
2022-12-22,1,MODERATE,28.0,-0.0019858084288220113
2022-12-23,1,MODERATE,27.0,-0.00476094440295316
2022-12-27,1,MODERATE,27.0,-0.009895050300250285
2022-12-28,1,MODERATE,28.0,0.005408644825519393
2022-12-29,1,MODERATE,28.0,-0.0023916958787596476
2022-12-30,1,MODERATE,28.0,0.004643386447225173
2023-01-03,1,MODERATE,26.0,0.010934153962035342
2023-01-04,1,MODERATE,29.0,-0.001572817718438646
2023-01-05,1,MODERATE,29.0,0.006820792235553208
2023-01-06,1,MODERATE,26.0,0.014325077364631178
2023-01-09,1,MODERATE,25.0,0.014418133870887417
2023-01-10,1,MODERATE,26.0,0.027621150497731173
2023-01-11,1,MODERATE,26.0,0.050803180490187616
2023-01-12,1,MODERATE,30.0,0.05364921280366863
2023-01-13,1,MODERATE,31.0,0.06098368335642057
2023-01-17,1,MODERATE,51.0,-0.022592831153300685
2023-01-18,1,MODERATE,52.0,0.019055334102897947
2023-01-19,1,MODERATE,45.0,0.07268455261104778
2023-01-20,1,MODERATE,51.0,0.011307874962590447
2023-01-23,1,MODERATE,50.0,-0.013077079200906061
2023-01-24,1,MODERATE,52.0,0.021043184701323492
2023-01-25,1,MODERATE,51.0,-0.003687148593844669
2023-01-26,1,MODERATE,54.0,0.0019930464741650944
2023-01-27,1,MODERATE,55.0,-0.010391893594001056
2023-01-30,1,MODERATE,61.0,0.013012288539514083
2023-01-31,1,MODERATE,51.0,0.024945734590003932
2023-02-01,1,MODERATE,56.0,-0.010674749877368273
2023-02-02,1,MODERATE,60.0,-0.000961136247671579
2023-02-03,1,MODERATE,60.0,-0.029832178395425624
2023-02-06,1,MODERATE,56.0,0.021910195714932912
2023-02-07,1,MODERATE,54.0,-0.014063722484006003
2023-02-08,1,MODERATE,58.0,-0.05007294792111716
2023-02-09,1,MODERATE,55.0,-0.007722817724904574
2023-02-10,1,MODERATE,48.0,0.007221409653118904
2023-02-13,1,MODERATE,48.0,0.01874746605013622
2023-02-14,1,MODERATE,50.0,0.08977000786319622
2023-02-15,1,MODERATE,53.0,-0.02855810148156568
2023-02-16,1,MODERATE,62.0,0.03910624942610064
2023-02-17,1,MODERATE,61.0,-0.005275232239033145
2023-02-21,1,MODERATE,60.0,-0.01018039688100314
2023-02-22,1,MODERATE,59.0,-0.010027916762018196
2023-02-23,1,MODERATE,56.0,-0.03179206740644358
2023-02-24,1,MODERATE,53.0,0.013901645259010054
2023-02-27,1,MODERATE,50.0,-0.01609273087510299
2023-02-28,1,MODERATE,53.0,0.021336804939163678
2023-03-01,1,MODERATE,50.0,-0.0072613502094817095
2023-03-02,1,MODERATE,51.0,-0.04856242572977132
2023-03-03,1,MODERATE,50.0,0.0029950669750121728
2023-03-06,1,MODERATE,48.0,-0.009406138966041588
2023-03-07,1,MODERATE,49.0,-0.02283731506113207
2023-03-08,1,MODERATE,50.0,-0.06442451332853327
2023-03-09,1,MODERATE,44.0,-0.00866965688311383
2023-03-10,1,MODERATE,34.0,0.18119976745792632
2023-03-13,1,MODERATE,49.0,0.022416164797505744
2023-03-14,1,MODERATE,56.0,-0.015069419825617936
2023-03-15,1,MODERATE,50.0,0.027387721969650558
2023-03-16,1,MODERATE,52.0,0.0904308173547872
2023-03-17,1,MODERATE,51.0,0.012440797804941672
2023-03-20,1,MODERATE,66.0,0.014607259457310784
2023-03-21,1,MODERATE,68.0,-0.03130493478602525
2023-03-22,1,MODERATE,62.0,0.03690243092144141
2023-03-23,1,MODERATE,57.0,-0.03011973318555561
2023-03-24,1,MODERATE,61.0,-0.012937246316294448
2023-03-27,1,MODERATE,64.0,0.004714100093914153
2023-03-28,1,MODERATE,59.0,0.038853399312691606
2023-03-29,1,MODERATE,57.0,-0.011169598741333164
2023-03-30,1,MODERATE,60.0,0.01574641488845363
2023-03-31,1,MODERATE,63.0,-0.024464682416771133
2023-04-03,1,MODERATE,63.0,0.013505585874637793
2023-04-04,1,MODERATE,62.0,0.0003512057047059258
2023-04-05,1,MODERATE,62.0,-0.004761257346579395
2023-04-06,1,MODERATE,63.0,0.055782922329660645
2023-04-10,1,MODERATE,62.0,0.01943948956433217
2023-04-11,1,MODERATE,68.0,-0.0031803678161343996
2023-04-12,1,MODERATE,65.0,0.008590133768281438
2023-04-13,1,MODERATE,61.0,0.002845797962018004
2023-04-14,1,MODERATE,68.0,-0.034732053566728815
2023-04-17,1,MODERATE,69.0,0.03183646099781634
2023-04-18,1,MODERATE,58.0,-0.053199536628672384
2023-04-19,1,MODERATE,63.0,-0.02021112661928104
2023-04-20,1,MODERATE,52.0,-0.03491087727171238
2023-04-21,1,MODERATE,50.0,0.009066466769448223
2023-04-24,1,MODERATE,53.0,0.02802320777395395
2023-04-25,1,MODERATE,53.0,0.00405792586858067
2023-04-26,1,MODERATE,56.0,0.03631313286229454
2023-04-27,1,MODERATE,59.0,-0.004540602889751888
2023-04-28,1,MODERATE,64.0,-0.04349121994990157
2023-05-01,1,MODERATE,63.0,0.020749270291120503
2023-05-02,1,MODERATE,55.0,0.011294600825028756
2023-05-03,1,MODERATE,64.0,-0.005482697825375471
2023-05-04,1,MODERATE,64.0,0.02352452363535229
2023-05-05,1,MODERATE,61.0,-0.06432951314172874
2023-05-08,1,MODERATE,60.0,-0.0012826051136456407
2023-05-09,1,MODERATE,51.0,-0.0013393336115541388
2023-05-10,1,MODERATE,52.0,-0.022737627872803978
2023-05-11,1,MODERATE,52.0,-0.007278017155925243
2023-05-12,1,MODERATE,49.0,0.014360237763413775
2023-05-15,1,MODERATE,50.0,-0.005754943306692573
2023-05-16,1,MODERATE,54.0,0.01330594919847039
2023-05-17,1,MODERATE,50.0,-0.020896322938492418
2023-05-18,1,MODERATE,51.0,0.0021562704301694158
2023-05-19,1,MODERATE,48.0,-0.0014458709579601159
2023-05-22,1,MODERATE,49.0,0.013848962643426166
2023-05-23,1,MODERATE,50.0,-0.033270400187896065
2023-05-24,1,MODERATE,50.0,0.005354526205137544
2023-05-25,1,MODERATE,51.0,0.009139332662057464
2023-05-26,1,MODERATE,49.0,0.03613141856908242
2023-05-30,1,MODERATE,51.0,-0.017577792723264984
2023-05-31,1,MODERATE,51.0,-0.014792581991188047
2023-06-01,1,MODERATE,52.0,0.015891611065796285
2023-06-02,1,MODERATE,50.0,-0.05621177715801129
2023-06-05,1,MODERATE,53.0,0.05581511856233612
2023-06-06,1,MODERATE,44.0,-0.033325424120808966
2023-06-07,1,MODERATE,53.0,0.006138366063704437
2023-06-08,1,MODERATE,50.0,-0.0010508601377401394
2023-06-09,1,MODERATE,50.0,-0.02206440345618277
2023-06-12,1,MODERATE,47.0,0.000626326955974088
2023-06-13,1,MODERATE,45.0,-0.031115354032620113
2023-06-14,1,MODERATE,46.0,0.017819375410116356
2023-06-15,1,MODERATE,41.0,0.0289427732653722
2023-06-16,1,MODERATE,47.0,0.07322003984177461
2023-06-20,1,MODERATE,49.0,0.058274213206821246
2023-06-21,1,MODERATE,59.0,-0.0038377235796951403
2023-06-22,1,MODERATE,65.0,0.02584590576815371
2023-06-23,1,MODERATE,65.0,-0.013920564563099092
2023-06-26,1,MODERATE,55.0,0.013682563415242877
2023-06-27,1,MODERATE,59.0,-0.019808917913037627
2023-06-28,1,MODERATE,62.0,0.011865197537731076
2023-06-29,1,MODERATE,54.0,0.0010472432791648334
2023-06-30,1,MODERATE,56.0,0.022040380150182504
2023-07-03,1,MODERATE,62.0,-0.02082991257173683
2023-07-05,1,MODERATE,61.0,-0.020020299639946337
2023-07-06,1,MODERATE,56.0,0.014370909980297997
2023-07-07,1,MODERATE,55.0,0.0023768594721202962
2023-07-10,1,MODERATE,56.0,0.006765948365584418
2023-07-11,1,MODERATE,57.0,-0.007516669538967902
2023-07-12,1,MODERATE,64.0,0.035059117999465705
2023-07-13,1,MODERATE,57.0,-0.036955452769761976
2023-07-14,1,MODERATE,60.0,-0.006222897766458013
2023-07-17,1,MODERATE,54.0,-0.009643886494910214
2023-07-18,1,MODERATE,56.0,0.001919386950283375
2023-07-19,1,MODERATE,50.0,-0.004083626307646249
2023-07-20,1,MODERATE,56.0,0.0039104582531672705
2023-07-21,1,MODERATE,50.0,-0.024773034600598987
2023-07-24,1,MODERATE,55.0,0.0017284554802405871
2023-07-25,1,MODERATE,50.0,0.004355653333464549
2023-07-26,1,MODERATE,51.0,-0.004927238584293336
2023-07-27,1,MODERATE,51.0,0.003709444204533563
2023-07-28,1,MODERATE,52.0,-0.0030447758408087555
2023-07-31,1,MODERATE,50.0,0.015130233826088357
2023-08-01,1,MODERATE,53.0,-0.017807507516909293
2023-08-02,1,MODERATE,53.0,0.000916180779175102
2023-08-03,1,MODERATE,52.0,-0.0035908335462961904
2023-08-04,1,MODERATE,54.0,0.0036558939179263117
2023-08-07,1,MODERATE,49.0,0.0198463869790535
2023-08-08,1,MODERATE,54.0,-0.0068771014170616596
2023-08-09,1,MODERATE,50.0,-0.004471948989328123
2023-08-10,1,MODERATE,53.0,-0.001083746921806572
2023-08-11,1,MODERATE,51.0,0.00036487728740830505
2023-08-14,1,MODERATE,50.0,-0.008129120118753885
2023-08-15,1,MODERATE,53.0,-0.01619358483870381
2023-08-16,1,MODERATE,52.0,-0.0736241200960619
2023-08-17,1,MODERATE,50.0,-0.023334248653811285
2023-08-18,1,MODERATE,37.0,0.0028590665062904197
2023-08-21,1,MODERATE,38.0,-0.0035464695192521933
2023-08-22,1,MODERATE,37.0,0.015248455549160767
2023-08-23,1,MODERATE,37.0,-0.010239565761125169
2023-08-24,1,MODERATE,41.0,-0.004393992436939387
2023-08-25,1,MODERATE,39.0,0.002242690879668663
2023-08-28,1,MODERATE,39.0,0.060249892570851005
2023-08-29,1,MODERATE,39.0,-0.01563428937132283
2023-08-30,1,MODERATE,49.0,-0.05132914544958944
2023-08-31,1,MODERATE,52.0,-0.005054814300673227
2023-09-01,1,MODERATE,40.0,-0.0008042615082999305
2023-09-05,1,MODERATE,40.0,-0.001038013801593296
2023-09-06,1,MODERATE,42.0,0.01873210550195048
2023-09-07,1,MODERATE,41.0,-0.012831149860508706
2023-09-08,1,MODERATE,46.0,-0.029100334535416605
2023-09-11,1,MODERATE,40.0,0.026305127952917395
2023-09-12,1,MODERATE,30.0,0.015173852958685785
2023-09-13,1,MODERATE,41.0,0.011800835130971521
2023-09-14,1,MODERATE,45.0,0.002597241409319162
2023-09-15,1,MODERATE,45.0,0.005456526848983012
2023-09-18,1,MODERATE,46.0,0.016931102662432362
2023-09-19,1,MODERATE,46.0,-0.002911478899391806
2023-09-20,1,MODERATE,47.0,-0.021020467716698077
2023-09-21,1,MODERATE,47.0,0.0004491505408554808
2023-09-22,1,MODERATE,43.0,-0.010631653191114143
2023-09-25,1,MODERATE,47.0,-0.003093569595525203
2023-09-26,1,MODERATE,46.0,0.005153782852789446
2023-09-27,1,MODERATE,44.0,0.025063206234959612
2023-09-28,1,MODERATE,46.0,-0.004072674570297474
2023-09-29,1,MODERATE,48.0,0.022742933188552028
2023-10-02,1,MODERATE,50.0,-0.003668317065944615
2023-10-03,1,MODERATE,50.0,0.013377719302482882
2023-10-04,1,MODERATE,49.0,-0.01389066225584279
2023-10-05,1,MODERATE,48.0,0.01917188378815604
2023-10-06,1,MODERATE,50.0,-0.01307125119080621
2023-10-09,1,MODERATE,50.0,-0.007009006012591579
2023-10-10,1,MODERATE,50.0,-0.019081220842271707
2023-10-11,1,MODERATE,47.0,-0.004345381647177904
2023-10-12,1,MODERATE,45.0,0.003938005783230558
2023-10-13,1,MODERATE,44.0,0.05986029097890788
2023-10-16,1,MODERATE,47.0,-0.0036433994327744745
2023-10-17,1,MODERATE,52.0,-0.0030807197496875993
2023-10-18,1,MODERATE,50.0,0.013724231161473144
2023-10-19,1,MODERATE,52.0,0.032985768982551456
2023-10-20,1,MODERATE,53.0,0.10854453540047482
2023-10-23,1,MODERATE,53.0,0.024342751787773453
2023-10-24,1,MODERATE,66.0,0.01758100112512695
2023-10-25,1,MODERATE,72.0,-0.010083818433932468
2023-10-26,1,MODERATE,71.0,-0.007253169256572045
2023-10-27,1,MODERATE,70.0,0.017323741403016957
2023-10-30,1,MODERATE,68.0,0.004782938801692893
2023-10-31,1,MODERATE,66.0,0.021952875620689483
2023-11-01,1,MODERATE,66.0,-0.014181643038138958
2023-11-02,1,MODERATE,72.0,-0.005911206955145243
2023-11-03,1,MODERATE,65.0,0.008744450364181366
2023-11-06,1,MODERATE,74.0,0.011526405303600162
2023-11-07,1,MODERATE,68.0,0.005955525293475317
2023-11-08,1,MODERATE,66.0,0.02869223982446578
2023-11-09,1,MODERATE,69.0,0.016778346050334125
2023-11-10,1,MODERATE,70.0,-0.021990961965519196
2023-11-13,1,MODERATE,72.0,-0.026784357839794604
2023-11-14,1,MODERATE,69.0,0.06384619927627844
2023-11-15,1,MODERATE,60.0,-0.04662975619066545
2023-11-16,1,MODERATE,70.0,0.012148746966679447
2023-11-17,1,MODERATE,63.0,0.02376864083083552
2023-11-20,1,MODERATE,69.0,-0.04539262192194826
2023-11-21,1,MODERATE,71.0,0.04420138946783636
2023-11-22,1,MODERATE,62.0,0.0076628815081984936
2023-11-24,1,MODERATE,66.0,-0.012434083649412786
2023-11-27,1,MODERATE,66.0,0.01536731361123378
2023-11-28,1,MODERATE,68.0,0.0007241750284947557
2023-11-29,1,MODERATE,72.0,-0.0038571889984724272
2023-11-30,1,MODERATE,74.0,0.025550730114628273
2023-12-01,1,MODERATE,71.0,0.08164678054577368
2023-12-04,1,MODERATE,74.0,0.04882523455972998
2023-12-05,1,MODERATE,75.0,-0.007610515703398546
2023-12-06,1,MODERATE,72.0,-0.010427160036986516
2023-12-07,1,MODERATE,72.0,0.01998568323480021
2023-12-08,1,MODERATE,72.0,-0.0684673076151423
2023-12-11,1,MODERATE,74.0,0.004991678164292246
2023-12-12,1,MODERATE,67.0,0.03416274957103682
2023-12-13,1,MODERATE,65.0,0.0031014611592039554
2023-12-14,1,MODERATE,72.0,-0.025761678809584687
2023-12-15,1,MODERATE,70.0,0.016410875652475898
2023-12-18,1,MODERATE,65.0,-0.008316570718615246
2023-12-19,1,MODERATE,73.0,0.03216473724475044
2023-12-20,1,MODERATE,74.0,0.004956565640048538
2023-12-21,1,MODERATE,70.0,0.00293056578719475
2023-12-22,1,MODERATE,74.0,-0.03415794288831653
2023-12-26,1,MODERATE,71.0,0.021462391204340125
2023-12-27,1,MODERATE,73.0,-0.018938483263033712
2023-12-28,1,MODERATE,73.0,-0.012474379352009013
2023-12-29,1,MODERATE,65.0,0.06569448103967024
2024-01-02,1,MODERATE,71.0,-0.0480649535787554
2024-01-03,1,MODERATE,70.0,0.030607357718285932
2024-01-04,1,MODERATE,68.0,-0.00039008284515262837
2024-01-05,1,MODERATE,72.0,0.061639481427587794
2024-01-08,1,MODERATE,71.0,-0.017845417106438166
2024-01-09,1,MODERATE,76.0,0.010522032751948407
2024-01-10,1,MODERATE,73.0,-0.005574241147522585
2024-01-11,1,MODERATE,76.0,-0.07884262883299376
2024-01-12,1,MODERATE,71.0,0.007017444532681605
2024-01-16,1,MODERATE,64.0,-0.009599712825861584
2024-01-17,1,MODERATE,60.0,-0.035253906004380386
2024-01-18,1,MODERATE,63.0,0.00859912773807392
2024-01-19,1,MODERATE,51.0,-0.05205536175226522
2024-01-22,1,MODERATE,55.0,0.008523584257922101
2024-01-23,1,MODERATE,50.0,0.005793705727985765
2024-01-24,1,MODERATE,48.0,-0.003581157289493042
2024-01-25,1,MODERATE,52.0,0.04607657449481706
2024-01-26,1,MODERATE,49.0,0.034581272575003874
2024-01-29,1,MODERATE,55.0,-0.007783744989935837
2024-01-30,1,MODERATE,61.0,-0.008651552809046947
2024-01-31,1,MODERATE,60.0,0.011514890294239688
2024-02-01,1,MODERATE,63.0,0.0025523745302442613
2024-02-02,1,MODERATE,63.0,-0.012282624189248637
2024-02-05,1,MODERATE,60.0,0.009936804708699176
2024-02-06,1,MODERATE,64.0,0.02822864621028076
2024-02-07,1,MODERATE,62.0,0.021945671282114887
2024-02-08,1,MODERATE,66.0,0.039932995408411553
2024-02-09,1,MODERATE,72.0,0.057912503485299194
2024-02-12,1,MODERATE,70.0,-0.0043285887601174355
2024-02-13,1,MODERATE,79.0,0.041046849510409045
2024-02-14,1,MODERATE,74.0,0.002156009229108413
2024-02-15,1,MODERATE,72.0,0.004258432609761664
2024-02-16,1,MODERATE,72.0,0.0023873204261983805
2024-02-20,1,MODERATE,72.0,-0.008560904315229934
2024-02-21,1,MODERATE,78.0,-0.010358547640014315
2024-02-22,1,MODERATE,74.0,-0.011231806115512555
2024-02-23,1,MODERATE,76.0,0.07205579515539995
2024-02-26,1,MODERATE,72.0,0.04593621644047308
2024-02-27,1,MODERATE,79.0,0.09069529297704282
2024-02-28,1,EXTREME_GREED,82.0,-0.021122414270019707
2024-02-29,1,EXTREME_GREED,80.0,0.020095465788424693
2024-03-01,1,EXTREME_GREED,80.0,0.09013873819592821
2024-03-04,1,EXTREME_GREED,82.0,-0.0685829818149204
2024-03-05,1,EXTREME_GREED,90.0,0.035499700200866346
2024-03-06,1,MODERATE,75.0,0.012308140052515348
2024-03-07,1,EXTREME_GREED,82.0,0.02033131223698814
2024-03-08,1,EXTREME_GREED,81.0,0.054474420871972296
2024-03-11,1,EXTREME_GREED,82.0,-0.008949836049347848
2024-03-12,1,EXTREME_GREED,81.0,0.02216689906407554
2024-03-13,1,EXTREME_GREED,81.0,-0.023352461458382212
2024-03-14,1,EXTREME_GREED,88.0,-0.02830892329200063
2024-03-15,1,EXTREME_GREED,83.0,-0.027093992056055116
2024-03-18,1,MODERATE,77.0,-0.0871207318570082
2024-03-19,1,MODERATE,79.0,0.09251085296877415
2024-03-20,1,MODERATE,74.0,-0.03631867422621338
2024-03-21,1,MODERATE,78.0,-0.02649844665215939
2024-03-22,1,MODERATE,75.0,0.09248642951095909
2024-03-25,1,MODERATE,75.0,0.0004147786065642478
2024-03-26,1,EXTREME_GREED,81.0,-0.007637444542951677
2024-03-27,1,EXTREME_GREED,83.0,0.018397189971880668
2024-03-28,1,EXTREME_GREED,80.0,-0.014850058697842172
2024-04-01,1,MODERATE,79.0,-0.06299090436988575
2024-04-02,1,MODERATE,79.0,0.008123743073320089
2024-04-03,1,MODERATE,71.0,0.037598862711861525
2024-04-04,1,MODERATE,70.0,-0.009845630418288565
2024-04-05,1,MODERATE,79.0,0.05441574582321307
2024-04-08,1,MODERATE,76.0,-0.035413761203788585
2024-04-09,1,EXTREME_GREED,80.0,0.020739301242534758
2024-04-10,1,MODERATE,78.0,-0.007497782584512169
2024-04-11,1,MODERATE,76.0,-0.04174897018143464
2024-04-12,1,MODERATE,79.0,-0.057734547716784324
2024-04-15,1,MODERATE,74.0,0.006061920177228952
2024-04-16,1,MODERATE,65.0,-0.04053958534994484
2024-04-17,1,MODERATE,67.0,0.035841202086147605
2024-04-18,1,MODERATE,57.0,0.00519514287691214
2024-04-19,1,MODERATE,66.0,0.04583111116921357
2024-04-22,1,MODERATE,73.0,-0.006460398489914532
2024-04-23,1,MODERATE,71.0,-0.03260630131627207
2024-04-24,1,MODERATE,72.0,0.003181282769191718
2024-04-25,1,MODERATE,72.0,-0.011328935219016012
2024-04-26,1,MODERATE,70.0,0.0013448775410453973
2024-04-29,1,MODERATE,67.0,-0.05149462971654217
2024-04-30,1,MODERATE,67.0,-0.0400899234806571
2024-05-01,1,MODERATE,54.0,0.014814392549697741
2024-05-02,1,MODERATE,43.0,0.06175720649824812
2024-05-03,1,MODERATE,48.0,0.004317490682288261
2024-05-06,1,MODERATE,71.0,-0.013181929995646602
2024-05-07,1,MODERATE,68.0,-0.01856998625849382
2024-05-08,1,MODERATE,64.0,0.02997730860417902
2024-05-09,1,MODERATE,55.0,-0.036456454635488855
2024-05-10,1,MODERATE,66.0,0.0340982152574274
2024-05-13,1,MODERATE,57.0,-0.02167403811157942
2024-05-14,1,MODERATE,66.0,0.07380429766149854
2024-05-15,1,MODERATE,64.0,-0.015755724397151116
2024-05-16,1,MODERATE,70.0,0.02752283490504781
2024-05-17,1,MODERATE,74.0,0.06350607246678774
2024-05-20,1,MODERATE,70.0,-0.018528857182295244
2024-05-21,1,MODERATE,76.0,-0.014565869510184903
2024-05-22,1,MODERATE,76.0,-0.017406596587757672
2024-05-23,1,MODERATE,76.0,0.008743394668047966
2024-05-24,1,MODERATE,74.0,-0.0033603147248078002
2024-05-28,1,MODERATE,72.0,-0.010570529093847814
2024-05-29,1,MODERATE,72.0,0.011577009906272195
2024-05-30,1,MODERATE,73.0,-0.012860492770805587
2024-05-31,1,MODERATE,73.0,0.019272846723507486
2024-06-03,1,MODERATE,73.0,0.02530022524892539
2024-06-04,1,MODERATE,73.0,0.007272217816602922
2024-06-05,1,MODERATE,75.0,-0.0045918902720174515
2024-06-06,1,MODERATE,78.0,-0.02019455707989204
2024-06-07,1,MODERATE,77.0,0.0024442124416612643
2024-06-10,1,MODERATE,72.0,-0.0318673749178795
2024-06-11,1,MODERATE,74.0,0.013412234174301041
2024-06-12,1,MODERATE,72.0,-0.021998155421161902
2024-06-13,1,MODERATE,70.0,-0.011227334405387701
2024-06-14,1,MODERATE,74.0,0.0072332103389518565
2024-06-17,1,MODERATE,71.0,-0.020505771883152057
2024-06-18,1,MODERATE,74.0,-0.004802521793038972
2024-06-20,1,MODERATE,60.0,-0.011362664075990958
2024-06-21,1,MODERATE,63.0,-0.06142759353533456
2024-06-24,1,MODERATE,51.0,0.025020978589857634
2024-06-25,1,MODERATE,30.0,-0.01620319826406047
2024-06-26,1,MODERATE,46.0,0.012964547863457687
2024-06-27,1,MODERATE,40.0,-0.021073812008611803
2024-06-28,1,MODERATE,47.0,0.04111645532332164
2024-07-01,1,MODERATE,53.0,-0.013180176056290627
2024-07-02,1,MODERATE,51.0,-0.030363202506616505
2024-07-03,1,MODERATE,50.0,-0.06012865679510071
2024-07-05,1,MODERATE,29.0,0.0007537022264223481
2024-07-08,1,MODERATE,28.0,0.02273796411214879
2024-07-09,1,MODERATE,27.0,-0.004608673369846938
2024-07-10,1,MODERATE,28.0,-0.006909245978268697
2024-07-11,1,MODERATE,29.0,0.009623984558104093
2024-07-12,1,MODERATE,25.0,0.1136794739005682
2024-07-15,1,MODERATE,52.0,0.0034931297826732433
2024-07-16,1,MODERATE,65.0,-0.015143242454823236
2024-07-17,1,MODERATE,69.0,-0.002259714160352422
2024-07-18,1,MODERATE,61.0,0.04187942010963552
2024-07-19,1,MODERATE,60.0,0.013032555028362758
2024-07-22,1,MODERATE,70.0,-0.024831503546284717
2024-07-23,1,MODERATE,71.0,-0.008462196557575963
2024-07-24,1,MODERATE,69.0,0.006177613679945848
2024-07-25,1,MODERATE,68.0,0.031939992193196876
2024-07-26,1,MODERATE,68.0,-0.016212518920554198
2024-07-29,1,MODERATE,74.0,-0.009305346230673361
2024-07-30,1,MODERATE,67.0,-0.02418345057748672
2024-07-31,1,MODERATE,61.0,0.011359846111043126
2024-08-01,1,MODERATE,52.0,-0.06221701386487144
2024-08-02,1,MODERATE,57.0,-0.1288293553374953
2024-08-05,1,MODERATE,26.0,0.03713846509911689
2024-08-06,1,EXTREME_FEAR,17.0,-0.01813194562142373
2024-08-07,1,MODERATE,29.0,0.11461585743295788
2024-08-08,1,EXTREME_FEAR,20.0,-0.013541633552667465
2024-08-09,1,MODERATE,48.0,-0.02537837145321009
2024-08-12,1,MODERATE,25.0,0.02092453927711513
2024-08-13,1,MODERATE,31.0,-0.0313783013916642
2024-08-14,1,MODERATE,30.0,-0.02024486209713605
2024-08-15,1,MODERATE,29.0,0.022911430101342667
2024-08-16,1,MODERATE,27.0,0.010125266266796551
2024-08-19,1,MODERATE,28.0,-0.00811202460475724
2024-08-20,1,MODERATE,30.0,0.035987487774751914
2024-08-21,1,MODERATE,26.0,-0.013052114105543522
2024-08-22,1,MODERATE,39.0,0.05966667778992529
2024-08-23,1,MODERATE,34.0,-0.01911765510550567
2024-08-26,1,MODERATE,55.0,-0.05519287756090785
2024-08-27,1,MODERATE,48.0,-0.008040214509266841
2024-08-28,1,MODERATE,30.0,0.006089656742739091
2024-08-29,1,MODERATE,29.0,-0.004534788620027763
2024-08-30,1,MODERATE,34.0,-0.02897578746135876
2024-09-03,1,MODERATE,26.0,0.009367548966836559
2024-09-04,1,MODERATE,27.0,-0.03173873014549167
2024-09-05,1,MODERATE,29.0,-0.040178859905540154
2024-09-06,1,MODERATE,22.0,0.055359336917319535
2024-09-09,1,MODERATE,26.0,0.010973955159393922
2024-09-10,1,MODERATE,33.0,-0.005314110423380924
2024-09-11,1,MODERATE,37.0,0.013576697629400725
2024-09-12,1,MODERATE,31.0,0.04119072290725034
2024-09-13,1,MODERATE,32.0,-0.04006458172414096
2024-09-16,1,MODERATE,39.0,0.03571708866070766
2024-09-17,1,MODERATE,33.0,0.021994330568394727
2024-09-18,1,MODERATE,45.0,0.02072111905391627
2024-09-19,1,MODERATE,49.0,0.004004011647405381
2024-09-20,1,MODERATE,54.0,0.0021628401614279813
2024-09-23,1,MODERATE,50.0,0.015234244172186662
2024-09-24,1,MODERATE,54.0,-0.018185964558888656
2024-09-25,1,MODERATE,59.0,0.03176403065562394
2024-09-26,1,MODERATE,50.0,0.00930962964867832
2024-09-27,1,MODERATE,61.0,-0.03812668937142072
2024-09-30,1,MODERATE,61.0,-0.04015297041725008
2024-10-01,1,MODERATE,50.0,-0.0033625289659382496
2024-10-02,1,MODERATE,42.0,0.002086085373775859
2024-10-03,1,MODERATE,37.0,0.02130028355938718
2024-10-04,1,MODERATE,41.0,0.0027220928069462413
2024-10-07,1,MODERATE,50.0,-0.0016835665376193631
2024-10-08,1,MODERATE,49.0,-0.025261155468464302
2024-10-09,1,MODERATE,49.0,-0.005090366975952776
2024-10-10,1,MODERATE,39.0,0.035378479360447246
2024-10-11,1,MODERATE,32.0,0.05606575349118814
2024-10-14,1,MODERATE,48.0,0.014952642422039863
2024-10-15,1,MODERATE,65.0,0.008490108547449138
2024-10-16,1,MODERATE,73.0,-0.0031535287872273
2024-10-17,1,MODERATE,71.0,0.015004897049665455
2024-10-18,1,MODERATE,73.0,-0.015479556460891164
2024-10-21,1,MODERATE,72.0,-9.567799317777848e-05
2024-10-22,1,MODERATE,70.0,-0.013890438213699063
2024-10-23,1,MODERATE,71.0,0.0256915479674531
2024-10-24,1,MODERATE,69.0,-0.022532133472795035
2024-10-25,1,MODERATE,72.0,0.04783540489337357
2024-10-28,1,MODERATE,72.0,0.03944659057776212
2024-10-29,1,MODERATE,72.0,-0.005252363418187134
2024-10-30,1,MODERATE,77.0,-0.029806220896924973
2024-10-31,1,MODERATE,77.0,-0.010490161236778484
2024-11-01,1,MODERATE,75.0,-0.02434256025804471
2024-11-04,1,MODERATE,70.0,0.02257211249093194
2024-11-05,1,MODERATE,70.0,0.08666903126846393
2024-11-06,1,MODERATE,70.0,0.003507649687478853
2024-11-07,1,MODERATE,77.0,0.008404323339316289
2024-11-08,1,MODERATE,75.0,0.14739159487814169
2024-11-11,1,MODERATE,76.0,-0.008442066269106707
2024-11-12,1,EXTREME_GREED,80.0,0.029444850487761354
2024-11-13,1,EXTREME_GREED,84.0,-0.03749692231881152
2024-11-14,1,EXTREME_GREED,88.0,0.04280211829142644
2024-11-15,1,EXTREME_GREED,80.0,-0.005763697278361235
2024-11-18,1,EXTREME_GREED,83.0,0.01969754318365169
2024-11-19,1,EXTREME_GREED,90.0,0.02138144499843264
2024-11-20,1,EXTREME_GREED,83.0,0.043204637382212585
2024-11-21,1,EXTREME_GREED,82.0,0.004991722095061046
2024-11-22,1,EXTREME_GREED,94.0,-0.0613973994966055
2024-11-25,1,EXTREME_GREED,82.0,-0.012069852534280834
2024-11-26,1,MODERATE,79.0,0.04232881330495708
2024-11-27,1,MODERATE,75.0,0.015499852904074629
2024-11-29,1,MODERATE,78.0,-0.01651353864316807
2024-12-02,1,EXTREME_GREED,80.0,0.0014266034685603834
2024-12-03,1,MODERATE,76.0,0.028408310872006126
2024-12-04,1,MODERATE,78.0,-0.022266865312221995
2024-12-05,1,EXTREME_GREED,84.0,0.03386480176780937
2024-12-06,1,MODERATE,72.0,-0.025214905161649703
2024-12-09,1,MODERATE,78.0,-0.007802793553988163
2024-12-10,1,MODERATE,78.0,0.04547294957076309
2024-12-11,1,MODERATE,74.0,-0.011232138149604332
2024-12-12,1,EXTREME_GREED,83.0,0.014057223472296876
2024-12-13,1,MODERATE,76.0,0.04406210334614169
2024-12-16,1,EXTREME_GREED,83.0,0.0010452246330361348
2024-12-17,1,EXTREME_GREED,87.0,-0.059179154653770105
2024-12-18,1,EXTREME_GREED,81.0,-0.0258259051251426
2024-12-19,1,MODERATE,75.0,0.0027142735531833218
2024-12-20,1,MODERATE,74.0,-0.03190514700325586
2024-12-23,1,MODERATE,70.0,0.041273994068279585
2024-12-24,1,MODERATE,73.0,-0.02962683173406644
2024-12-26,1,MODERATE,79.0,-0.017168804864955423
2024-12-27,1,MODERATE,74.0,-0.01629139565341786
2024-12-30,1,MODERATE,65.0,0.008448290052872398
2024-12-31,1,MODERATE,64.0,0.03634009715049258
2025-01-02,1,MODERATE,70.0,0.01251903875349214
2025-01-03,1,MODERATE,74.0,0.03967496924864866
2025-01-06,1,MODERATE,76.0,-0.05182428297869546
2025-01-07,1,MODERATE,78.0,-0.019578857696565866
2025-01-08,1,MODERATE,70.0,-0.003605583549876279
2025-01-10,1,MODERATE,50.0,-0.0019546741777971555
2025-01-13,1,MODERATE,61.0,0.021121093071559738
2025-01-14,1,MODERATE,63.0,0.04030666140622685
2025-01-15,1,MODERATE,70.0,-0.007466135920999761
2025-01-16,1,MODERATE,75.0,0.046087453886957785
2025-01-17,1,MODERATE,75.0,0.015994264511626444
2025-01-21,1,MODERATE,76.0,-0.023768546993042428
2025-01-22,1,EXTREME_GREED,84.0,0.0029584026842157662
2025-01-23,1,MODERATE,75.0,0.008231811162781266
2025-01-24,1,MODERATE,75.0,-0.026407548872376285
2025-01-27,1,MODERATE,71.0,-0.0074251676153958
2025-01-28,1,MODERATE,72.0,0.023126120746530088
2025-01-29,1,MODERATE,72.0,0.009903181107726589
2025-01-30,1,MODERATE,70.0,-0.022500491172309012
2025-01-31,1,MODERATE,76.0,-0.00980920851373046
2025-02-03,1,MODERATE,44.0,-0.035467893340619394
2025-02-04,1,MODERATE,72.0,-0.0129200487537533
2025-02-05,1,MODERATE,54.0,-0.00022926951799639994
2025-02-06,1,MODERATE,49.0,-0.0006649766736619434
2025-02-07,1,MODERATE,44.0,0.009367336465827769
2025-02-10,1,MODERATE,43.0,-0.01749792436938291
2025-02-11,1,MODERATE,47.0,0.02208831591934768
2025-02-12,1,MODERATE,46.0,-0.012976316589520032
2025-02-13,1,MODERATE,50.0,0.009118577917229143
2025-02-14,1,MODERATE,48.0,-0.020404095780052867
2025-02-18,1,MODERATE,47.0,0.011407035189924919
2025-02-19,1,MODERATE,44.0,0.017421911358032283
2025-02-20,1,MODERATE,49.0,-0.022714094704245458
2025-02-21,1,MODERATE,55.0,-0.050210841304636045
2025-02-24,1,MODERATE,49.0,-0.02977666935499723
2025-02-25,1,MODERATE,25.0,-0.05072808622097069
2025-02-26,1,MODERATE,21.0,0.004225980660951034
2025-02-27,1,EXTREME_FEAR,10.0,-0.003917962993897017
2025-02-28,1,EXTREME_FEAR,16.0,0.019863093489824735
2025-03-03,1,MODERATE,33.0,0.013348200634372365
2025-03-04,1,EXTREME_FEAR,15.0,0.0382554190530362
2025-03-05,1,EXTREME_FEAR,20.0,-0.007329931515325683
2025-03-06,1,MODERATE,25.0,-0.03643837826931051
2025-03-07,1,MODERATE,34.0,-0.09943975615893086
2025-03-10,1,EXTREME_FEAR,20.0,0.05367293406512452
2025-03-11,1,MODERATE,24.0,0.010326959815815329
2025-03-12,1,MODERATE,34.0,-0.03223376776091147
2025-03-13,1,MODERATE,45.0,0.03517658147592462
2025-03-14,1,MODERATE,27.0,0.0012685421831619692
2025-03-17,1,MODERATE,32.0,-0.016274157682194534
2025-03-18,1,MODERATE,34.0,0.048787879453060956
2025-03-19,1,MODERATE,32.0,-0.03142591561831054
2025-03-20,1,MODERATE,49.0,-0.0014737866362901642
2025-03-21,1,MODERATE,31.0,0.04029492824038572
2025-03-24,1,MODERATE,45.0,-0.0003110343685901462
2025-03-25,1,MODERATE,46.0,-0.0065471570368691445
2025-03-26,1,MODERATE,47.0,0.0031735085032362775
2025-03-27,1,MODERATE,40.0,-0.032929565500328994
2025-03-28,1,MODERATE,44.0,-0.021621118796224525
2025-03-31,1,MODERATE,34.0,0.031248520531568236
2025-04-01,1,MODERATE,34.0,-0.032014458322985107
2025-04-02,1,MODERATE,44.0,0.007453656492041105
2025-04-03,1,MODERATE,25.0,0.00887686580650593
2025-04-04,1,MODERATE,28.0,-0.05653323973337043
2025-04-07,1,MODERATE,23.0,-0.03811707626174954
2025-04-08,1,MODERATE,24.0,0.07938900944238103
2025-04-09,1,EXTREME_FEAR,18.0,-0.03635185457740464
2025-04-10,1,MODERATE,39.0,0.04636385379527441
2025-04-11,1,MODERATE,25.0,0.013546780227140509
2025-04-14,1,MODERATE,31.0,-0.010384627625775078
2025-04-15,1,MODERATE,38.0,0.004351453244225034
2025-04-16,1,MODERATE,29.0,0.010204134780154028
2025-04-17,1,MODERATE,30.0,0.030430808280572652
2025-04-21,1,MODERATE,39.0,0.06548491099549603
2025-04-22,1,MODERATE,47.0,0.002748931682265976
2025-04-23,1,MODERATE,72.0,0.0026080137382398227
2025-04-24,1,MODERATE,63.0,0.008233751969906944
2025-04-25,1,MODERATE,60.0,0.002722732530990868
2025-04-28,1,MODERATE,54.0,-0.007333309425444856
2025-04-29,1,MODERATE,60.0,-0.0008220669855227847
2025-04-30,1,MODERATE,56.0,0.023965778896188006
2025-05-01,1,MODERATE,53.0,0.004319853436324017
2025-05-02,1,MODERATE,67.0,-0.022562125541381484
2025-05-05,1,MODERATE,52.0,0.021451265529472074
2025-05-06,1,MODERATE,59.0,0.0023715438242239983
2025-05-07,1,MODERATE,67.0,0.062026403533745444
2025-05-08,1,MODERATE,65.0,-0.0026245719962845193
2025-05-09,1,MODERATE,73.0,-0.001534605395478117
2025-05-12,1,MODERATE,70.0,0.013111031807524043
2025-05-13,1,MODERATE,70.0,-0.006070027639406561
2025-05-14,1,MODERATE,73.0,0.001980148737122711
2025-05-15,1,MODERATE,70.0,-0.0024643811186511044
2025-05-16,1,MODERATE,71.0,0.020248769296537628
2025-05-19,1,MODERATE,74.0,0.01115756871007667
2025-05-20,1,MODERATE,71.0,0.026675054496875905
2025-05-21,1,MODERATE,70.0,0.018027963942364167
2025-05-22,1,MODERATE,72.0,-0.040062562338994745
2025-05-23,1,MODERATE,78.0,0.015783798304086716
2025-05-27,1,MODERATE,74.0,-0.010999457493792164
2025-05-28,1,MODERATE,71.0,-0.02024552800925461
2025-05-29,1,MODERATE,74.0,-0.01567657488761176
2025-05-30,1,MODERATE,60.0,0.0179436873295713
2025-06-02,1,MODERATE,64.0,-0.004250198055930188
2025-06-03,1,MODERATE,64.0,-0.006666084188030386
2025-06-04,1,MODERATE,62.0,-0.0305977318470374
2025-06-05,1,MODERATE,57.0,0.027330353064458635
2025-06-06,1,MODERATE,45.0,0.055013270160229055
2025-06-09,1,MODERATE,62.0,-0.00033431842692444036
2025-06-10,1,MODERATE,71.0,-0.014347388609726064
2025-06-11,1,MODERATE,72.0,-0.02569916684533169
2025-06-12,1,MODERATE,71.0,0.001527347194390405
2025-06-13,1,MODERATE,61.0,0.006630646677074026
2025-06-16,1,MODERATE,61.0,-0.020773336361813666
2025-06-17,1,MODERATE,68.0,0.0026943395038618867
2025-06-18,1,MODERATE,52.0,-0.015118251510210179
2025-06-20,1,MODERATE,54.0,0.021717550170563538
2025-06-23,1,MODERATE,47.0,0.004421629398587257
2025-06-24,1,MODERATE,65.0,0.012329889288552387
2025-06-25,1,MODERATE,66.0,-0.0037444562002866277
2025-06-26,1,MODERATE,74.0,0.0012000060276005087
2025-06-27,1,MODERATE,65.0,0.0004379182730986919
2025-06-30,1,MODERATE,66.0,-0.01350422499373094
2025-07-01,1,MODERATE,64.0,0.02946777720135696
2025-07-02,1,MODERATE,63.0,0.007218611789243212
2025-07-03,1,MODERATE,73.0,-0.012371237699285498
2025-07-07,1,MODERATE,73.0,0.0059877877476886
2025-07-08,1,MODERATE,65.0,0.021576245274881778
2025-07-09,1,MODERATE,66.0,0.04101205071842662
2025-07-10,1,MODERATE,71.0,0.013103070357299185
2025-07-11,1,MODERATE,71.0,0.01965554633240707
2025-07-14,1,MODERATE,74.0,-0.017443885857792107
2025-07-15,1,MODERATE,73.0,0.0081290639509497
2025-07-16,1,MODERATE,70.0,0.004632531543985685
2025-07-17,1,MODERATE,74.0,-0.010844225617985703
2025-07-18,1,MODERATE,73.0,-0.004788327859860608
2025-07-21,1,MODERATE,71.0,0.021529885923986747
2025-07-22,1,MODERATE,72.0,-0.010391307548022866
2025-07-23,1,MODERATE,74.0,-0.0032638027078903953
2025-07-24,1,MODERATE,71.0,-0.006204300770341842
2025-07-25,1,MODERATE,70.0,0.002450275548527614
2025-07-28,1,MODERATE,75.0,-1.9742703547986906e-05
2025-07-29,1,MODERATE,73.0,-0.0007716619716275908
2025-07-30,1,MODERATE,74.0,-0.01774942596736917
2025-07-31,1,MODERATE,72.0,-0.021287126462378403
2025-08-01,1,MODERATE,65.0,0.01534056770113379
2025-08-04,1,MODERATE,64.0,-0.008118573366820758
2025-08-05,1,MODERATE,60.0,0.007737149330479642
2025-08-06,1,MODERATE,54.0,0.021236359971132046
2025-08-07,1,MODERATE,62.0,-0.006902004196733369
2025-08-08,1,MODERATE,74.0,0.01735424794395124
2025-08-11,1,MODERATE,70.0,0.012067410412961888
2025-08-12,1,MODERATE,68.0,0.02604611531030132
2025-08-13,1,MODERATE,73.0,-0.04125044324166849
2025-08-14,1,MODERATE,75.0,-0.00815439709790633
2025-08-15,1,MODERATE,60.0,-0.009809929347404989
2025-08-18,1,MODERATE,60.0,-0.029870220205219233
2025-08-19,1,MODERATE,56.0,0.012712851606869524
2025-08-20,1,MODERATE,44.0,-0.016372327846506884
2025-08-21,1,MODERATE,50.0,0.03886392642477832
2025-08-22,1,MODERATE,50.0,-0.05948697067887743
2025-08-25,1,MODERATE,47.0,0.015125123339528201
2025-08-26,1,MODERATE,48.0,-0.005206553469269348
2025-08-27,1,MODERATE,51.0,0.01182264033331748
2025-08-28,1,MODERATE,48.0,-0.03742335971466293
2025-08-29,1,MODERATE,50.0,0.02540760449203372
2025-09-02,1,MODERATE,49.0,0.004688830576405234
2025-09-03,1,MODERATE,55.0,-0.008987461697768317
2025-09-04,1,MODERATE,51.0,-0.0006560571512497226
2025-09-05,1,MODERATE,48.0,0.01275547032423674
2025-09-08,1,MODERATE,51.0,-0.004837916692699729
2025-09-09,1,MODERATE,48.0,0.02150827089182039
2025-09-10,1,MODERATE,49.0,0.013529013824572278
2025-09-11,1,MODERATE,54.0,0.005129680319349461
2025-09-12,1,MODERATE,57.0,-0.005672338115693343
2025-09-15,1,MODERATE,53.0,0.01203961474068116
2025-09-16,1,MODERATE,52.0,-0.0032118407874519583
2025-09-17,1,MODERATE,53.0,0.005725006775122221
2025-09-18,1,MODERATE,52.0,-0.01244158336217982
2025-09-19,1,MODERATE,53.0,-0.025744596853591872
2025-09-22,1,MODERATE,45.0,-0.0065314166152439235
2025-09-23,1,MODERATE,43.0,0.011663525697123145
2025-09-24,1,MODERATE,44.0,-0.03849187964361578
2025-09-25,1,MODERATE,44.0,0.006066325430558628
2025-09-26,1,MODERATE,28.0,0.041838126518112695
2025-09-29,1,MODERATE,50.0,-0.003014115884239832
2025-09-30,1,MODERATE,50.0,0.03947865276779483
2025-10-01,1,MODERATE,49.0,0.016983874858595094
2025-10-02,1,MODERATE,64.0,0.013050507216426421
2025-10-03,1,MODERATE,63.0,0.02012868084515196
2025-10-06,1,MODERATE,71.0,-0.026817983765198505
2025-10-07,1,MODERATE,70.0,0.015551259305387255
2025-10-08,1,MODERATE,60.0,-0.013460402367050595
2025-10-09,1,MODERATE,70.0,-0.07232182184699054
2025-10-10,1,MODERATE,64.0,0.018003479276781587
2025-10-13,1,MODERATE,38.0,-0.018849163445594286
2025-10-14,1,MODERATE,38.0,-0.020862578290898437
2025-10-15,1,MODERATE,34.0,-0.02372248478317962
2025-10-16,1,MODERATE,28.0,-0.016009839805348758
2025-10-17,1,MODERATE,22.0,0.037977501552313164
2025-10-20,1,MODERATE,29.0,-0.01928283017349619
2025-10-21,1,MODERATE,34.0,-0.0072935622708185655
2025-10-22,1,MODERATE,25.0,0.021870444424777702
2025-10-23,1,MODERATE,27.0,0.008721714285262028
2025-10-24,1,MODERATE,30.0,0.027408881782039707
2025-10-27,1,MODERATE,51.0,-0.010244824086811821
2025-10-28,1,MODERATE,50.0,-0.026016805465766346
2025-10-29,1,MODERATE,51.0,-0.016026638954619532
2025-10-30,1,MODERATE,34.0,0.011480961196285389
2025-10-31,1,MODERATE,29.0,-0.02784621649519714
2025-11-03,1,MODERATE,42.0,-0.04764085753760794
2025-11-04,1,MODERATE,21.0,0.022400061321748765
2025-11-05,1,MODERATE,23.0,-0.025251182491850876
2025-11-06,1,MODERATE,27.0,0.02023892596873411
2025-11-07,1,MODERATE,24.0,0.025068896821942577
2025-11-10,1,MODERATE,29.0,-0.028702546476842006
2025-11-11,1,MODERATE,26.0,-0.013039146642677135
2025-11-12,1,MODERATE,24.0,-0.01952474297658524
2025-11-13,1,EXTREME_FEAR,15.0,-0.05462287113659148
2025-11-14,1,EXTREME_FEAR,16.0,-0.0247092146795187
2025-11-17,1,EXTREME_FEAR,14.0,0.009241173563305338
2025-11-18,1,EXTREME_FEAR,11.0,-0.016082377699809136
2025-11-19,1,EXTREME_FEAR,15.0,-0.05429914313161133
2025-11-20,1,EXTREME_FEAR,11.0,-0.01795049047228936
2025-11-21,1,EXTREME_FEAR,14.0,0.03668907199615923
2025-11-24,1,EXTREME_FEAR,19.0,-0.010576476956754455
2025-11-25,1,EXTREME_FEAR,20.0,0.03572258791333649
2025-11-26,1,EXTREME_FEAR,15.0,0.004419139334075783
2025-11-28,1,MODERATE,25.0,-0.0518924092541555
2025-12-01,1,MODERATE,24.0,0.05662099387030395
2025-12-02,1,MODERATE,23.0,0.023558262011831754
2025-12-03,1,MODERATE,28.0,-0.014931972865932064
2025-12-04,1,MODERATE,26.0,-0.030343059975675324
2025-12-05,1,MODERATE,28.0,0.013914122143271257
2025-12-08,1,EXTREME_FEAR,20.0,0.022381192698197605
2025-12-09,1,MODERATE,22.0,-0.00726283284663598
2025-12-10,1,MODERATE,26.0,0.005314970108148298
2025-12-11,1,MODERATE,29.0,-0.02452142145214742
2025-12-12,1,MODERATE,29.0,-0.0435931669753713
2025-12-15,1,EXTREME_FEAR,16.0,0.016345736935078126
2025-12-16,1,EXTREME_FEAR,11.0,-0.019544833040854304
2025-12-17,1,EXTREME_FEAR,16.0,-0.00793972849776825
2025-12-18,1,EXTREME_FEAR,17.0,0.030433154968407816
2025-12-19,1,EXTREME_FEAR,16.0,0.0043787982301886075
2025-12-22,1,MODERATE,25.0,-0.012234274952953594
2025-12-23,1,MODERATE,24.0,0.0022620761040625936
2025-12-24,1,MODERATE,24.0,-0.0035506895743036004
2025-12-26,1,EXTREME_FEAR,20.0,-0.0018721567577939524
2025-12-29,1,MODERATE,24.0,0.014718097808791075
2025-12-30,1,MODERATE,23.0,-0.01047309934929963
2025-12-31,1,MODERATE,21.0,0.02745530379074479
2026-01-02,1,MODERATE,28.0,0.042849597956119645
2026-01-05,1,MODERATE,26.0,-0.0016366097114999256
2026-01-06,1,MODERATE,44.0,-0.02616896725015172
2026-01-07,1,MODERATE,42.0,-0.003081466892755458
2026-01-08,1,MODERATE,28.0,-0.005662930149506806
2026-01-09,1,MODERATE,27.0,0.007483445204275796
2026-01-12,1,MODERATE,27.0,0.04428028503147807
2026-01-13,1,MODERATE,26.0,0.01672379782187905
2026-01-14,1,MODERATE,48.0,-0.014320038274756364
2026-01-15,1,MODERATE,61.0,-0.00027287855188973253
2026-01-16,1,MODERATE,49.0,-0.07852560653253438
2026-01-20,1,MODERATE,32.0,0.01199932776014867
2026-01-21,1,MODERATE,24.0,0.0009560777691026701
2026-01-22,1,EXTREME_FEAR,20.0,0.0004629013309220831
2026-01-23,1,MODERATE,24.0,-0.013914015434039584
2026-01-26,1,EXTREME_FEAR,20.0,0.009420276564580998
2026-01-27,1,MODERATE,29.0,0.0009198645005419337
2026-01-28,1,MODERATE,29.0,-0.05322794950408305
2026-01-29,1,MODERATE,26.0,-0.005132847429550225
2026-01-30,1,EXTREME_FEAR,16.0,-0.06684685326137574
2026-02-02,1,EXTREME_FEAR,14.0,-0.03960046937497674
2026-02-03,1,EXTREME_FEAR,17.0,-0.035170615941758854
2026-02-04,1,EXTREME_FEAR,14.0,-0.1523344080304474
2026-02-05,1,EXTREME_FEAR,12.0,0.11800318143347699
2026-02-06,1,EXTREME_FEAR,9.0,-0.006178882349972881
2026-02-09,1,EXTREME_FEAR,14.0,-0.019103237589897404
2026-02-10,1,EXTREME_FEAR,9.0,-0.026543221212374624
2026-02-11,1,EXTREME_FEAR,11.0,-0.011562368274835144
2026-02-12,1,EXTREME_FEAR,5.0,0.039033769357155856
2026-02-13,1,EXTREME_FEAR,9.0,-0.02000219782306667
2026-02-17,1,EXTREME_FEAR,10.0,-0.0159636322602148
2026-02-18,1,EXTREME_FEAR,8.0,0.007980125994704768
2026-02-19,1,EXTREME_FEAR,9.0,0.015528995656632238
2026-02-20,1,EXTREME_FEAR,7.0,-0.051113951706289296
2026-02-23,1,EXTREME_FEAR,5.0,-0.00834051043874462
2026-02-24,1,EXTREME_FEAR,8.0,0.05878816281087307
2026-02-25,1,EXTREME_FEAR,11.0,-0.007478610812400532
2026-02-26,1,EXTREME_FEAR,11.0,-0.023580345399758507
2026-02-27,1,EXTREME_FEAR,13.0,0.04299050868799892
2026-03-02,1,EXTREME_FEAR,10.0,-0.00703592140125453
2026-03-03,1,EXTREME_FEAR,14.0,0.06267011054362293
2026-03-04,1,EXTREME_FEAR,10.0,-0.02604718409068818
2026-03-05,1,MODERATE,22.0,-0.03892676222985392
2026-03-06,1,EXTREME_FEAR,18.0,0.0038947290448367866
2026-03-09,1,EXTREME_FEAR,8.0,0.022043063053682754
2026-03-10,1,EXTREME_FEAR,13.0,0.003967140831024452
2026-03-11,1,EXTREME_FEAR,15.0,0.004102088510358648
2026-03-12,1,EXTREME_FEAR,18.0,0.006712861238543422
2026-03-13,1,EXTREME_FEAR,15.0,0.05340139452066106
2026-03-16,1,MODERATE,23.0,-0.01261727856327921
2026-03-17,1,MODERATE,28.0,-0.03688417423341761
2026-03-18,1,MODERATE,26.0,-0.01888416104762758
2026-03-19,1,MODERATE,23.0,0.008684431647448587
2026-03-20,1,EXTREME_FEAR,11.0,0.005546967317594742
2026-03-23,1,EXTREME_FEAR,8.0,-0.005613991531695728
2026-03-24,1,EXTREME_FEAR,11.0,0.011168924480813303
2026-03-25,1,EXTREME_FEAR,14.0,-0.03595291880741591
2026-03-26,1,EXTREME_FEAR,10.0,-0.03631346968520721
2026-03-27,1,EXTREME_FEAR,13.0,0.005308150318369842
2026-03-30,1,EXTREME_FEAR,8.0,0.022856210162579327
2026-03-31,1,EXTREME_FEAR,11.0,-0.0022706442540201266
2026-04-01,1,EXTREME_FEAR,8.0,-0.01763414922887585
2026-04-02,1,EXTREME_FEAR,12.0,0.02904485670954693
2026-04-06,1,EXTREME_FEAR,13.0,0.04376925008864996
2026-04-07,1,EXTREME_FEAR,11.0,-0.01142638659290185
2026-04-08,1,EXTREME_FEAR,17.0,0.009020473987913835
2026-04-09,1,EXTREME_FEAR,14.0,0.01673607145352829
2026-04-10,1,EXTREME_FEAR,16.0,0.020420567184914695
2026-04-13,1,EXTREME_FEAR,12.0,-0.004076670658997195
2026-04-14,1,MODERATE,21.0,0.008369504683729545
2026-04-15,1,MODERATE,23.0,0.0046287244870706346
2026-04-16,1,MODERATE,23.0,0.025937296578403046
2026-04-17,1,MODERATE,21.0,-0.016397184299168366
2026-04-20,1,MODERATE,29.0,0.006309747501944685
2026-04-21,1,MODERATE,33.0,0.023944952373343487
2026-04-22,1,MODERATE,32.0,0.0008417038623198536
2026-04-23,1,MODERATE,46.0,-0.010449855400701313
2026-04-24,1,MODERATE,39.0,-0.0011456710997514996
2026-04-27,1,MODERATE,47.0,-0.013218654490737336
2026-04-28,1,MODERATE,33.0,-0.007553459041740762
2026-04-29,1,MODERATE,26.0,0.006946186875135041
2026-04-30,1,MODERATE,29.0,0.024271509894035592
2026-05-01,1,MODERATE,26.0,0.02087207641722566
2026-05-04,1,MODERATE,40.0,0.013675043806522513
2026-05-05,1,MODERATE,50.0,0.006165248057274031
2026-05-06,1,MODERATE,46.0,-0.01756190835090221
2026-05-07,1,MODERATE,47.0,0.002206954893019919
2026-05-08,1,MODERATE,38.0,0.019041808768491375
2026-05-11,1,MODERATE,48.0,-0.01542274770566765
2026-05-12,1,MODERATE,49.0,-0.015028018231235674
2026-05-13,1,MODERATE,42.0,0.02213214369882177
2026-05-14,1,MODERATE,34.0,-0.02480277513696727
2026-05-15,1,MODERATE,43.0,-0.02706882128954957
2026-05-18,1,MODERATE,28.0,-0.002644879999712302
2026-05-19,1,MODERATE,25.0,0.00916773478361499
2026-05-20,1,MODERATE,27.0,0.0010503232153249442
2026-05-21,1,MODERATE,29.0,-0.026806340702622222
2026-05-22,1,MODERATE,28.0,0.0044608271464761096
2026-05-26,1,MODERATE,34.0,-0.01972531072410888
2026-05-27,1,MODERATE,25.0,-0.010929802661887145
2026-05-28,1,MODERATE,22.0,-0.0022330998228095034
2026-05-29,1,MODERATE,23.0,-0.02837590916286814
2026-06-01,1,MODERATE,29.0,-0.06691384852525806
2026-06-02,1,MODERATE,23.0,-0.041152222290191665
2026-06-03,1,EXTREME_FEAR,11.0,-0.0033296811494372136
2026-06-04,1,EXTREME_FEAR,12.0,-0.04617254262521242
2026-06-05,1,EXTREME_FEAR,12.0,0.03496630588595373
2026-06-08,1,EXTREME_FEAR,8.0,-0.023199274916972268
2026-06-09,1,EXTREME_FEAR,10.0,-0.0031600860854061885
2026-06-10,1,EXTREME_FEAR,9.0,0.033788668524064924
2026-06-11,1,EXTREME_FEAR,12.0,-0.0002809578486746567
2026-06-12,1,EXTREME_FEAR,12.0,0.04231153635390483
2026-06-15,1,EXTREME_FEAR,20.0,-0.01044605208171534
2026-06-16,1,MODERATE,23.0,-0.01818545153086437
2026-06-17,1,MODERATE,22.0,-0.023909926459543263
2026-06-18,1,EXTREME_FEAR,15.0,0.016644367616764022
2026-06-22,1,EXTREME_FEAR,20.0,-0.020283188960272147
2026-06-23,1,MODERATE,23.0,-0.027057191162537242
2026-06-24,1,EXTREME_FEAR,17.0,-0.021099038116469515
2026-06-25,1,EXTREME_FEAR,12.0,0.00492331994858497
2026-06-26,1,EXTREME_FEAR,13.0,0.002029869000670592
2026-06-29,1,EXTREME_FEAR,12.0,-0.02661583028626202
2026-06-30,1,EXTREME_FEAR,15.0,0.02437479889181371
2026-07-01,1,EXTREME_FEAR,11.0,0.024390944088390487
2026-07-02,1,EXTREME_FEAR,19.0,0.040007064909790335
2026-07-06,1,MODERATE,24.0,-0.010961031808177202
2026-07-07,1,MODERATE,27.0,-0.016563965519348578
2026-07-08,1,EXTREME_FEAR,20.0,0.014915682336986258
2026-07-09,1,MODERATE,22.0,0.014671800523155865
2026-07-10,1,MODERATE,23.0,-0.029883926473987854
2026-07-13,1,MODERATE,28.0,0.042728103044261
2026-07-14,1,MODERATE,22.0,-0.0037594109647902663
2026-07-15,1,MODERATE,25.0,-0.014367279855176163
2026-07-16,1,MODERATE,25.0,0.0017257545646935935
2026-07-17,1,MODERATE,27.0,0.020608979682664952
2026-07-20,1,MODERATE,29.0,0.019359107363714267
2026-07-21,1,MODERATE,25.0,-0.00609820997886934
2026-07-22,1,MODERATE,33.0,-0.016104346952909188
2026-07-23,1,MODERATE,31.0,-0.01465555365422766
2026-07-24,1,MODERATE,28.0,-0.00584554527676584
2026-07-27,1,MODERATE,30.0,0.0022957554728575413
2026-07-28,1,MODERATE,29.0,0.0005760654802495768
2026-07-29,1,MODERATE,29.0,0.01270511594195689
2026-07-30,1,MODERATE,28.0,-0.02997835702863738
2026-07-31,1,MODERATE,25.0,0.010250007229939184
2026-08-03,1,MODERATE,28.0,0.009333025393483574
2026-08-04,1,MODERATE,25.0,0.008418741360802562
2026-08-05,1,MODERATE,27.0,-0.005205470783879118
2026-08-06,1,MODERATE,25.0,0.009572120395367367
2026-08-07,1,MODERATE,29.0,-0.015057348174455587
2026-08-10,1,MODERATE,30.0,-0.005628510258813835
2026-08-11,1,MODERATE,29.0,-0.0023542560615523733
2026-08-12,1,MODERATE,27.0,-4.127906065187759e-06
2026-08-13,1,MODERATE,29.0,-0.006750867021094287
2026-08-14,1,MODERATE,29.0,0.024014928349443743
2026-08-17,1,MODERATE,31.0,0.002700847372800741
2026-08-18,1,MODERATE,41.0,0.06849384600270092
2026-08-19,1,MODERATE,46.0,0.05295120538976317
2026-08-20,1,MODERATE,62.0,0.07008881775516329
2026-08-21,1,MODERATE,72.0,0.008001291100338648
2026-08-24,1,MODERATE,73.0,-0.005072177186830729
2026-08-25,1,MODERATE,74.0,0.005868895257053808
2026-08-26,1,MODERATE,65.0,0.015445797722405619
2026-08-27,1,MODERATE,71.0,-0.03071002731309269
2026-08-28,1,MODERATE,73.0,0.009187284246515048
2026-08-31,1,MODERATE,62.0,-0.014684345110772323
2026-09-01,1,MODERATE,69.0,-0.00133349344643241
2026-09-02,1,MODERATE,63.0,0.05009826088836311
2026-09-03,1,MODERATE,65.0,-0.019880567170122543
2026-09-04,1,MODERATE,74.0,-0.01560194014454419
2026-09-08,1,MODERATE,69.0,-0.0022853469652188707
2026-09-09,1,MODERATE,66.0,-0.021849659858284465
2026-09-10,1,MODERATE,69.0,0.007879113269485316
2026-09-11,1,MODERATE,56.0,0.012741306710692069
2026-09-14,1,MODERATE,57.0,-0.03317957065234456
2026-09-15,1,MODERATE,69.0,0.0070875689126119745
2026-09-16,1,MODERATE,51.0,0.0033227998274929504
2018-02-02,5,EXTREME_FEAR,15.0,-0.010675302871869068
2018-02-05,5,EXTREME_FEAR,11.0,0.24953260914517564
2018-02-06,5,EXTREME_FEAR,8.0,0.10335678309839326
2018-02-07,5,MODERATE,36.0,0.21977943008989428
2018-02-08,5,MODERATE,30.0,0.20698710833474449
2018-02-09,5,MODERATE,44.0,0.1581411313051285
2018-02-12,5,MODERATE,42.0,0.24490562370513513
2018-02-13,5,MODERATE,35.0,0.21778055667737545
2018-02-14,5,MODERATE,55.0,0.05235860475104867
2018-02-15,5,MODERATE,71.0,0.013162444212889202
2018-02-16,5,MODERATE,67.0,0.012892987631896793
2018-02-20,5,MODERATE,74.0,-0.0613045103870766
2018-02-21,5,MODERATE,54.0,-0.02774227877563029
2018-02-22,5,MODERATE,44.0,0.09034580825792526
2018-02-23,5,MODERATE,39.0,0.07346851939650333
2018-02-26,5,MODERATE,37.0,0.11010193927306522
2018-02-27,5,MODERATE,44.0,0.005049954351057789
2018-02-28,5,MODERATE,41.0,-0.042467716661319474
2018-03-01,5,MODERATE,38.0,-0.1532521039795585
2018-03-02,5,MODERATE,47.0,-0.17167528284553854
2018-03-05,5,MODERATE,55.0,-0.2289408403354119
2018-03-06,5,MODERATE,59.0,-0.15903982300989955
2018-03-07,5,MODERATE,37.0,-0.18652470138146127
2018-03-08,5,MODERATE,39.0,-0.12381950606874878
2018-03-09,5,MODERATE,37.0,-0.11317857605607097
2018-03-12,5,MODERATE,41.0,-0.06443999754893331
2018-03-13,5,MODERATE,41.0,-0.031079917180538784
2018-03-14,5,MODERATE,40.0,0.07672431295467855
2018-03-15,5,MODERATE,32.0,0.05023089918772339
2018-03-16,5,MODERATE,33.0,0.06289346826902227
2018-03-19,5,MODERATE,29.0,-0.05003997940648725
2018-03-20,5,MODERATE,37.0,-0.1292128950867265
2018-03-21,5,MODERATE,36.0,-0.11560050565623614
2018-03-22,5,MODERATE,36.0,-0.197284284529505
2018-03-23,5,MODERATE,28.0,-0.22594831717960634
2018-03-26,5,MODERATE,31.0,-0.0962460746117242
2018-03-27,5,MODERATE,24.0,-0.1335416336094129
2018-03-28,5,MODERATE,24.0,-0.15512730206502248
2018-03-29,5,EXTREME_FEAR,18.0,-0.0767482144053562
2018-04-02,5,EXTREME_FEAR,11.0,-0.04520155243113011
2018-04-03,5,MODERATE,22.0,-0.08701249027605173
2018-04-04,5,MODERATE,22.0,0.01656508114515337
2018-04-05,5,EXTREME_FEAR,17.0,0.14689308586584093
2018-04-06,5,EXTREME_FEAR,19.0,0.17379366481689199
2018-04-09,5,MODERATE,21.0,0.17413961391874888
2018-04-10,5,EXTREME_FEAR,18.0,0.14510593979190584
2018-04-11,5,EXTREME_FEAR,20.0,0.15828905175270186
2018-04-12,5,EXTREME_FEAR,18.0,0.05006861243194506
2018-04-13,5,MODERATE,23.0,0.11359493905272228
2018-04-17,5,MODERATE,26.0,0.20474085865925615
2018-04-18,5,MODERATE,24.0,0.08027282444680635
2018-04-19,5,MODERATE,25.0,0.11245453808949718
2018-04-20,5,MODERATE,26.0,0.015838460152163086
2018-04-23,5,MODERATE,28.0,0.034086465410627244
2018-04-24,5,MODERATE,29.0,-0.061506900471391034
2018-04-25,5,MODERATE,64.0,0.04316420754309532
2018-04-26,5,MODERATE,47.0,0.04861315530184578
2018-04-27,5,MODERATE,55.0,0.07641957827512671
2018-04-30,5,MODERATE,59.0,0.014232871097555982
2018-05-01,5,MODERATE,56.0,0.01261993637337761
2018-05-02,5,MODERATE,52.0,0.00961801354364636
2018-05-03,5,MODERATE,55.0,-0.07454241145647321
2018-05-04,5,MODERATE,56.0,-0.13904534771960975
2018-05-07,5,MODERATE,56.0,-0.07258320228914482
2018-05-08,5,MODERATE,62.0,-0.0816945750665683
2018-05-09,5,MODERATE,53.0,-0.10820413566166663
2018-05-10,5,MODERATE,63.0,-0.11093240825825625
2018-05-11,5,MODERATE,41.0,-0.022828125022837306
2018-05-14,5,MODERATE,40.0,-0.034761158959449985
2018-05-15,5,MODERATE,40.0,-0.056636156161468984
2018-05-16,5,MODERATE,32.0,-0.10193133355834802
2018-05-17,5,MODERATE,31.0,-0.06468151115881615
2018-05-18,5,MODERATE,37.0,-0.0980792093862957
2018-05-21,5,MODERATE,41.0,-0.11924825804854666
2018-05-22,5,MODERATE,30.0,-0.08228972900178541
2018-05-23,5,MODERATE,26.0,-0.00845739105726162
2018-05-24,5,MODERATE,27.0,-0.006066551133146414
2018-05-25,5,MODERATE,25.0,0.004578997026787351
2018-05-29,5,EXTREME_FEAR,16.0,0.021338846468478806
2018-05-30,5,MODERATE,38.0,0.03286507543136674
2018-05-31,5,MODERATE,25.0,0.024265010250846736
2018-06-01,5,MODERATE,24.0,0.011007323267195696
2018-06-04,5,MODERATE,41.0,-0.08430672741707149
2018-06-05,5,MODERATE,26.0,-0.1481871619474085
2018-06-06,5,MODERATE,42.0,-0.1867867220655926
2018-06-07,5,MODERATE,38.0,-0.1399687327568074
2018-06-08,5,MODERATE,40.0,-0.16632204244717294
2018-06-11,5,EXTREME_FEAR,15.0,-0.02523273892914496
2018-06-12,5,EXTREME_FEAR,19.0,0.028098892724004343
2018-06-13,5,EXTREME_FEAR,19.0,0.06502904469516785
2018-06-14,5,EXTREME_FEAR,17.0,0.008114892752503489
2018-06-15,5,MODERATE,26.0,-0.059488367794561736
2018-06-18,5,MODERATE,27.0,-0.07484077407738204
2018-06-19,5,MODERATE,32.0,-0.10524170094864022
2018-06-20,5,MODERATE,34.0,-0.09585735321274824
2018-06-21,5,MODERATE,37.0,-0.13100132282482074
2018-06-22,5,MODERATE,28.0,0.02188511594075704
2018-06-25,5,EXTREME_FEAR,16.0,0.056765572494663796
2018-06-26,5,MODERATE,21.0,0.06909361559928856
2018-06-27,5,EXTREME_FEAR,18.0,0.07537171676836102
2018-06-28,5,EXTREME_FEAR,20.0,0.12260923800640017
2018-06-29,5,EXTREME_FEAR,16.0,0.08082300905131123
2018-07-02,5,MODERATE,27.0,-0.0439234876781589
2018-07-03,5,MODERATE,31.0,-0.020873050285399486
2018-07-05,5,MODERATE,37.0,-0.06379714489537325
2018-07-06,5,MODERATE,34.0,-0.06747685769889755
2018-07-09,5,MODERATE,39.0,1.1102230246251565e-16
2018-07-10,5,MODERATE,37.0,0.14546003163365903
2018-07-11,5,MODERATE,29.0,0.14205242595125794
2018-07-12,5,MODERATE,33.0,0.18128923167940997
2018-07-13,5,MODERATE,29.0,0.16459444200918724
2018-07-16,5,MODERATE,36.0,0.13434259321472883
2018-07-17,5,MODERATE,39.0,0.14036437023759846
2018-07-18,5,MODERATE,42.0,0.10433857362288654
2018-07-19,5,MODERATE,44.0,0.06289611647835411
2018-07-20,5,MODERATE,47.0,0.10459587821425978
2018-07-23,5,MODERATE,44.0,0.05908869785791729
2018-07-24,5,MODERATE,49.0,-0.07950388562715956
2018-07-25,5,MODERATE,54.0,-0.07044153990289578
2018-07-26,5,MODERATE,53.0,-0.049554163357178965
2018-07-27,5,MODERATE,47.0,-0.09374137190494908
2018-07-30,5,MODERATE,53.0,-0.16275023545776007
2018-07-31,5,MODERATE,48.0,-0.14160824666216404
2018-08-01,5,MODERATE,39.0,-0.18995072581692757
2018-08-02,5,MODERATE,39.0,-0.1415721106921055
2018-08-03,5,MODERATE,36.0,-0.18403643975382278
2018-08-06,5,MODERATE,25.0,-0.09883677396203566
2018-08-07,5,MODERATE,25.0,-0.08550212720511274
2018-08-08,5,MODERATE,23.0,0.00043128998215097303
2018-08-09,5,EXTREME_FEAR,19.0,-0.03619719741524474
2018-08-10,5,MODERATE,21.0,0.06205035682905541
2018-08-13,5,MODERATE,21.0,0.0017388350145742248
2018-08-14,5,EXTREME_FEAR,16.0,0.04556890270398506
2018-08-15,5,EXTREME_FEAR,18.0,0.010751180441749053
2018-08-16,5,MODERATE,21.0,0.031106776893821353
2018-08-17,5,EXTREME_FEAR,19.0,0.020951728696581795
2018-08-20,5,MODERATE,26.0,0.087390211283488
2018-08-21,5,EXTREME_FEAR,19.0,0.0894992596364706
2018-08-22,5,MODERATE,21.0,0.099972436712079
2018-08-23,5,EXTREME_FEAR,18.0,0.06564133384385462
2018-08-24,5,EXTREME_FEAR,19.0,0.046182175852010066
2018-08-27,5,EXTREME_FEAR,18.0,0.06699260892237763
2018-08-28,5,EXTREME_FEAR,19.0,-0.04370301716800962
2018-08-29,5,EXTREME_FEAR,19.0,-0.07634490337818356
2018-08-30,5,MODERATE,22.0,-0.07607218074701844
2018-08-31,5,EXTREME_FEAR,17.0,-0.10601149965092166
2018-09-04,5,MODERATE,26.0,-0.15237637756195038
2018-09-05,5,EXTREME_FEAR,17.0,-0.06712944908141744
2018-09-06,5,EXTREME_FEAR,14.0,-0.0018180944692930412
2018-09-07,5,EXTREME_FEAR,17.0,0.007032526833876673
2018-09-10,5,EXTREME_FEAR,15.0,-0.007691796401136042
2018-09-11,5,EXTREME_FEAR,18.0,0.007894405289033235
2018-09-12,5,EXTREME_FEAR,14.0,0.007331638892187187
2018-09-13,5,EXTREME_FEAR,20.0,0.00036202606900681555
2018-09-14,5,MODERATE,23.0,0.033554768686540504
2018-09-17,5,MODERATE,25.0,0.048812900113515856
2018-09-18,5,MODERATE,21.0,0.01172922775737234
2018-09-19,5,MODERATE,24.0,0.01496280467649408
2018-09-20,5,MODERATE,24.0,0.023807593032055208
2018-09-21,5,MODERATE,31.0,-0.013576674481573903
2018-09-24,5,MODERATE,43.0,-0.0008782747274161395
2018-09-25,5,MODERATE,37.0,0.016863201366679126
2018-09-26,5,MODERATE,37.0,0.0011678849238858091
2018-09-27,5,MODERATE,42.0,-0.015099771862391975
2018-09-28,5,MODERATE,42.0,-0.003263821245323484
2018-10-01,5,MODERATE,35.0,0.009456432354709388
2018-10-02,5,MODERATE,33.0,0.01311356654976814
2018-10-03,5,MODERATE,36.0,0.01267425023928953
2018-10-04,5,MODERATE,29.0,-0.049952167206303355
2018-10-05,5,MODERATE,37.0,-0.053963356244843164
2018-10-08,5,MODERATE,26.0,-0.008406858797547434
2018-10-09,5,MODERATE,31.0,-0.007029434808753954
2018-10-10,5,MODERATE,28.0,-0.006260452237909775
2018-10-11,5,EXTREME_FEAR,19.0,0.03463325621102492
2018-10-12,5,EXTREME_FEAR,13.0,0.02995988982893244
2018-10-15,5,EXTREME_FEAR,20.0,-0.016720412339864765
2018-10-16,5,MODERATE,24.0,-0.01841713764237346
2018-10-17,5,MODERATE,23.0,-0.0074523850875168884
2018-10-18,5,MODERATE,26.0,-6.483777891574949e-05
2018-10-19,5,MODERATE,24.0,0.001443544014772813
2018-10-22,5,MODERATE,27.0,-0.024109249532226207
2018-10-23,5,MODERATE,24.0,-0.022088345579296675
2018-10-24,5,MODERATE,23.0,-0.0278209975216534
2018-10-25,5,MODERATE,25.0,-0.015327780838218286
2018-10-26,5,MODERATE,29.0,-0.013419898844335032
2018-10-29,5,MODERATE,34.0,0.013649567942596252
2018-10-30,5,MODERATE,31.0,0.019811038664318437
2018-10-31,5,MODERATE,32.0,0.03308745306638494
2018-11-01,5,MODERATE,29.0,0.011836701295623253
2018-11-02,5,MODERATE,36.0,-0.0004414922509549668
2018-11-05,5,MODERATE,42.0,-0.007566356303064292
2018-11-06,5,MODERATE,42.0,-0.015837393735697092
2018-11-07,5,MODERATE,48.0,-0.12925667392490875
2018-11-08,5,MODERATE,51.0,-0.13334996827776924
2018-11-09,5,MODERATE,47.0,-0.13565767354784436
2018-11-12,5,MODERATE,52.0,-0.2683989315972491
2018-11-13,5,MODERATE,56.0,-0.3566239633610928
2018-11-14,5,MODERATE,49.0,-0.22064381516426046
2018-11-15,5,MODERATE,28.0,-0.26179554870894456
2018-11-16,5,MODERATE,23.0,-0.3888971387568392
2018-11-19,5,MODERATE,28.0,-0.2429610143713461
2018-11-20,5,MODERATE,21.0,-0.04466093429286411
2018-11-21,5,EXTREME_FEAR,15.0,-0.0728444084977552
2018-11-23,5,EXTREME_FEAR,12.0,-0.0789090173613547
2018-11-26,5,EXTREME_FEAR,17.0,0.029976718370220867
2018-11-27,5,EXTREME_FEAR,11.0,0.03502044436739837
2018-11-28,5,EXTREME_FEAR,14.0,-0.18988937077615786
2018-11-29,5,EXTREME_FEAR,18.0,-0.22406130125184787
2018-11-30,5,EXTREME_FEAR,19.0,-0.13708066815799513
2018-12-03,5,EXTREME_FEAR,17.0,-0.1284892999117646
2018-12-04,5,EXTREME_FEAR,12.0,-0.1264318386031451
2018-12-06,5,EXTREME_FEAR,13.0,-0.06071543066010687
2018-12-07,5,EXTREME_FEAR,11.0,-0.05328223569345447
2018-12-10,5,EXTREME_FEAR,19.0,0.012260524730444256
2018-12-11,5,EXTREME_FEAR,15.0,0.0762859271896511
2018-12-12,5,EXTREME_FEAR,14.0,0.07164795422101611
2018-12-13,5,EXTREME_FEAR,14.0,0.22129370695088935
2018-12-14,5,EXTREME_FEAR,10.0,0.18374996075964167
2018-12-17,5,EXTREME_FEAR,17.0,0.13997151252893558
2018-12-18,5,MODERATE,23.0,0.04269969753718239
2018-12-19,5,MODERATE,21.0,-0.024624901791045595
2018-12-20,5,MODERATE,27.0,-0.05226140703984172
2018-12-21,5,MODERATE,35.0,-0.04028253621886513
2018-12-24,5,MODERATE,25.0,-0.03370789166446042
2018-12-26,5,MODERATE,26.0,-0.005343473273628607
2018-12-27,5,MODERATE,29.0,0.05402515786844542
2018-12-28,5,MODERATE,21.0,0.025495773044102554
2018-12-31,5,MODERATE,26.0,0.07416935743389041
2019-01-02,5,MODERATE,30.0,0.023034067862376717
2019-01-03,5,MODERATE,33.0,-0.04200289282441272
2019-01-04,5,MODERATE,48.0,-0.04516345433024338
2019-01-07,5,MODERATE,39.0,-0.08261937070826819
2019-01-08,5,MODERATE,39.0,-0.10455808885149975
2019-01-09,5,MODERATE,42.0,-0.0989817894843309
2019-01-10,5,MODERATE,37.0,-9.802141102088768e-05
2019-01-11,5,EXTREME_FEAR,19.0,-0.008039607539843119
2019-01-14,5,EXTREME_FEAR,16.0,-0.02776275746776591
2019-01-15,5,MODERATE,27.0,-0.01262586593466597
2019-01-16,5,MODERATE,24.0,-0.014923736230702644
2019-01-17,5,MODERATE,28.0,-0.021653642080576074
2019-01-18,5,MODERATE,29.0,-0.05258823788323119
2019-01-22,5,MODERATE,27.0,-0.044376199486941936
2019-01-23,5,MODERATE,33.0,-0.027985744676539914
2019-01-24,5,MODERATE,37.0,-0.040543782632392666
2019-01-25,5,MODERATE,35.0,-0.03155597982919667
2019-01-28,5,MODERATE,35.0,-0.0032603294280252326
2019-01-29,5,MODERATE,21.0,0.005276039758004614
2019-01-30,5,MODERATE,22.0,-0.02099043696304237
2019-01-31,5,EXTREME_FEAR,17.0,-0.01701041341354237
2019-02-01,5,MODERATE,23.0,0.05000114014696355
2019-02-04,5,MODERATE,27.0,0.053273054338984216
2019-02-05,5,MODERATE,21.0,0.05258912232723467
2019-02-06,5,EXTREME_FEAR,14.0,0.0619862724164586
2019-02-07,5,EXTREME_FEAR,18.0,0.061991982134129375
2019-02-08,5,MODERATE,37.0,-0.012615991137438498
2019-02-11,5,MODERATE,46.0,0.07868261408941946
2019-02-12,5,MODERATE,38.0,0.09055606867470589
2019-02-13,5,MODERATE,48.0,0.08495472205324717
2019-02-14,5,MODERATE,48.0,0.10206304699289082
2019-02-15,5,MODERATE,43.0,0.06983185597403663
2019-02-19,5,MODERATE,65.0,-0.02377530130343597
2019-02-20,5,MODERATE,59.0,-0.03790434556018929
2019-02-21,5,MODERATE,59.0,-0.025442271388015913
2019-02-22,5,MODERATE,61.0,-0.037115722003770335
2019-02-25,5,MODERATE,47.0,-0.03169683044975946
2019-02-26,5,MODERATE,40.0,0.01084220084320442
2019-02-27,5,MODERATE,39.0,0.01364181876440329
2019-02-28,5,MODERATE,39.0,0.014601599900378126
2019-03-01,5,MODERATE,42.0,0.010707324448370081
2019-03-04,5,MODERATE,36.0,0.037482986021810105
2019-03-05,5,MODERATE,35.0,0.0032749241567322507
2019-03-06,5,MODERATE,42.0,0.0007104798700913184
2019-03-07,5,MODERATE,56.0,0.0032886723091729575
2019-03-08,5,MODERATE,54.0,0.015207420052162801
2019-03-11,5,MODERATE,56.0,0.032072359589151
2019-03-12,5,MODERATE,56.0,0.04061382771503341
2019-03-13,5,MODERATE,54.0,0.04523029018496616
2019-03-14,5,MODERATE,55.0,0.026393730929725634
2019-03-15,5,MODERATE,55.0,0.015794462674826426
2019-03-18,5,MODERATE,56.0,-0.017369229417309007
2019-03-19,5,MODERATE,56.0,-0.02137779486846414
2019-03-20,5,MODERATE,55.0,-0.00010034965291916276
2019-03-21,5,MODERATE,62.0,0.009824267997387448
2019-03-22,5,MODERATE,56.0,0.018321889023093063
2019-03-25,5,MODERATE,46.0,0.048059107479955676
2019-03-26,5,MODERATE,43.0,0.20256261442554702
2019-03-27,5,MODERATE,44.0,0.1962003052332778
2019-03-28,5,MODERATE,49.0,0.1904536275254266
2019-03-29,5,MODERATE,50.0,0.20615692911423178
2019-04-01,5,MODERATE,62.0,0.24069672959429989
2019-04-02,5,MODERATE,60.0,0.06449152303798356
2019-04-03,5,MODERATE,71.0,0.06830083300239231
2019-04-04,5,MODERATE,61.0,0.028375769563083852
2019-04-05,5,MODERATE,59.0,0.010439905339410749
2019-04-08,5,MODERATE,65.0,-0.043004635683832615
2019-04-09,5,MODERATE,64.0,0.005862000650335597
2019-04-10,5,MODERATE,62.0,-0.013731382002897807
2019-04-11,5,MODERATE,65.0,0.04514919139074258
2019-04-12,5,MODERATE,42.0,0.059094128474728724
2019-04-15,5,MODERATE,60.0,0.09504875689524517
2019-04-16,5,MODERATE,50.0,0.0428660007730538
2019-04-17,5,MODERATE,61.0,-0.007918329914526234
2019-04-18,5,MODERATE,64.0,-0.003599564597816185
2019-04-22,5,MODERATE,61.0,-0.028557726332293698
2019-04-23,5,MODERATE,68.0,-0.04058671841933725
2019-04-24,5,MODERATE,65.0,-0.011441407106196677
2019-04-25,5,MODERATE,58.0,0.055029483055604955
2019-04-26,5,MODERATE,41.0,0.08857296561248035
2019-04-29,5,MODERATE,42.0,0.09092074751513285
2019-04-30,5,MODERATE,42.0,0.08569912691050513
2019-05-01,5,MODERATE,51.0,0.10193311748735445
2019-05-02,5,MODERATE,50.0,0.11472427104798699
2019-05-03,5,MODERATE,63.0,0.10061209430742196
2019-05-06,5,MODERATE,57.0,0.30738967363942593
2019-05-07,5,MODERATE,69.0,0.3158118152465333
2019-05-08,5,MODERATE,63.0,0.3159327558573677
2019-05-09,5,MODERATE,69.0,0.2445181289347868
2019-05-10,5,MODERATE,71.0,0.14088173243649948
2019-05-13,5,MODERATE,78.0,0.02069240223337912
2019-05-14,5,MODERATE,78.0,-0.0038963426050928063
2019-05-15,5,MODERATE,77.0,-0.06613600207445505
2019-05-16,5,MODERATE,75.0,-0.0003884756085307528
2019-05-17,5,MODERATE,65.0,0.08399231722950315
2019-05-20,5,MODERATE,73.0,0.08888837573135691
2019-05-21,5,MODERATE,68.0,0.08380856081600399
2019-05-22,5,MODERATE,69.0,0.07997067639275776
2019-05-23,5,MODERATE,65.0,0.08423068346878446
2019-05-24,5,MODERATE,64.0,0.027368776346424456
2019-05-28,5,MODERATE,71.0,-0.12338583004681211
2019-05-29,5,MODERATE,71.0,-0.10143000437873051
2019-05-30,5,MODERATE,73.0,-0.061655597476828
2019-05-31,5,MODERATE,61.0,-0.06387250833492819
2019-06-03,5,MODERATE,66.0,-0.025747778992195602
2019-06-04,5,MODERATE,42.0,0.028135726332521233
2019-06-05,5,MODERATE,27.0,0.04028399248313759
2019-06-06,5,MODERATE,34.0,0.05095498699501835
2019-06-07,5,MODERATE,27.0,0.07769352286902223
2019-06-10,5,MODERATE,46.0,0.15271771450011898
2019-06-11,5,MODERATE,61.0,0.1359035366685471
2019-06-12,5,MODERATE,60.0,0.12965368085963278
2019-06-13,5,MODERATE,63.0,0.14624842367770124
2019-06-14,5,MODERATE,67.0,0.15432334543690748
2019-06-17,5,EXTREME_GREED,84.0,0.1667036314468486
2019-06-18,5,EXTREME_GREED,83.0,0.26106118542771317
2019-06-19,5,EXTREME_GREED,82.0,0.33903396426531535
2019-06-20,5,EXTREME_GREED,81.0,0.16023079406420504
2019-06-21,5,EXTREME_GREED,84.0,0.2013503206409989
2019-06-24,5,EXTREME_GREED,80.0,-0.03964241131720064
2019-06-25,5,EXTREME_GREED,87.0,-0.08762802079920495
2019-06-26,5,EXTREME_GREED,95.0,-0.08452326037217484
2019-06-27,5,EXTREME_GREED,92.0,-0.018442309744668678
2019-06-28,5,MODERATE,62.0,-0.009830605862369723
2019-07-01,5,MODERATE,65.0,0.17235460393565927
2019-07-02,5,MODERATE,63.0,0.1181635826416701
2019-07-03,5,MODERATE,79.0,-0.05169325669172942
2019-07-05,5,MODERATE,67.0,0.07351822048631604
2019-07-08,5,MODERATE,74.0,-0.12014477015545705
2019-07-09,5,EXTREME_GREED,84.0,-0.28268076901657696
2019-07-10,5,EXTREME_GREED,83.0,-0.22637826251580195
2019-07-11,5,MODERATE,62.0,-0.06287429326205271
2019-07-12,5,MODERATE,33.0,-0.11515550870322139
2019-07-15,5,EXTREME_FEAR,16.0,-0.05199196081675228
2019-07-16,5,MODERATE,34.0,0.04367677816843518
2019-07-17,5,EXTREME_FEAR,19.0,0.012111774321336921
2019-07-18,5,MODERATE,40.0,-0.07337615760100405
2019-07-19,5,MODERATE,42.0,-0.06476725537035788
2019-07-22,5,MODERATE,42.0,-0.08301516668232109
2019-07-23,5,MODERATE,40.0,-0.030076172229781234
2019-07-24,5,EXTREME_FEAR,20.0,0.0275128709070028
2019-07-25,5,MODERATE,42.0,0.04804379002696693
2019-07-26,5,MODERATE,24.0,0.06357407051356864
2019-07-29,5,EXTREME_FEAR,19.0,0.21527342449191714
2019-07-30,5,MODERATE,22.0,0.17791076358361427
2019-07-31,5,MODERATE,31.0,0.1689475481118333
2019-08-01,5,MODERATE,57.0,0.14032935290037588
2019-08-02,5,MODERATE,61.0,0.12031426725896224
2019-08-05,5,MODERATE,64.0,-0.03649121389479537
2019-08-06,5,MODERATE,66.0,-0.05206672423296074
2019-08-07,5,MODERATE,45.0,-0.17231679883123024
2019-08-08,5,MODERATE,61.0,-0.14883909791829353
2019-08-09,5,MODERATE,60.0,-0.13408362142104158
2019-08-12,5,MODERATE,48.0,-0.041852774568875706
2019-08-13,5,MODERATE,45.0,-0.012244233825589035
2019-08-14,5,EXTREME_FEAR,11.0,0.008553470236398755
2019-08-15,5,EXTREME_FEAR,13.0,-0.017658703955591146
2019-08-16,5,MODERATE,31.0,0.003236022952415124
2019-08-19,5,MODERATE,30.0,-0.0512383997198408
2019-08-20,5,MODERATE,39.0,-0.05517078029875283
2019-08-21,5,EXTREME_FEAR,11.0,-0.03857484475798272
2019-08-22,5,EXTREME_FEAR,5.0,-0.06324059711813546
2019-08-23,5,MODERATE,33.0,-0.0809985092526551
2019-08-26,5,MODERATE,41.0,0.024076173780383583
2019-08-27,5,MODERATE,30.0,0.03936921302471075
2019-08-28,5,MODERATE,32.0,0.08082233680657311
2019-08-29,5,EXTREME_FEAR,20.0,0.08494064621127331
2019-08-30,5,MODERATE,24.0,0.07396088222820159
2019-09-03,5,MODERATE,41.0,-0.048956381886768596
2019-09-04,5,MODERATE,43.0,-0.04006926947311014
2019-09-05,5,MODERATE,41.0,-0.015764066903020874
2019-09-06,5,MODERATE,43.0,0.0006994490214951299
2019-09-09,5,MODERATE,41.0,-0.005645398009269553
2019-09-10,5,MODERATE,41.0,0.012309960260567201
2019-09-11,5,MODERATE,38.0,0.001950861600398715
2019-09-12,5,MODERATE,39.0,-0.013901186028670479
2019-09-13,5,MODERATE,38.0,-0.01741876695765139
2019-09-16,5,MODERATE,38.0,-0.05474389794039954
2019-09-17,5,MODERATE,41.0,-0.17227508475611647
2019-09-18,5,MODERATE,38.0,-0.18368116990007974
2019-09-19,5,MODERATE,31.0,-0.23467486723372083
2019-09-20,5,MODERATE,41.0,-0.210149358727099
2019-09-23,5,MODERATE,41.0,-0.1596279740606787
2019-09-24,5,MODERATE,39.0,-0.03269480189051414
2019-09-25,5,EXTREME_FEAR,15.0,-0.011131747199913777
2019-09-26,5,EXTREME_FEAR,12.0,0.017220617114075423
2019-09-27,5,MODERATE,24.0,-0.005578681289220733
2019-09-30,5,MODERATE,27.0,-0.005833946571519935
2019-10-01,5,MODERATE,38.0,-0.013817834201817286
2019-10-02,5,MODERATE,39.0,0.023863730635419772
2019-10-03,5,MODERATE,37.0,0.03876448995543651
2019-10-04,5,MODERATE,30.0,0.014015175081599579
2019-10-07,5,MODERATE,27.0,0.015531127185455462
2019-10-08,5,MODERATE,39.0,-0.0028494415595564926
2019-10-09,5,MODERATE,37.0,-0.06590193765819577
2019-10-10,5,MODERATE,41.0,-0.057841330620859666
2019-10-11,5,MODERATE,39.0,-0.04278652974111191
2019-10-14,5,MODERATE,37.0,-0.015761863324780703
2019-10-15,5,MODERATE,39.0,-0.015619250964807832
2019-10-16,5,MODERATE,40.0,-0.06850746172766028
2019-10-17,5,MODERATE,40.0,-0.0783123216366832
2019-10-18,5,MODERATE,40.0,0.08270871230119808
2019-10-21,5,MODERATE,37.0,0.11583624300925811
2019-10-22,5,MODERATE,39.0,0.1544813762944306
2019-10-23,5,MODERATE,33.0,0.20296838328043001
2019-10-24,5,EXTREME_FEAR,20.0,0.2051238906887105
2019-10-25,5,MODERATE,24.0,0.06702774389149756
2019-10-28,5,MODERATE,52.0,0.016762497837963148
2019-10-29,5,MODERATE,54.0,-0.009074029390135824
2019-10-30,5,MODERATE,53.0,0.016713547787857934
2019-10-31,5,MODERATE,50.0,0.007361924547791337
2019-11-01,5,MODERATE,49.0,-0.05051710632220112
2019-11-04,5,MODERATE,49.0,-0.07210715303664166
2019-11-05,5,MODERATE,54.0,-0.058046884486628925
2019-11-06,5,MODERATE,53.0,-0.06084906704293932
2019-11-07,5,MODERATE,54.0,-0.06226727322268106
2019-11-08,5,MODERATE,42.0,-0.03618258698024449
2019-11-11,5,MODERATE,40.0,-0.05256967087711539
2019-11-12,5,MODERATE,39.0,-0.07164659895611872
2019-11-13,5,MODERATE,38.0,-0.09284596941991097
2019-11-14,5,MODERATE,41.0,-0.13049553536411318
2019-11-15,5,MODERATE,38.0,-0.15171820251956578
2019-11-18,5,MODERATE,38.0,-0.15080221892505102
2019-11-19,5,MODERATE,32.0,-0.1282540085764497
2019-11-20,5,MODERATE,32.0,-0.06372831058020814
2019-11-21,5,MODERATE,30.0,0.015385099774639338
2019-11-22,5,EXTREME_FEAR,20.0,0.003476492874416731
2019-11-25,5,EXTREME_FEAR,17.0,0.024058724235187096
2019-11-26,5,MODERATE,21.0,0.004652756184248041
2019-11-27,5,EXTREME_FEAR,20.0,-0.011129102494979365
2019-11-29,5,MODERATE,31.0,-0.027992905419855996
2019-12-02,5,MODERATE,28.0,0.010719621053394968
2019-12-03,5,MODERATE,28.0,-0.005757669779491104
2019-12-04,5,MODERATE,24.0,-0.004783521055767542
2019-12-05,5,MODERATE,21.0,-0.027932817153378336
2019-12-06,5,MODERATE,29.0,-0.03743677765990719
2019-12-09,5,MODERATE,32.0,-0.06538385410732572
2019-12-10,5,MODERATE,26.0,-0.09168299480238098
2019-12-11,5,EXTREME_FEAR,20.0,0.008193028604634944
2019-12-12,5,MODERATE,23.0,-0.005578042842318998
2019-12-13,5,MODERATE,22.0,-0.007021895937717515
2019-12-16,5,MODERATE,24.0,0.059248110165833257
2019-12-17,5,MODERATE,23.0,0.0977666594326004
2019-12-18,5,EXTREME_FEAR,15.0,-0.005213092300113548
2019-12-19,5,MODERATE,21.0,0.012039688142239047
2019-12-20,5,MODERATE,23.0,0.010223307667487247
2019-12-23,5,MODERATE,33.0,-0.0222741716656234
2019-12-24,5,MODERATE,25.0,-0.04712389249811991
2019-12-26,5,MODERATE,39.0,0.014525565604779744
2019-12-27,5,MODERATE,38.0,0.06365400594316412
2019-12-30,5,MODERATE,40.0,0.11278225004196414
2019-12-31,5,MODERATE,38.0,0.11618327166239789
2020-01-02,5,MODERATE,39.0,0.12037773196145946
2020-01-03,5,MODERATE,38.0,0.10604300305875466
2020-01-06,5,MODERATE,41.0,0.047135646794230435
2020-01-07,5,MODERATE,40.0,0.07820526384619161
2020-01-08,5,MODERATE,51.0,0.08617318823486148
2020-01-09,5,MODERATE,44.0,0.1018432930244201
2020-01-10,5,MODERATE,41.0,0.08926161468273372
2020-01-13,5,MODERATE,49.0,0.07127907184263432
2020-01-14,5,MODERATE,56.0,-0.016779385830500454
2020-01-15,5,MODERATE,54.0,-0.04654100473956019
2020-01-16,5,MODERATE,55.0,-0.03242732540640642
2020-01-17,5,MODERATE,54.0,-0.0021547072193206923
2020-01-21,5,MODERATE,49.0,0.0677102275866049
2020-01-22,5,MODERATE,52.0,0.07067852020855873
2020-01-23,5,MODERATE,49.0,0.12323092484983435
2020-01-24,5,MODERATE,40.0,0.10180694316559852
2020-01-27,5,MODERATE,50.0,0.04216357810027536
2020-01-28,5,MODERATE,54.0,-0.01916253224235028
2020-01-29,5,MODERATE,57.0,0.03135947442321656
2020-01-30,5,MODERATE,57.0,0.022955521999079298
2020-01-31,5,MODERATE,55.0,0.04653540606779257
2020-02-03,5,MODERATE,59.0,0.058824888027143724
2020-02-04,5,MODERATE,56.0,0.10606278842249209
2020-02-05,5,MODERATE,53.0,0.07150984536979152
2020-02-06,5,MODERATE,61.0,0.04860299823366514
2020-02-07,5,MODERATE,56.0,0.051351178001592473
2020-02-10,5,MODERATE,57.0,0.02854240136262466
2020-02-11,5,MODERATE,52.0,-0.05796002942693568
2020-02-12,5,MODERATE,61.0,-0.07202470003531802
2020-02-13,5,MODERATE,65.0,-0.05306940538342259
2020-02-14,5,MODERATE,63.0,-0.06634350539696118
2020-02-18,5,MODERATE,53.0,-0.08219604009319967
2020-02-19,5,MODERATE,50.0,-0.08815374397539746
2020-02-20,5,MODERATE,44.0,-0.08965744469551638
2020-02-21,5,MODERATE,44.0,-0.1105751944735656
2020-02-24,5,MODERATE,46.0,-0.08433844689954953
2020-02-25,5,MODERATE,44.0,-0.06112597417285253
2020-02-26,5,MODERATE,41.0,-0.007428029917762161
2020-02-27,5,MODERATE,39.0,0.03294977848210838
2020-02-28,5,MODERATE,40.0,0.050597000618520405
2020-03-02,5,MODERATE,38.0,-0.1127863146940776
2020-03-03,5,MODERATE,38.0,-0.10526923496250717
2020-03-04,5,MODERATE,40.0,-0.10134450280378286
2020-03-05,5,MODERATE,41.0,-0.6023595201549772
2020-03-06,5,MODERATE,39.0,-0.494484302325507
2020-03-09,5,EXTREME_FEAR,17.0,-0.4575215448589321
2020-03-10,5,EXTREME_FEAR,16.0,-0.4145183341085552
2020-03-11,5,EXTREME_FEAR,17.0,-0.41228511821081293
2020-03-12,5,EXTREME_FEAR,14.0,0.21954938137857272
2020-03-13,5,EXTREME_FEAR,10.0,0.10808760918971477
2020-03-16,5,EXTREME_FEAR,9.0,0.24651423302736541
2020-03-17,5,EXTREME_FEAR,8.0,0.2537134159308144
2020-03-18,5,EXTREME_FEAR,11.0,0.243253651605024
2020-03-19,5,EXTREME_FEAR,12.0,0.08143053871682837
2020-03-20,5,EXTREME_FEAR,9.0,0.04279271200883028
2020-03-23,5,EXTREME_FEAR,10.0,0.0021059778023571063
2020-03-24,5,EXTREME_FEAR,12.0,-0.044970623361668516
2020-03-25,5,EXTREME_FEAR,13.0,-0.011181260256271808
2020-03-26,5,EXTREME_FEAR,14.0,0.011426284348272642
2020-03-27,5,EXTREME_FEAR,12.0,0.03993337721823553
2020-03-30,5,EXTREME_FEAR,10.0,0.12305134125023609
2020-03-31,5,EXTREME_FEAR,12.0,0.10848185069986221
2020-04-01,5,EXTREME_FEAR,12.0,0.10443867365039583
2020-04-02,5,EXTREME_FEAR,14.0,0.07217591970047257
2020-04-03,5,EXTREME_FEAR,14.0,0.01644563469226601
2020-04-06,5,EXTREME_FEAR,12.0,-0.06085867470242501
2020-04-07,5,EXTREME_FEAR,20.0,-0.07737022863834953
2020-04-08,5,MODERATE,21.0,-0.03007574202812391
2020-04-09,5,MODERATE,22.0,-0.028603265139645978
2020-04-13,5,EXTREME_FEAR,11.0,0.005379325122174872
2020-04-14,5,EXTREME_FEAR,15.0,0.005523033130488464
2020-04-15,5,EXTREME_FEAR,18.0,0.0690857826689047
2020-04-16,5,EXTREME_FEAR,13.0,0.043030017118730696
2020-04-17,5,EXTREME_FEAR,15.0,0.062109622710640244
2020-04-20,5,EXTREME_FEAR,15.0,0.12465633319808017
2020-04-21,5,EXTREME_FEAR,17.0,0.12636263867602754
2020-04-22,5,EXTREME_FEAR,19.0,0.21235423265858355
2020-04-23,5,EXTREME_FEAR,19.0,0.15305890729639884
2020-04-24,5,EXTREME_FEAR,20.0,0.16041773324654351
2020-04-27,5,MODERATE,28.0,0.13391248823909113
2020-04-28,5,MODERATE,26.0,0.1425373925988347
2020-04-29,5,MODERATE,26.0,0.051780112394370546
2020-04-30,5,MODERATE,44.0,0.13917745743495688
2020-05-01,5,MODERATE,40.0,0.10464199981609523
2020-05-04,5,MODERATE,44.0,-0.03550109114471581
2020-05-05,5,MODERATE,40.0,-0.02230526165183646
2020-05-06,5,MODERATE,42.0,0.0001322188393333562
2020-05-07,5,MODERATE,49.0,-0.022128839678801998
2020-05-08,5,MODERATE,55.0,-0.05368483384314148
2020-05-11,5,MODERATE,40.0,0.12289084334104003
2020-05-12,5,MODERATE,39.0,0.0998546273265431
2020-05-13,5,MODERATE,41.0,0.026925966730506866
2020-05-14,5,MODERATE,40.0,-0.06932812272607318
2020-05-15,5,MODERATE,44.0,-0.01573387671402005
2020-05-18,5,MODERATE,50.0,-0.09613477564232009
2020-05-19,5,MODERATE,50.0,-0.05797698488765313
2020-05-20,5,MODERATE,52.0,0.0002907837863619714
2020-05-21,5,MODERATE,49.0,0.03859498604222835
2020-05-22,5,MODERATE,42.0,0.10186569493571251
2020-05-26,5,MODERATE,39.0,0.07569704593355182
2020-05-27,5,MODERATE,39.0,0.05051576970175341
2020-05-28,5,MODERATE,41.0,0.028448594278432417
2020-05-29,5,MODERATE,48.0,0.023703097869954746
2020-06-01,5,MODERATE,50.0,-0.03970470914453854
2020-06-02,5,MODERATE,56.0,0.027519413324321673
2020-06-03,5,MODERATE,48.0,0.021855635340730678
2020-06-04,5,MODERATE,54.0,-0.05009362318620616
2020-06-05,5,MODERATE,53.0,-0.019292964123398204
2020-06-08,5,MODERATE,53.0,-0.03337984598135707
2020-06-09,5,MODERATE,52.0,-0.026657154279353855
2020-06-10,5,MODERATE,54.0,-0.0402982485439559
2020-06-11,5,MODERATE,52.0,0.009614826622316455
2020-06-12,5,MODERATE,38.0,-0.020548073371973175
2020-06-15,5,MODERATE,37.0,0.020735993136159477
2020-06-16,5,MODERATE,39.0,0.009561352718970788
2020-06-17,5,MODERATE,38.0,-0.017734393297512245
2020-06-18,5,MODERATE,40.0,-0.015744830817821673
2020-06-19,5,MODERATE,39.0,-0.013560558600578785
2020-06-22,5,MODERATE,38.0,-0.04861612060686813
2020-06-23,5,MODERATE,41.0,-0.05240693719167305
2020-06-24,5,MODERATE,50.0,-0.009199229225815187
2020-06-25,5,MODERATE,43.0,-0.015380072648505107
2020-06-26,5,MODERATE,40.0,0.02293251207668378
2020-06-29,5,MODERATE,41.0,0.006660807849891594
2020-06-30,5,MODERATE,44.0,0.031278510538480395
2020-07-01,5,MODERATE,42.0,0.005364953130211457
2020-07-02,5,MODERATE,42.0,0.016889394178627275
2020-07-06,5,MODERATE,40.0,-0.014164232959133395
2020-07-07,5,MODERATE,43.0,-0.0009800742445414817
2020-07-08,5,MODERATE,44.0,-0.025294721107280517
2020-07-09,5,MODERATE,44.0,-0.015832887854364486
2020-07-10,5,MODERATE,41.0,-0.013826986977764744
2020-07-13,5,MODERATE,43.0,-0.008624942416891363
2020-07-14,5,MODERATE,43.0,0.014144946316020573
2020-07-15,5,MODERATE,44.0,0.03553347555532245
2020-07-16,5,MODERATE,43.0,0.04797986820697458
2020-07-17,5,MODERATE,41.0,0.04126164479903544
2020-07-20,5,MODERATE,44.0,0.1817571851772978
2020-07-21,5,MODERATE,44.0,0.15190394938616708
2020-07-22,5,MODERATE,50.0,0.1530291891322339
2020-07-23,5,MODERATE,55.0,0.14816534341836485
2020-07-24,5,MODERATE,53.0,0.17170957319302654
2020-07-27,5,MODERATE,58.0,0.022978304618926276
2020-07-28,5,MODERATE,76.0,0.0265012209894947
2020-07-29,5,MODERATE,71.0,0.05661255171577878
2020-07-30,5,MODERATE,76.0,0.05842908857265644
2020-07-31,5,MODERATE,75.0,0.024254763149741954
2020-08-03,5,MODERATE,75.0,0.0546538121866508
2020-08-04,5,MODERATE,72.0,0.0180964463254161
2020-08-05,5,MODERATE,75.0,-0.013894290822346944
2020-08-06,5,MODERATE,79.0,0.00037041880168398045
2020-08-07,5,MODERATE,77.0,0.01432595962269459
2020-08-10,5,MODERATE,78.0,0.031187925249084925
2020-08-11,5,EXTREME_GREED,84.0,0.04963962335687355
2020-08-12,5,MODERATE,75.0,0.01485243560973451
2020-08-13,5,MODERATE,75.0,0.007964909396076414
2020-08-14,5,MODERATE,78.0,-0.01510059216887158
2020-08-17,5,EXTREME_GREED,83.0,-0.03994094330907513
2020-08-18,5,EXTREME_GREED,82.0,-0.053537532962608436
2020-08-19,5,EXTREME_GREED,80.0,-0.023223311207276665
2020-08-20,5,MODERATE,75.0,-0.047848116622997094
2020-08-21,5,EXTREME_GREED,81.0,-0.004321535234268814
2020-08-24,5,MODERATE,78.0,-0.007996096953430232
2020-08-25,5,MODERATE,75.0,0.05180519530014305
2020-08-26,5,MODERATE,76.0,-0.0064909678266370785
2020-08-27,5,MODERATE,75.0,-0.10005239798235732
2020-08-28,5,MODERATE,74.0,-0.09353615767238607
2020-08-31,5,MODERATE,75.0,-0.1422971862380503
2020-09-01,5,MODERATE,75.0,-0.15591263837333277
2020-09-02,5,EXTREME_GREED,83.0,-0.0965885150969936
2020-09-03,5,MODERATE,79.0,0.015075027981109823
2020-09-04,5,MODERATE,40.0,0.015951566906430764
2020-09-08,5,MODERATE,41.0,0.0636127744454241
2020-09-09,5,MODERATE,38.0,0.06908047116190871
2020-09-10,5,MODERATE,38.0,0.054992084417802206
2020-09-11,5,MODERATE,41.0,0.050951112255590486
2020-09-14,5,MODERATE,39.0,-0.020676810550610325
2020-09-15,5,MODERATE,47.0,-0.024232376701360775
2020-09-16,5,MODERATE,43.0,-0.06870573793807168
2020-09-17,5,MODERATE,48.0,-0.01740550967237009
2020-09-18,5,MODERATE,49.0,-0.02328206254230955
2020-09-21,5,MODERATE,48.0,0.02337094894932268
2020-09-22,5,MODERATE,39.0,0.02863958766476457
2020-09-23,5,MODERATE,43.0,0.05120351324419366
2020-09-24,5,MODERATE,39.0,-0.013154298592147534
2020-09-25,5,MODERATE,46.0,-0.010977954186692757
2020-09-28,5,MODERATE,43.0,0.007783839738130238
2020-09-29,5,MODERATE,45.0,-0.022401407631637338
2020-09-30,5,MODERATE,49.0,-0.010769691949977345
2020-10-01,5,MODERATE,45.0,0.027513368098558533
2020-10-02,5,MODERATE,41.0,0.04515310740002379
2020-10-05,5,MODERATE,42.0,0.06822041977423127
2020-10-06,5,MODERATE,47.0,0.07461305830561704
2020-10-07,5,MODERATE,43.0,0.06885891925545934
2020-10-08,5,MODERATE,46.0,0.05174177598578211
2020-10-09,5,MODERATE,48.0,0.02302061377179551
2020-10-12,5,MODERATE,52.0,0.016025635489314877
2020-10-13,5,MODERATE,56.0,0.042027487625430265
2020-10-14,5,MODERATE,53.0,0.11509586853083614
2020-10-15,5,MODERATE,56.0,0.12037961471999584
2020-10-16,5,MODERATE,52.0,0.13291061255541384
2020-10-19,5,MODERATE,55.0,0.10754566281790381
2020-10-20,5,MODERATE,56.0,0.136138395175308
2020-10-21,5,MODERATE,61.0,0.03430849145098308
2020-10-22,5,MODERATE,73.0,0.03575560734283306
2020-10-23,5,MODERATE,74.0,0.04646065338151989
2020-10-26,5,MODERATE,75.0,0.03570167341014113
2020-10-27,5,MODERATE,61.0,0.021452529600862247
2020-10-28,5,MODERATE,70.0,0.06295982371503644
2020-10-29,5,MODERATE,67.0,0.1479005310606339
2020-10-30,5,MODERATE,74.0,0.13895152516927733
2020-11-02,5,MODERATE,71.0,0.12354006633553677
2020-11-03,5,MODERATE,71.0,0.0917569640725473
2020-11-04,5,MODERATE,74.0,0.10518353496864397
2020-11-05,5,MODERATE,72.0,0.04373442505566305
2020-11-06,5,EXTREME_GREED,90.0,0.047175668569426676
2020-11-09,5,EXTREME_GREED,90.0,0.08641028394044648
2020-11-10,5,EXTREME_GREED,90.0,0.14321744689419968
2020-11-11,5,EXTREME_GREED,86.0,0.12567743117874597
2020-11-12,5,EXTREME_GREED,87.0,0.09044535030436596
2020-11-13,5,EXTREME_GREED,89.0,0.13204979979684328
2020-11-16,5,EXTREME_GREED,90.0,0.0940258159112991
2020-11-17,5,EXTREME_GREED,86.0,0.07960360783272236
2020-11-18,5,EXTREME_GREED,91.0,0.050816275581722636
2020-11-19,5,EXTREME_GREED,94.0,-0.040588392314974575
2020-11-20,5,EXTREME_GREED,86.0,0.05253999532966436
2020-11-23,5,EXTREME_GREED,90.0,0.023617507251512238
2020-11-24,5,EXTREME_GREED,88.0,0.004888053623259503
2020-11-25,5,EXTREME_GREED,94.0,0.03737070204407822
2020-11-27,5,EXTREME_GREED,86.0,0.0889412823996597
2020-11-30,5,EXTREME_GREED,88.0,-0.022372567038715374
2020-12-01,5,EXTREME_GREED,95.0,-0.02596049599253114
2020-12-02,5,EXTREME_GREED,92.0,-0.03428626910026156
2020-12-03,5,EXTREME_GREED,92.0,-0.06262422536724788
2020-12-04,5,EXTREME_GREED,92.0,-0.03487211437316673
2020-12-07,5,EXTREME_GREED,94.0,0.0028624442110991577
2020-12-08,5,EXTREME_GREED,95.0,0.05809706224454769
2020-12-09,5,EXTREME_GREED,86.0,0.13852361879174724
2020-12-10,5,EXTREME_GREED,94.0,0.22200068612330182
2020-12-11,5,EXTREME_GREED,89.0,0.24783572337877724
2020-12-14,5,EXTREME_GREED,95.0,0.169558968158951
2020-12-15,5,EXTREME_GREED,91.0,0.2028193776275259
2020-12-16,5,EXTREME_GREED,92.0,0.08672834338773816
2020-12-17,5,EXTREME_GREED,92.0,0.040003824927382636
2020-12-18,5,EXTREME_GREED,95.0,0.1574984028469364
2020-12-21,5,EXTREME_GREED,92.0,0.18227547506431596
2020-12-22,5,EXTREME_GREED,88.0,0.19282408900788872
2020-12-23,5,EXTREME_GREED,93.0,0.2214223278999513
2020-12-24,5,EXTREME_GREED,86.0,0.29786708829416764
2020-12-28,5,EXTREME_GREED,92.0,0.2271648413624947
2020-12-29,5,EXTREME_GREED,91.0,0.2969884931070994
2020-12-30,5,EXTREME_GREED,91.0,0.3112342354762756
2020-12-31,5,EXTREME_GREED,95.0,0.3412683231266713
2021-01-04,5,EXTREME_GREED,94.0,0.10655074490095573
2021-01-05,5,EXTREME_GREED,93.0,-0.002045744671077765
2021-01-06,5,EXTREME_GREED,95.0,0.01327214783429742
2021-01-07,5,EXTREME_GREED,91.0,-0.004677163645377513
2021-01-08,5,EXTREME_GREED,93.0,-0.10243655249713401
2021-01-11,5,EXTREME_GREED,90.0,0.014047503320049781
2021-01-12,5,EXTREME_GREED,84.0,0.046784764203540385
2021-01-13,5,MODERATE,78.0,-0.19108308735107538
2021-01-14,5,EXTREME_GREED,83.0,-0.17167128865462566
2021-01-15,5,EXTREME_GREED,88.0,-0.12906631508805377
2021-01-19,5,EXTREME_GREED,80.0,-0.10206907826344769
2021-01-20,5,MODERATE,78.0,-0.15536420651251892
2021-01-21,5,MODERATE,75.0,0.08218418385301085
2021-01-22,5,MODERATE,40.0,0.03894084322552649
2021-01-25,5,MODERATE,74.0,0.03553392999678495
2021-01-26,5,MODERATE,71.0,0.08643548541552137
2021-01-27,5,MODERATE,78.0,0.2080837284414696
2021-01-28,5,MODERATE,55.0,0.09838479219047658
2021-01-29,5,MODERATE,77.0,0.10575357465109159
2021-02-01,5,MODERATE,77.0,0.3202487282714188
2021-02-02,5,MODERATE,76.0,0.2692234087774499
2021-02-03,5,MODERATE,78.0,0.1812463075462829
2021-02-04,5,EXTREME_GREED,80.0,0.26039260030849976
2021-02-05,5,EXTREME_GREED,81.0,0.2194552823421423
2021-02-08,5,EXTREME_GREED,83.0,0.06298772682264708
2021-02-09,5,EXTREME_GREED,95.0,0.11505925960671726
2021-02-10,5,EXTREME_GREED,92.0,0.14022423644704096
2021-02-11,5,EXTREME_GREED,93.0,0.15404175582557889
2021-02-12,5,EXTREME_GREED,92.0,0.1319841164591613
2021-02-16,5,EXTREME_GREED,95.0,-0.007660287508202135
2021-02-17,5,EXTREME_GREED,95.0,-0.047992943939603405
2021-02-18,5,EXTREME_GREED,91.0,-0.0929244766023507
2021-02-19,5,EXTREME_GREED,93.0,-0.1873516874961696
2021-02-22,5,EXTREME_GREED,94.0,-0.08819544219143904
2021-02-23,5,EXTREME_GREED,94.0,-0.009165122898920908
2021-02-24,5,MODERATE,76.0,0.01661810905686023
2021-02-25,5,MODERATE,79.0,0.030681746109784136
2021-02-26,5,MODERATE,55.0,0.05433524174320725
2021-03-01,5,MODERATE,38.0,0.05135283329942464
2021-03-02,5,MODERATE,78.0,0.12506459876115072
2021-03-03,5,MODERATE,78.0,0.10277405086527702
2021-03-04,5,EXTREME_GREED,84.0,0.17425317345470237
2021-03-05,5,MODERATE,77.0,0.15852488042505097
2021-03-08,5,EXTREME_GREED,81.0,0.06771980777404751
2021-03-09,5,EXTREME_GREED,81.0,0.035492439068421255
2021-03-10,5,MODERATE,68.0,0.04984244635075119
2021-03-11,5,MODERATE,73.0,0.0009302940438402629
2021-03-12,5,MODERATE,70.0,0.017541485947536017
2021-03-15,5,MODERATE,76.0,-0.024957838547720934
2021-03-16,5,MODERATE,71.0,-0.03704719466238604
2021-03-17,5,MODERATE,71.0,-0.10932313952040151
2021-03-18,5,MODERATE,72.0,-0.11246942051934461
2021-03-19,5,MODERATE,71.0,-0.0565753202500312
2021-03-22,5,MODERATE,70.0,0.057391478295060416
2021-03-23,5,MODERATE,66.0,0.07356597278210075
2021-03-24,5,MODERATE,65.0,0.11013709000735195
2021-03-25,5,MODERATE,60.0,0.1336217558015964
2021-03-26,5,MODERATE,54.0,0.06869129661641415
2021-03-29,5,MODERATE,72.0,0.0076272648313555624
2021-03-30,5,MODERATE,72.0,-0.04991621594179296
2021-03-31,5,MODERATE,76.0,-0.010147899685159611
2021-04-01,5,MODERATE,74.0,-0.014501682399962412
2021-04-05,5,MODERATE,71.0,0.014049240951250486
2021-04-06,5,MODERATE,75.0,0.08734028195113974
2021-04-07,5,MODERATE,72.0,0.118649214655133
2021-04-08,5,MODERATE,73.0,0.08209379006788287
2021-04-09,5,MODERATE,70.0,0.055561718029429
2021-04-12,5,MODERATE,74.0,-0.07215150177381635
2021-04-13,5,MODERATE,74.0,-0.11733114466511796
2021-04-14,5,MODERATE,75.0,-0.15763095205777433
2021-04-15,5,MODERATE,79.0,-0.20144508692155805
2021-04-16,5,MODERATE,78.0,-0.18655976773219374
2021-04-19,5,MODERATE,74.0,-0.031028885071995305
2021-04-20,5,MODERATE,73.0,-0.02582806648230762
2021-04-21,5,MODERATE,73.0,0.016897423685783286
2021-04-22,5,MODERATE,65.0,0.034049633607457164
2021-04-23,5,MODERATE,55.0,0.12246612401362333
2021-04-26,5,MODERATE,27.0,0.05717220464623596
2021-04-27,5,MODERATE,50.0,-0.031369750726194745
2021-04-28,5,MODERATE,59.0,0.0463215911220185
2021-04-29,5,MODERATE,52.0,0.05169617138950988
2021-04-30,5,MODERATE,51.0,-0.006841919550017117
2021-05-03,5,MODERATE,61.0,-0.023714096016460573
2021-05-04,5,MODERATE,68.0,0.06128949755160562
2021-05-05,5,MODERATE,48.0,-0.1555747356959083
2021-05-06,5,MODERATE,65.0,-0.12607671402817378
2021-05-07,5,MODERATE,64.0,-0.1396536240498425
2021-05-10,5,MODERATE,72.0,-0.2492220193308723
2021-05-11,5,MODERATE,61.0,-0.2787639107597897
2021-05-12,5,MODERATE,68.0,-0.28390384033863914
2021-05-13,5,MODERATE,31.0,-0.19807175232477192
2021-05-14,5,MODERATE,26.0,-0.29051175592132994
2021-05-17,5,MODERATE,27.0,-0.1176287826837934
2021-05-18,5,MODERATE,21.0,-0.1109756311801895
2021-05-19,5,MODERATE,23.0,0.06009301098446573
2021-05-20,5,EXTREME_FEAR,11.0,-0.05923918621102908
2021-05-21,5,EXTREME_FEAR,19.0,-0.044035480875679545
2021-05-24,5,EXTREME_FEAR,10.0,-0.05362819314505107
2021-05-25,5,MODERATE,22.0,-0.021771621861712998
2021-05-26,5,MODERATE,22.0,-0.002176570723111615
2021-05-27,5,MODERATE,27.0,-0.04095977691870245
2021-05-28,5,MODERATE,21.0,-0.061727663777190855
2021-06-01,5,EXTREME_FEAR,20.0,-0.09163775503683036
2021-06-02,5,MODERATE,23.0,-0.006141441357006672
2021-06-03,5,MODERATE,24.0,-0.06605280130150493
2021-06-04,5,MODERATE,27.0,0.011855164381606942
2021-06-07,5,EXTREME_FEAR,15.0,0.18097055696211028
2021-06-08,5,EXTREME_FEAR,13.0,0.18825678535309565
2021-06-09,5,EXTREME_FEAR,14.0,0.026475651374814113
2021-06-10,5,MODERATE,21.0,0.03614563358027345
2021-06-11,5,MODERATE,21.0,-0.04232353622744922
2021-06-14,5,MODERATE,28.0,-0.2387453208002026
2021-06-15,5,MODERATE,38.0,-0.2175707265183371
2021-06-16,5,MODERATE,33.0,-0.12849701976658
2021-06-17,5,MODERATE,26.0,-0.09333655912126781
2021-06-18,5,MODERATE,25.0,-0.12323962170379388
2021-06-21,5,MODERATE,23.0,0.08347301907286342
2021-06-22,5,EXTREME_FEAR,10.0,0.09842509258761023
2021-06-23,5,EXTREME_FEAR,14.0,0.038333214466144794
2021-06-24,5,MODERATE,22.0,-0.031960730992373065
2021-06-25,5,MODERATE,27.0,0.06897594389532924
2021-06-28,5,MODERATE,25.0,-0.005799986679089875
2021-06-29,5,MODERATE,25.0,-0.05774293445353096
2021-06-30,5,MODERATE,28.0,-0.06372951002564275
2021-07-01,5,MODERATE,28.0,0.006706099023104928
2021-07-02,5,MODERATE,21.0,-0.022108796797884356
2021-07-06,5,EXTREME_FEAR,20.0,-0.045817203073742485
2021-07-07,5,MODERATE,28.0,-0.030986776587010434
2021-07-08,5,EXTREME_FEAR,20.0,-0.03392446640588864
2021-07-09,5,EXTREME_FEAR,20.0,-0.07290836071224804
2021-07-12,5,MODERATE,25.0,-0.07312561646288751
2021-07-13,5,EXTREME_FEAR,20.0,-0.0926820857712991
2021-07-14,5,MODERATE,21.0,-0.021920513250797802
2021-07-15,5,EXTREME_FEAR,20.0,0.016612743988214218
2021-07-16,5,MODERATE,22.0,0.06648321711860516
2021-07-19,5,MODERATE,24.0,0.19190564062273463
2021-07-20,5,EXTREME_FEAR,19.0,0.2791870498449831
2021-07-21,5,EXTREME_FEAR,10.0,0.2195880040045064
2021-07-22,5,MODERATE,21.0,0.21361708882293318
2021-07-23,5,MODERATE,23.0,0.22928537720364695
2021-07-26,5,MODERATE,26.0,0.048727245762033355
2021-07-27,5,MODERATE,32.0,-0.03233809893113482
2021-07-28,5,MODERATE,50.0,-0.006230060809113924
2021-07-29,5,MODERATE,50.0,0.021295422861536295
2021-07-30,5,MODERATE,53.0,0.013661332835334106
2021-08-02,5,MODERATE,48.0,0.1678271710777619
2021-08-03,5,MODERATE,48.0,0.1779755208902858
2021-08-04,5,MODERATE,42.0,0.1372211168241506
2021-08-05,5,MODERATE,50.0,0.08349100590870351
2021-08-06,5,MODERATE,52.0,0.10996234500120461
2021-08-09,5,MODERATE,65.0,-0.007814663811114286
2021-08-10,5,MODERATE,71.0,-0.019709721453093465
2021-08-11,5,MODERATE,70.0,-0.01753351537542258
2021-08-12,5,MODERATE,70.0,0.0502440915011273
2021-08-13,5,MODERATE,70.0,0.0318325187660633
2021-08-16,5,MODERATE,72.0,0.07416564877670573
2021-08-17,5,MODERATE,72.0,0.06518995348034329
2021-08-18,5,MODERATE,73.0,0.08878510878076074
2021-08-19,5,MODERATE,70.0,0.0047969579960360775
2021-08-20,5,MODERATE,70.0,-0.005701518685550466
2021-08-23,5,MODERATE,79.0,-0.05158772867488626
2021-08-24,5,MODERATE,79.0,-0.01137176248520455
2021-08-25,5,MODERATE,73.0,-0.0023262306476168337
2021-08-26,5,MODERATE,75.0,0.04956879159292993
2021-08-27,5,MODERATE,71.0,0.019513489296850706
2021-08-30,5,MODERATE,73.0,-0.005195826456030117
2021-08-31,5,MODERATE,73.0,-0.02306169188775309
2021-09-01,5,MODERATE,71.0,-0.051578955141817096
2021-09-02,5,MODERATE,74.0,-0.0944068665744544
2021-09-03,5,MODERATE,74.0,-0.10668879669416564
2021-09-07,5,MODERATE,79.0,0.005992614980881994
2021-09-08,5,MODERATE,47.0,0.044242009868382004
2021-09-09,5,MODERATE,45.0,0.029562879898490158
2021-09-10,5,MODERATE,46.0,0.051743986833677535
2021-09-13,5,MODERATE,44.0,-0.04828061797129468
2021-09-14,5,MODERATE,30.0,-0.14604089261253073
2021-09-15,5,MODERATE,49.0,-0.10039589193025678
2021-09-16,5,MODERATE,53.0,-0.062348843471093485
2021-09-17,5,MODERATE,48.0,-0.0983569590516904
2021-09-20,5,MODERATE,50.0,-0.014294405656675835
2021-09-21,5,MODERATE,27.0,0.008341529258909075
2021-09-22,5,MODERATE,21.0,-0.04722914792330157
2021-09-23,5,MODERATE,27.0,-0.024902696828362103
2021-09-24,5,MODERATE,33.0,0.11616791739279297
2021-09-27,5,MODERATE,26.0,0.15085522076769675
2021-09-28,5,MODERATE,25.0,0.22745516425012324
2021-09-29,5,MODERATE,24.0,0.2866403408128617
2021-09-30,5,EXTREME_FEAR,20.0,0.20595878636135145
2021-10-01,5,MODERATE,27.0,0.11475412817423947
2021-10-04,5,MODERATE,54.0,0.1573985976243304
2021-10-05,5,MODERATE,59.0,0.08421522358356048
2021-10-06,5,MODERATE,68.0,0.036179937022733144
2021-10-07,5,MODERATE,76.0,0.0632914856541813
2021-10-08,5,MODERATE,74.0,0.13217518328459232
2021-10-11,5,MODERATE,71.0,0.07603453676732164
2021-10-12,5,MODERATE,78.0,0.1368837439339068
2021-10-13,5,MODERATE,70.0,0.13948276365945889
2021-10-14,5,MODERATE,70.0,0.0818423409706277
2021-10-15,5,MODERATE,71.0,-0.01474736848665592
2021-10-18,5,MODERATE,78.0,0.016211745606794503
2021-10-19,5,MODERATE,75.0,-0.06257888415476764
2021-10-20,5,EXTREME_GREED,82.0,-0.1208205625604859
2021-10-21,5,EXTREME_GREED,84.0,-0.025858402581732554
2021-10-22,5,MODERATE,75.0,0.02498822400612588
2021-10-25,5,MODERATE,72.0,-0.032820561966435235
2021-10-26,5,MODERATE,76.0,0.04633250148310042
2021-10-27,5,MODERATE,73.0,0.07393353972963301
2021-10-28,5,MODERATE,66.0,0.013600013886999829
2021-10-29,5,MODERATE,70.0,-0.017872490806121633
2021-11-01,5,MODERATE,74.0,0.10217105923103742
2021-11-02,5,MODERATE,73.0,0.05755008270036277
2021-11-03,5,MODERATE,76.0,0.03165472289706761
2021-11-04,5,MODERATE,73.0,0.05535700904439422
2021-11-05,5,MODERATE,73.0,0.04838470071364909
2021-11-08,5,MODERATE,75.0,-0.06116630772901299
2021-11-09,5,EXTREME_GREED,84.0,-0.10724366279839526
2021-11-10,5,MODERATE,75.0,-0.07385453245571627
2021-11-11,5,MODERATE,77.0,-0.13158153475174283
2021-11-12,5,MODERATE,74.0,-0.0988141241867242
2021-11-15,5,MODERATE,72.0,-0.12144657718461538
2021-11-16,5,MODERATE,71.0,-0.044042874829818945
2021-11-17,5,MODERATE,52.0,-0.07011255971669139
2021-11-18,5,MODERATE,54.0,-0.061050772173884216
2021-11-19,5,MODERATE,34.0,-0.005400205116655288
2021-11-22,5,MODERATE,50.0,0.012642182960531878
2021-11-23,5,MODERATE,33.0,-0.005910284407837807
2021-11-24,5,MODERATE,42.0,0.0035011334480579137
2021-11-26,5,MODERATE,47.0,0.0005315106432177696
2021-11-29,5,MODERATE,33.0,-0.13349423699160456
2021-11-30,5,MODERATE,40.0,-0.1172188468336628
2021-12-01,5,MODERATE,34.0,-0.12500691378989282
2021-12-02,5,MODERATE,32.0,-0.1695011674896263
2021-12-03,5,MODERATE,31.0,-0.12620540124589974
2021-12-06,5,EXTREME_FEAR,16.0,-0.07906171546789786
2021-12-07,5,MODERATE,25.0,-0.0840560108251911
2021-12-08,5,MODERATE,28.0,-0.032357946503823065
2021-12-09,5,MODERATE,29.0,-0.00014045489380554166
2021-12-10,5,MODERATE,24.0,-0.022284728728229952
2021-12-13,5,MODERATE,28.0,0.0030506388762201464
2021-12-14,5,MODERATE,21.0,0.04865425938411372
2021-12-15,5,MODERATE,28.0,-0.005500353122356527
2021-12-16,5,MODERATE,29.0,0.06338565040568866
2021-12-17,5,MODERATE,23.0,0.0917238160934335
2021-12-20,5,MODERATE,25.0,0.015001543730292832
2021-12-21,5,MODERATE,27.0,-0.05226326111351609
2021-12-22,5,MODERATE,45.0,-0.030279687993894466
2021-12-23,5,MODERATE,34.0,-0.09231080008034587
2021-12-27,5,MODERATE,40.0,-0.08619883046006649
2021-12-28,5,MODERATE,41.0,-0.036186338611951196
2021-12-29,5,MODERATE,27.0,-0.06391661511042201
2021-12-30,5,MODERATE,22.0,-0.08899465112714444
2021-12-31,5,MODERATE,28.0,-0.10819346702065435
2022-01-03,5,MODERATE,29.0,-0.10514633730013045
2022-01-04,5,MODERATE,23.0,-0.07137399199882988
2022-01-05,5,MODERATE,24.0,0.008686203707894524
2022-01-06,5,EXTREME_FEAR,15.0,-0.013279326940585534
2022-01-07,5,EXTREME_FEAR,18.0,0.03642832640561222
2022-01-10,5,MODERATE,23.0,0.013168635448475019
2022-01-11,5,MODERATE,21.0,-0.02347468563183508
2022-01-12,5,MODERATE,22.0,-0.07728533597935061
2022-01-13,5,MODERATE,21.0,-0.15551419094272068
2022-01-14,5,MODERATE,21.0,-0.16198450359030958
2022-01-18,5,MODERATE,24.0,-0.13689949757872966
2022-01-19,5,MODERATE,24.0,-0.12465041158542456
2022-01-20,5,MODERATE,24.0,-0.09109983059903493
2022-01-21,5,EXTREME_FEAR,19.0,0.035752357406820146
2022-01-24,5,EXTREME_FEAR,13.0,0.04868831870703372
2022-01-25,5,EXTREME_FEAR,12.0,0.04728315038271669
2022-01-26,5,MODERATE,23.0,0.0027332348731594625
2022-01-27,5,EXTREME_FEAR,20.0,0.0004406128143652488
2022-01-28,5,MODERATE,24.0,0.09381999118139728
2022-01-31,5,EXTREME_FEAR,20.0,0.13033331357633093
2022-02-01,5,MODERATE,26.0,0.1299208040390354
2022-02-02,5,MODERATE,28.0,0.18221365768015563
2022-02-03,5,EXTREME_FEAR,20.0,0.15916904806677512
2022-02-04,5,EXTREME_FEAR,20.0,0.021621038554156202
2022-02-07,5,MODERATE,45.0,-0.02900603091700238
2022-02-08,5,MODERATE,48.0,0.010299764604899897
2022-02-09,5,MODERATE,54.0,-0.008537644126996202
2022-02-10,5,MODERATE,50.0,-0.07201658106471176
2022-02-11,5,MODERATE,50.0,-0.0576819814333005
2022-02-14,5,MODERATE,46.0,-0.10646210786700361
2022-02-15,5,MODERATE,46.0,-0.17827634696966466
2022-02-16,5,MODERATE,51.0,-0.13702147196821612
2022-02-17,5,MODERATE,52.0,-0.03320069065380582
2022-02-18,5,MODERATE,30.0,0.07603030282277246
2022-02-22,5,EXTREME_FEAR,20.0,0.14713224331677788
2022-02-23,5,MODERATE,25.0,0.16356216199679086
2022-02-24,5,MODERATE,23.0,0.10206810339282768
2022-02-25,5,MODERATE,27.0,-0.0019556227677137716
2022-02-28,5,EXTREME_FEAR,20.0,-0.12646643591499007
2022-03-01,5,MODERATE,51.0,-0.13541507803155373
2022-03-02,5,MODERATE,52.0,-0.04520052908228789
2022-03-03,5,MODERATE,39.0,-0.07365290723040485
2022-03-04,5,MODERATE,33.0,-0.008793113955815723
2022-03-07,5,MODERATE,23.0,0.04129596837785976
2022-03-08,5,MODERATE,21.0,0.015408758263720568
2022-03-09,5,MODERATE,22.0,-0.020186607075937557
2022-03-10,5,MODERATE,28.0,0.03766933284679852
2022-03-11,5,MODERATE,22.0,0.07463333311238118
2022-03-14,5,MODERATE,23.0,0.034959199531743534
2022-03-15,5,MODERATE,21.0,0.07396546273989535
2022-03-16,5,MODERATE,24.0,0.0416312411563271
2022-03-17,5,MODERATE,27.0,0.07091588399990645
2022-03-18,5,MODERATE,25.0,0.05916008243263593
2022-03-21,5,MODERATE,30.0,0.13739478381538128
2022-03-22,5,MODERATE,26.0,0.11383159224459782
2022-03-23,5,MODERATE,31.0,0.09277235091923552
2022-03-24,5,MODERATE,40.0,0.035260615410867224
2022-03-25,5,MODERATE,47.0,0.04266135301321938
2022-03-28,5,MODERATE,60.0,-0.010780359579595888
2022-03-29,5,MODERATE,56.0,-0.04106581992468228
2022-03-30,5,MODERATE,55.0,-0.08548352979052698
2022-03-31,5,MODERATE,52.0,-0.04571259601641109
2022-04-01,5,MODERATE,50.0,-0.09025002228536616
2022-04-04,5,MODERATE,52.0,-0.165232019576109
2022-04-05,5,MODERATE,53.0,-0.12688816716845186
2022-04-06,5,MODERATE,48.0,-0.04836604457238658
2022-04-07,5,MODERATE,34.0,-0.0855833421584602
2022-04-08,5,MODERATE,37.0,-0.03517101802965539
2022-04-11,5,MODERATE,32.0,0.04890468215181354
2022-04-12,5,EXTREME_FEAR,20.0,0.030607822503841753
2022-04-13,5,MODERATE,25.0,-0.01565303469996815
2022-04-14,5,MODERATE,28.0,-0.004899746597346155
2022-04-18,5,MODERATE,24.0,-0.009052369302041008
2022-04-19,5,MODERATE,27.0,-0.08508722062982388
2022-04-20,5,MODERATE,27.0,-0.052936617789092866
2022-04-21,5,MODERATE,27.0,-0.018768271359248523
2022-04-22,5,MODERATE,26.0,-0.028859539768158582
2022-04-25,5,MODERATE,23.0,-0.04885230568503185
2022-04-26,5,MODERATE,27.0,-0.00967499053738452
2022-04-27,5,MODERATE,21.0,0.01158495200108689
2022-04-28,5,MODERATE,24.0,-0.08384031944951476
2022-04-29,5,MODERATE,23.0,-0.06885174589632292
2022-05-02,5,MODERATE,28.0,-0.24037257024670988
2022-05-03,5,MODERATE,27.0,-0.19627163601932685
2022-05-04,5,MODERATE,21.0,-0.3162113772388395
2022-05-05,5,MODERATE,27.0,-0.23042769686925046
2022-05-06,5,MODERATE,22.0,-0.20764433376832825
2022-05-09,5,EXTREME_FEAR,11.0,-0.014429641532438753
2022-05-10,5,EXTREME_FEAR,10.0,-0.019433022947053846
2022-05-11,5,EXTREME_FEAR,12.0,-0.007495582294486658
2022-05-12,5,EXTREME_FEAR,12.0,0.04267957457589722
2022-05-13,5,EXTREME_FEAR,10.0,-0.002816618416989991
2022-05-16,5,EXTREME_FEAR,14.0,-0.025916787195146673
2022-05-17,5,EXTREME_FEAR,8.0,-0.025642316399945297
2022-05-18,5,EXTREME_FEAR,12.0,0.028898778503849032
2022-05-19,5,EXTREME_FEAR,13.0,-0.03515239355191935
2022-05-20,5,EXTREME_FEAR,13.0,-0.019823672574881046
2022-05-23,5,EXTREME_FEAR,10.0,0.08852373204327502
2022-05-24,5,EXTREME_FEAR,12.0,0.004827019605370575
2022-05-25,5,EXTREME_FEAR,11.0,0.030158181646514626
2022-05-26,5,EXTREME_FEAR,12.0,0.014826591481195361
2022-05-27,5,EXTREME_FEAR,12.0,0.0915030528587164
2022-05-31,5,EXTREME_FEAR,16.0,-0.020234348773954913
2022-06-01,5,EXTREME_FEAR,17.0,0.013839634913449528
2022-06-02,5,EXTREME_FEAR,13.0,-0.011736458543329942
2022-06-03,5,EXTREME_FEAR,10.0,-0.021113388070938433
2022-06-06,5,EXTREME_FEAR,13.0,-0.33291879113168776
2022-06-07,5,EXTREME_FEAR,15.0,-0.3385918734138752
2022-06-08,5,EXTREME_FEAR,17.0,-0.2915697513465809
2022-06-09,5,EXTREME_FEAR,11.0,-0.39028869313088954
2022-06-10,5,EXTREME_FEAR,13.0,-0.35114866301052716
2022-06-13,5,EXTREME_FEAR,11.0,-0.08230911526487972
2022-06-14,5,EXTREME_FEAR,8.0,-0.10531470364845408
2022-06-15,5,EXTREME_FEAR,7.0,-0.06814392907976519
2022-06-16,5,EXTREME_FEAR,7.0,0.04085828186410012
2022-06-17,5,EXTREME_FEAR,9.0,0.012813354816068268
2022-06-21,5,EXTREME_FEAR,9.0,-0.020979055019206605
2022-06-22,5,EXTREME_FEAR,11.0,0.005836438045536907
2022-06-23,5,EXTREME_FEAR,11.0,-0.06369322336329752
2022-06-24,5,EXTREME_FEAR,11.0,-0.09697664464502131
2022-06-27,5,EXTREME_FEAR,12.0,-0.026653031302710906
2022-06-28,5,EXTREME_FEAR,10.0,0.013109110750592623
2022-06-29,5,EXTREME_FEAR,13.0,0.07351201639909821
2022-06-30,5,EXTREME_FEAR,11.0,0.0938349508678038
2022-07-01,5,EXTREME_FEAR,11.0,0.03574237825212734
2022-07-05,5,EXTREME_FEAR,19.0,-0.043849740313733454
2022-07-06,5,EXTREME_FEAR,18.0,-0.016495429626795732
2022-07-07,5,EXTREME_FEAR,18.0,-0.05060217175217141
2022-07-08,5,EXTREME_FEAR,20.0,-0.042047197421702154
2022-07-11,5,MODERATE,22.0,0.11862006167428785
2022-07-12,5,EXTREME_FEAR,16.0,0.19094096506672553
2022-07-13,5,EXTREME_FEAR,15.0,0.1392389614855345
2022-07-14,5,EXTREME_FEAR,18.0,0.11879668845224467
2022-07-15,5,EXTREME_FEAR,15.0,0.08632654564447007
2022-07-18,5,EXTREME_FEAR,20.0,-0.05127942875684466
2022-07-19,5,MODERATE,30.0,-0.09640975458710388
2022-07-20,5,MODERATE,31.0,-0.013049089401373393
2022-07-21,5,MODERATE,34.0,0.028901363260688928
2022-07-22,5,MODERATE,33.0,0.046855664334130576
2022-07-25,5,MODERATE,30.0,0.08746292968901392
2022-07-26,5,MODERATE,26.0,0.07866772643324194
2022-07-27,5,MODERATE,28.0,-0.003671756823660277
2022-07-28,5,MODERATE,32.0,-0.05220911328419542
2022-07-29,5,MODERATE,39.0,-0.02188556950459475
2022-08-01,5,MODERATE,33.0,0.02102150299105421
2022-08-02,5,MODERATE,31.0,0.008070756577292393
2022-08-03,5,MODERATE,34.0,0.047071613338715124
2022-08-04,5,MODERATE,30.0,0.05696390097460391
2022-08-05,5,MODERATE,31.0,0.046703983943342076
2022-08-08,5,MODERATE,30.0,0.013660713548845349
2022-08-09,5,MODERATE,42.0,0.030566000771085067
2022-08-10,5,MODERATE,31.0,-0.02587273916666133
2022-08-11,5,MODERATE,41.0,-0.03158145826480807
2022-08-12,5,MODERATE,42.0,-0.15602408222339292
2022-08-15,5,MODERATE,45.0,-0.12040489784687025
2022-08-16,5,MODERATE,44.0,-0.10382059771807162
2022-08-17,5,MODERATE,41.0,-0.0868389861127361
2022-08-18,5,MODERATE,30.0,-0.07196601242900158
2022-08-19,5,MODERATE,33.0,-0.030025087086978708
2022-08-22,5,MODERATE,29.0,-0.05281783182177302
2022-08-23,5,MODERATE,28.0,-0.08383775346000322
2022-08-24,5,MODERATE,25.0,-0.0649407960126801
2022-08-25,5,MODERATE,25.0,-0.07066599530210105
2022-08-26,5,MODERATE,27.0,-0.014429758433596951
2022-08-29,5,MODERATE,24.0,-0.07466358972415776
2022-08-30,5,MODERATE,27.0,-0.025917108191454874
2022-08-31,5,MODERATE,23.0,-0.036567662056712136
2022-09-01,5,EXTREME_FEAR,20.0,0.06044061824764391
2022-09-02,5,MODERATE,25.0,0.1135211521869115
2022-09-06,5,MODERATE,22.0,0.07460017704524757
2022-09-07,5,MODERATE,24.0,0.04811105462073795
2022-09-08,5,EXTREME_FEAR,20.0,0.019030398075939536
2022-09-09,5,MODERATE,22.0,-0.07821347141851853
2022-09-12,5,MODERATE,25.0,-0.13506592697547715
2022-09-13,5,MODERATE,34.0,-0.07178420559914056
2022-09-14,5,MODERATE,27.0,-0.08738505043899059
2022-09-15,5,MODERATE,28.0,-0.01470878664859987
2022-09-16,5,EXTREME_FEAR,20.0,-0.02431359111874354
2022-09-19,5,MODERATE,21.0,-0.016584520399015257
2022-09-20,5,MODERATE,23.0,0.01156592297790282
2022-09-21,5,MODERATE,23.0,0.04631983565031683
2022-09-22,5,MODERATE,22.0,0.008182343856279362
2022-09-23,5,EXTREME_FEAR,20.0,0.006927596661238877
2022-09-26,5,MODERATE,21.0,0.02064149911487856
2022-09-27,5,EXTREME_FEAR,20.0,0.06219382898782588
2022-09-28,5,EXTREME_FEAR,20.0,0.0370865237556105
2022-09-29,5,MODERATE,22.0,0.019348296241923912
2022-09-30,5,MODERATE,21.0,0.005903791666199587
2022-10-03,5,MODERATE,24.0,-0.02487397177342643
2022-10-04,5,EXTREME_FEAR,20.0,-0.06529267118890913
2022-10-05,5,MODERATE,25.0,-0.05104456873941299
2022-10-06,5,MODERATE,26.0,-0.02911050045852015
2022-10-07,5,MODERATE,23.0,-0.018651198620415865
2022-10-10,5,MODERATE,22.0,0.021156111897385088
2022-10-11,5,MODERATE,24.0,0.014745188260761322
2022-10-12,5,EXTREME_FEAR,20.0,-0.0009353300096505146
2022-10-13,5,EXTREME_FEAR,20.0,-0.01712803569107879
2022-10-14,5,MODERATE,24.0,-0.0006875988083137052
2022-10-17,5,EXTREME_FEAR,20.0,-0.0105504786580497
2022-10-18,5,MODERATE,22.0,0.03862697429114181
2022-10-19,5,MODERATE,23.0,0.0817747905460301
2022-10-20,5,MODERATE,23.0,0.06265948538353916
2022-10-21,5,MODERATE,23.0,0.07159006730956352
2022-10-24,5,MODERATE,22.0,0.057755121297347944
2022-10-25,5,EXTREME_FEAR,20.0,0.019192563681690422
2022-10-26,5,MODERATE,33.0,-0.029855054693112004
2022-10-27,5,MODERATE,32.0,-0.003745953880703312
2022-10-28,5,MODERATE,30.0,0.026443551787549424
2022-10-31,5,MODERATE,31.0,0.0052090940932396634
2022-11-01,5,MODERATE,30.0,-0.09970712070242682
2022-11-02,5,MODERATE,30.0,-0.23856624485671896
2022-11-03,5,MODERATE,30.0,-0.13902995233622195
2022-11-04,5,MODERATE,30.0,-0.2162804041851938
2022-11-07,5,MODERATE,33.0,-0.21492935189910578
2022-11-08,5,MODERATE,31.0,-0.0935963879081293
2022-11-09,5,MODERATE,29.0,0.04846747989127975
2022-11-10,5,MODERATE,22.0,-0.05248600969935502
2022-11-11,5,MODERATE,25.0,-0.01995292825235151
2022-11-14,5,MODERATE,24.0,-0.05129361604668614
2022-11-15,5,MODERATE,22.0,-0.04202321814580978
2022-11-16,5,MODERATE,23.0,-0.0035295807893341857
2022-11-17,5,EXTREME_FEAR,20.0,-0.009977738737343644
2022-11-18,5,MODERATE,23.0,-0.029195670750221447
2022-11-21,5,MODERATE,21.0,0.04081559348193997
2022-11-22,5,MODERATE,22.0,0.05870064498549199
2022-11-23,5,MODERATE,22.0,0.021230619404387086
2022-11-25,5,EXTREME_FEAR,20.0,0.033731843977552245
2022-11-28,5,MODERATE,28.0,0.04565148652314299
2022-11-29,5,MODERATE,26.0,0.03844405766361636
2022-11-30,5,MODERATE,29.0,-0.01884068675276518
2022-12-01,5,MODERATE,27.0,0.015575581923641835
2022-12-02,5,MODERATE,27.0,0.0026002253719481505
2022-12-05,5,MODERATE,26.0,0.013552153903133912
2022-12-06,5,MODERATE,25.0,0.03968390738304328
2022-12-07,5,MODERATE,29.0,0.05583781585765224
2022-12-08,5,MODERATE,25.0,0.007595234755588209
2022-12-09,5,MODERATE,26.0,-0.028756203720022744
2022-12-12,5,MODERATE,27.0,-0.045585681342944384
2022-12-13,5,MODERATE,27.0,-0.05046176499120092
2022-12-14,5,MODERATE,30.0,-0.05765520505354882
2022-12-15,5,MODERATE,31.0,-0.031265608621445784
2022-12-16,5,MODERATE,29.0,0.008938391931231693
2022-12-19,5,MODERATE,29.0,0.016738658241599147
2022-12-20,5,MODERATE,29.0,-0.021145097141123448
2022-12-21,5,MODERATE,26.0,-0.01047194289542741
2022-12-22,5,MODERATE,28.0,-0.013624854185265711
2022-12-23,5,MODERATE,27.0,-0.006995659309218527
2022-12-27,5,MODERATE,27.0,0.008699439055769975
2022-12-28,5,MODERATE,28.0,0.017021671637581615
2022-12-29,5,MODERATE,28.0,0.01843381904761543
2022-12-30,5,MODERATE,28.0,0.035150592291006255
2023-01-03,5,MODERATE,26.0,0.0449253397146685
2023-01-04,5,MODERATE,29.0,0.06161233625036433
2023-01-05,5,MODERATE,29.0,0.11398833445899059
2023-01-06,5,MODERATE,26.0,0.16081675502710602
2023-01-09,5,MODERATE,25.0,0.2074753610188954
2023-01-10,5,MODERATE,26.0,0.1704643959947073
2023-01-11,5,MODERATE,26.0,0.16189857959987408
2023-01-12,5,MODERATE,30.0,0.18377995172073425
2023-01-13,5,MODERATE,31.0,0.14143861387965606
2023-01-17,5,MODERATE,51.0,0.06737785132232943
2023-01-18,5,MODERATE,52.0,0.1110138671769536
2023-01-19,5,MODERATE,45.0,0.08827138448021099
2023-01-20,5,MODERATE,51.0,0.017579878343328303
2023-01-23,5,MODERATE,50.0,-0.0041198902132632
2023-01-24,5,MODERATE,52.0,0.021969477527156944
2023-01-25,5,MODERATE,51.0,0.025872027415837384
2023-01-26,5,MODERATE,54.0,0.01888442613231378
2023-01-27,5,MODERATE,55.0,0.015930243410477107
2023-01-30,5,MODERATE,61.0,-0.0035100413909474604
2023-01-31,5,MODERATE,51.0,0.0053878657844713684
2023-02-01,5,MODERATE,56.0,-0.033621591289538566
2023-02-02,5,MODERATE,60.0,-0.07301978933328745
2023-02-03,5,MODERATE,60.0,-0.07978147081052045
2023-02-06,5,MODERATE,56.0,-0.04272788276197592
2023-02-07,5,MODERATE,54.0,-0.045890612426772615
2023-02-08,5,MODERATE,58.0,0.05794311792042961
2023-02-09,5,MODERATE,55.0,0.07945796435998109
2023-02-10,5,MODERATE,48.0,0.1262870315109863
2023-02-13,5,MODERATE,48.0,0.11379038961883425
2023-02-14,5,MODERATE,50.0,0.0848625266876949
2023-02-15,5,MODERATE,53.0,-0.014935397937519523
2023-02-16,5,MODERATE,62.0,-0.018169363862397425
2023-02-17,5,MODERATE,61.0,-0.04337396802948801
2023-02-21,5,MODERATE,60.0,-0.05419146666555785
2023-02-22,5,MODERATE,59.0,-0.022674264845391034
2023-02-23,5,MODERATE,56.0,-0.019907698292854548
2023-02-24,5,MODERATE,53.0,-0.036678056616182286
2023-02-27,5,MODERATE,50.0,-0.04758463490018017
2023-02-28,5,MODERATE,53.0,-0.040898042991118766
2023-03-01,5,MODERATE,50.0,-0.08507216299141451
2023-03-02,5,MODERATE,51.0,-0.14223532611046608
2023-03-03,5,MODERATE,50.0,-0.10234255726380859
2023-03-06,5,MODERATE,48.0,0.07586214321910556
2023-03-07,5,MODERATE,49.0,0.10768444698265289
2023-03-08,5,MODERATE,50.0,0.11545234221816703
2023-03-09,5,MODERATE,44.0,0.20726457751635086
2023-03-10,5,MODERATE,34.0,0.3063650517542519
2023-03-13,5,MODERATE,49.0,0.13760608210126724
2023-03-14,5,MODERATE,56.0,0.12979717676107227
2023-03-15,5,MODERATE,50.0,0.11356166180066496
2023-03-16,5,MODERATE,52.0,0.12307637075245581
2023-03-17,5,MODERATE,51.0,0.0025258202121130058
2023-03-20,5,MODERATE,66.0,-0.022852223909123115
2023-03-21,5,MODERATE,68.0,-0.032745383272519746
2023-03-22,5,MODERATE,62.0,0.03741295082619711
2023-03-23,5,MODERATE,57.0,-0.010659078836577462
2023-03-24,5,MODERATE,61.0,0.035207069237431776
2023-03-27,5,MODERATE,64.0,0.02367963313695509
2023-03-28,5,MODERATE,59.0,0.03247111891767873
2023-03-29,5,MODERATE,57.0,-0.006031074690306948
2023-03-30,5,MODERATE,60.0,0.0003772667044468214
2023-03-31,5,MODERATE,63.0,0.040413774145653836
2023-04-03,5,MODERATE,63.0,0.08431794612675714
2023-04-04,5,MODERATE,62.0,0.06763199243598494
2023-04-05,5,MODERATE,62.0,0.07587092049956046
2023-04-06,5,MODERATE,63.0,0.08347797580815786
2023-04-10,5,MODERATE,62.0,-0.007037000088231604
2023-04-11,5,MODERATE,68.0,0.005359971345252568
2023-04-12,5,MODERATE,65.0,-0.044659197467285416
2023-04-13,5,MODERATE,61.0,-0.0734604578548479
2023-04-14,5,MODERATE,68.0,-0.11121713308857828
2023-04-17,5,MODERATE,69.0,-0.06741861275240124
2023-04-18,5,MODERATE,58.0,-0.07123186597626363
2023-04-19,5,MODERATE,63.0,-0.013974403479010578
2023-04-20,5,MODERATE,52.0,0.042549856002565
2023-04-21,5,MODERATE,50.0,0.0729201303845255
2023-04-24,5,MODERATE,53.0,0.0203624436651757
2023-04-25,5,MODERATE,53.0,0.013088506182342252
2023-04-26,5,MODERATE,56.0,0.020325181138790338
2023-04-27,5,MODERATE,59.0,-0.021470649548879672
2023-04-28,5,MODERATE,64.0,0.006594476976224506
2023-05-01,5,MODERATE,63.0,-0.014243816215602667
2023-05-02,5,MODERATE,55.0,-0.03627569162036881
2023-05-03,5,MODERATE,64.0,-0.048909626056951705
2023-05-04,5,MODERATE,64.0,-0.06616455610438021
2023-05-05,5,MODERATE,61.0,-0.09696709689565775
2023-05-08,5,MODERATE,60.0,-0.018277345990515226
2023-05-09,5,MODERATE,51.0,-0.022749684183562158
2023-05-10,5,MODERATE,52.0,-0.008104401373537629
2023-05-11,5,MODERATE,52.0,-0.006263096439226068
2023-05-12,5,MODERATE,49.0,0.0031711911468685905
2023-05-15,5,MODERATE,50.0,-0.0126349175745053
2023-05-16,5,MODERATE,54.0,0.0069689883756134385
2023-05-17,5,MODERATE,50.0,-0.03960736101075302
2023-05-18,5,MODERATE,51.0,-0.013356511867123055
2023-05-19,5,MODERATE,48.0,-0.006373449635235007
2023-05-22,5,MODERATE,49.0,0.031203839891807528
2023-05-23,5,MODERATE,50.0,-0.00022291547488362262
2023-05-24,5,MODERATE,50.0,0.018254902721824395
2023-05-25,5,MODERATE,51.0,0.028791987582483136
2023-05-26,5,MODERATE,49.0,-0.03655912223758562
2023-05-30,5,MODERATE,51.0,-0.016875422244331917
2023-05-31,5,MODERATE,51.0,-0.0326230536418759
2023-06-01,5,MODERATE,52.0,-0.011692105586983415
2023-06-02,5,MODERATE,50.0,-0.02863457679051984
2023-06-05,5,MODERATE,53.0,0.005512796911308682
2023-06-06,5,MODERATE,44.0,-0.04967599469505335
2023-06-07,5,MODERATE,53.0,-0.047465924606864496
2023-06-08,5,MODERATE,50.0,-0.03578491526045258
2023-06-09,5,MODERATE,50.0,-0.005791281857340236
2023-06-12,5,MODERATE,47.0,0.08949316144061714
2023-06-13,5,MODERATE,45.0,0.1471410476914643
2023-06-14,5,MODERATE,46.0,0.17441867814438927
2023-06-15,5,MODERATE,41.0,0.18244520850242663
2023-06-16,5,MODERATE,47.0,0.13958187067395533
2023-06-20,5,MODERATE,49.0,0.0800443942474236
2023-06-21,5,MODERATE,59.0,0.0019612631275647274
2023-06-22,5,MODERATE,65.0,0.017664184244990944
2023-06-23,5,MODERATE,65.0,-0.007134478243997933
2023-06-26,5,MODERATE,55.0,0.028826466469283663
2023-06-27,5,MODERATE,59.0,-0.005686009517696045
2023-06-28,5,MODERATE,62.0,-0.005897391244604755
2023-06-29,5,MODERATE,54.0,-0.003391678802037834
2023-06-30,5,MODERATE,56.0,-0.0020620626090823713
2023-07-03,5,MODERATE,62.0,-0.017336494393680457
2023-07-05,5,MODERATE,61.0,-0.004023251360911528
2023-07-06,5,MODERATE,56.0,0.051056166278500514
2023-07-07,5,MODERATE,55.0,-0.0002701964715594585
2023-07-10,5,MODERATE,56.0,-0.008869953710137768
2023-07-11,5,MODERATE,57.0,-0.0252797885706324
2023-07-12,5,MODERATE,64.0,-0.015843732081381123
2023-07-13,5,MODERATE,57.0,-0.05498647638849308
2023-07-14,5,MODERATE,60.0,-0.01412056536556383
2023-07-17,5,MODERATE,54.0,-0.032670702199704804
2023-07-18,5,MODERATE,56.0,-0.021298360224554003
2023-07-19,5,MODERATE,50.0,-0.01886209384137283
2023-07-20,5,MODERATE,56.0,-0.019705706118019917
2023-07-21,5,MODERATE,50.0,-0.019906720166653624
2023-07-24,5,MODERATE,55.0,0.0018215385931366068
2023-07-25,5,MODERATE,50.0,0.015223316938984377
2023-07-26,5,MODERATE,51.0,-0.006939843911389465
2023-07-27,5,MODERATE,51.0,-0.0010964245479210266
2023-07-28,5,MODERATE,52.0,-0.00839670229875078
2023-07-31,5,MODERATE,50.0,-0.0016960325400157128
2023-08-01,5,MODERATE,53.0,0.0030201206129494285
2023-08-02,5,MODERATE,53.0,0.013950526712797062
2023-08-03,5,MODERATE,52.0,0.008562396944293837
2023-08-04,5,MODERATE,54.0,0.011069483568783456
2023-08-07,5,MODERATE,49.0,0.007778466938265449
2023-08-08,5,MODERATE,54.0,-0.020197040159541935
2023-08-09,5,MODERATE,50.0,-0.029513523581184087
2023-08-10,5,MODERATE,53.0,-0.09866569468791786
2023-08-11,5,MODERATE,51.0,-0.12091619641992257
2023-08-14,5,MODERATE,50.0,-0.11842200720104046
2023-08-15,5,MODERATE,53.0,-0.11383935660153877
2023-08-16,5,MODERATE,52.0,-0.08239731621367419
2023-08-17,5,MODERATE,50.0,-0.01901276187873746
2023-08-18,5,MODERATE,37.0,-7.250566186556284e-05
2023-08-21,5,MODERATE,38.0,-0.0006888812884873197
2023-08-22,5,MODERATE,37.0,0.06310748080161588
2023-08-23,5,MODERATE,37.0,0.03222473588113228
2023-08-24,5,MODERATE,41.0,-0.00886484380733199
2023-08-25,5,MODERATE,39.0,-0.00952566567106583
2023-08-28,5,MODERATE,39.0,-0.012572618059034424
2023-08-29,5,MODERATE,39.0,-0.07386052443147872
2023-08-30,5,MODERATE,49.0,-0.039494129558205415
2023-08-31,5,MODERATE,52.0,-0.0009961339691246796
2023-09-01,5,MODERATE,40.0,-0.025041654203868058
2023-09-05,5,MODERATE,40.0,0.002067735257349268
2023-09-06,5,MODERATE,42.0,0.01827960201762835
2023-09-07,5,MODERATE,41.0,0.01134833164664939
2023-09-08,5,MODERATE,46.0,0.026776722916477258
2023-09-11,5,MODERATE,40.0,0.061333584300876876
2023-09-12,5,MODERATE,30.0,0.05195955901039184
2023-09-13,5,MODERATE,41.0,0.03387422715231425
2023-09-14,5,MODERATE,45.0,0.0010529243046446535
2023-09-15,5,MODERATE,45.0,-0.0010951665638190278
2023-09-18,5,MODERATE,46.0,-0.017183346603916183
2023-09-19,5,MODERATE,46.0,-0.03720801886187375
2023-09-20,5,MODERATE,47.0,-0.029142757109692496
2023-09-21,5,MODERATE,47.0,0.016940916841965192
2023-09-22,5,MODERATE,43.0,0.012419091730812237
2023-09-25,5,MODERATE,47.0,0.04579367811047841
2023-09-26,5,MODERATE,46.0,0.045218930640058996
2023-09-27,5,MODERATE,44.0,0.05344286708975243
2023-09-28,5,MODERATE,46.0,0.014488998598950031
2023-09-29,5,MODERATE,48.0,0.03773355695740355
2023-10-02,5,MODERATE,50.0,0.0019193725780453086
2023-10-03,5,MODERATE,50.0,-0.001421316368601655
2023-10-04,5,MODERATE,49.0,-0.033880256513356244
2023-10-05,5,MODERATE,48.0,-0.02433497590469136
2023-10-06,5,MODERATE,50.0,-0.03956885390961684
2023-10-09,5,MODERATE,50.0,0.03336268826009725
2023-10-10,5,MODERATE,50.0,0.036728294839914355
2023-10-11,5,MODERATE,47.0,0.05272879593249846
2023-10-12,5,MODERATE,45.0,0.07079840874114951
2023-10-13,5,MODERATE,44.0,0.09984617194047041
2023-10-16,5,MODERATE,47.0,0.14853041636203734
2023-10-17,5,MODERATE,52.0,0.17651656758258527
2023-10-18,5,MODERATE,50.0,0.19717828845739982
2023-10-19,5,MODERATE,52.0,0.1733702388619942
2023-10-20,5,MODERATE,53.0,0.1331313006228707
2023-10-23,5,MODERATE,53.0,0.04191050662541285
2023-10-24,5,MODERATE,66.0,0.022350693639332286
2023-10-25,5,MODERATE,72.0,0.02672256813489482
2023-10-26,5,MODERATE,71.0,0.02262474353068833
2023-10-27,5,MODERATE,70.0,0.02396670583211513
2023-10-30,5,MODERATE,68.0,0.015387414793279541
2023-10-31,5,MODERATE,66.0,0.02213088129518681
2023-11-01,5,MODERATE,66.0,0.006133530967972645
2023-11-02,5,MODERATE,72.0,0.049007413830577384
2023-11-03,5,MODERATE,65.0,0.07169696683605675
2023-11-06,5,MODERATE,74.0,0.04096155450635619
2023-11-07,5,MODERATE,68.0,0.0026507913629614244
2023-11-08,5,MODERATE,66.0,0.060541465345764545
2023-11-09,5,MODERATE,69.0,-0.014780530669366687
2023-11-10,5,MODERATE,70.0,-0.019410129753021366
2023-11-13,5,MODERATE,72.0,0.02634947304333335
2023-11-14,5,MODERATE,69.0,0.007741208961179691
2023-11-15,5,MODERATE,60.0,-0.011903600847262386
2023-11-16,5,MODERATE,70.0,0.04238903685160156
2023-11-17,5,MODERATE,63.0,0.017806206235509325
2023-11-20,5,MODERATE,69.0,0.009404879015907586
2023-11-21,5,MODERATE,71.0,0.0555216759663506
2023-11-22,5,MODERATE,62.0,0.007463097500041815
2023-11-24,5,MODERATE,66.0,0.025350946106471595
2023-11-27,5,MODERATE,66.0,0.11943181030165806
2023-11-28,5,MODERATE,68.0,0.15288973125015426
2023-11-29,5,MODERATE,72.0,0.14455504051826096
2023-11-30,5,MODERATE,74.0,0.13798506947974687
2023-12-01,5,MODERATE,71.0,0.1324200225999188
2023-12-04,5,MODERATE,74.0,-0.017694065560997174
2023-12-05,5,MODERATE,75.0,-0.06152762195643491
2023-12-06,5,MODERATE,72.0,-0.01975435668199954
2023-12-07,5,MODERATE,72.0,-0.00622573548580907
2023-12-08,5,MODERATE,72.0,-0.05197309753019397
2023-12-11,5,MODERATE,74.0,0.03290508573742423
2023-12-12,5,MODERATE,67.0,0.01959683685451674
2023-12-13,5,MODERATE,65.0,0.01759882452823036
2023-12-14,5,MODERATE,72.0,0.019453929009074944
2023-12-15,5,MODERATE,70.0,0.04814617360585438
2023-12-18,5,MODERATE,65.0,-0.0024226449349380452
2023-12-19,5,MODERATE,73.0,0.027356316988017326
2023-12-20,5,MODERATE,74.0,-0.023746903519766827
2023-12-21,5,MODERATE,70.0,-0.04117784851182438
2023-12-22,5,MODERATE,74.0,0.02158606674065111
2023-12-26,5,MODERATE,71.0,0.007679056050212241
2023-12-27,5,MODERATE,73.0,0.016824022564158048
2023-12-28,5,MODERATE,73.0,0.03537242298203913
2023-12-29,5,MODERATE,65.0,0.10948628376163594
2024-01-02,5,MODERATE,71.0,0.025946385615527534
2024-01-03,5,MODERATE,70.0,0.08453337194623134
2024-01-04,5,MODERATE,68.0,0.04835177308042282
2024-01-05,5,MODERATE,72.0,-0.030100772907418305
2024-01-08,5,MODERATE,71.0,-0.0847228098023245
2024-01-09,5,MODERATE,76.0,-0.07647710552174791
2024-01-10,5,MODERATE,73.0,-0.1222530442780767
2024-01-11,5,MODERATE,76.0,-0.1080796753924802
2024-01-12,5,MODERATE,71.0,-0.08129240831175166
2024-01-16,5,MODERATE,64.0,-0.07978626858651117
2024-01-17,5,MODERATE,60.0,-0.06439285003266382
2024-01-18,5,MODERATE,63.0,-0.03272010131777647
2024-01-19,5,MODERATE,51.0,0.004757345438966665
2024-01-22,5,MODERATE,55.0,0.09139397976623576
2024-01-23,5,MODERATE,50.0,0.07508665051837782
2024-01-24,5,MODERATE,48.0,0.060641391981345105
2024-01-25,5,MODERATE,52.0,0.07573743956507784
2024-01-26,5,MODERATE,49.0,0.03221323960050504
2024-01-29,5,MODERATE,55.0,-0.014650657163747471
2024-01-30,5,MODERATE,61.0,0.0030698925348875417
2024-01-31,5,MODERATE,60.0,0.03995009155421525
2024-02-01,5,MODERATE,63.0,0.05038087254209045
2024-02-02,5,MODERATE,63.0,0.08776149342025774
2024-02-05,5,MODERATE,60.0,0.15795662109480557
2024-02-06,5,MODERATE,64.0,0.14369122762598896
2024-02-07,5,MODERATE,62.0,0.15650943092611724
2024-02-08,5,MODERATE,66.0,0.13671976887311077
2024-02-09,5,MODERATE,72.0,0.10104520607446088
2024-02-12,5,MODERATE,70.0,0.04552002301536007
2024-02-13,5,MODERATE,79.0,0.04128770746024757
2024-02-14,5,MODERATE,74.0,-0.01011768969017579
2024-02-15,5,MODERATE,72.0,-0.02350550503479676
2024-02-16,5,MODERATE,72.0,0.044291857510841526
2024-02-20,5,MODERATE,72.0,0.08784075352511622
2024-02-21,5,MODERATE,78.0,0.18709695081738897
2024-02-22,5,MODERATE,74.0,0.17633308418738358
2024-02-23,5,MODERATE,76.0,0.20766035609132083
2024-02-26,5,MODERATE,72.0,0.2257432991318491
2024-02-27,5,MODERATE,79.0,0.11122410087645562
2024-02-28,5,EXTREME_GREED,82.0,0.05602850810027915
2024-02-29,5,EXTREME_GREED,80.0,0.0894590624228142
2024-03-01,5,EXTREME_GREED,80.0,0.08969490887137765
2024-03-04,5,EXTREME_GREED,82.0,0.054030591547421736
2024-03-05,5,EXTREME_GREED,90.0,0.11366373731299428
2024-03-06,5,MODERATE,75.0,0.10033093617620348
2024-03-07,5,EXTREME_GREED,82.0,0.06467033466530592
2024-03-08,5,EXTREME_GREED,81.0,0.016030099136317144
2024-03-11,5,EXTREME_GREED,82.0,-0.06553831379171027
2024-03-12,5,EXTREME_GREED,81.0,-0.1437092095993706
2024-03-13,5,EXTREME_GREED,81.0,-0.073365255694672
2024-03-14,5,EXTREME_GREED,88.0,-0.08633146846250317
2024-03-15,5,EXTREME_GREED,83.0,-0.08452099182266193
2024-03-18,5,MODERATE,77.0,0.03505942974435228
2024-03-19,5,MODERATE,79.0,0.12259494020792472
2024-03-20,5,MODERATE,74.0,0.022446642696198893
2024-03-21,5,MODERATE,78.0,0.07716250689429294
2024-03-22,5,MODERATE,75.0,0.08881089484861016
2024-03-25,5,MODERATE,75.0,-0.06666643903223468
2024-03-26,5,EXTREME_GREED,81.0,-0.05895747456547884
2024-03-27,5,EXTREME_GREED,83.0,-0.013721167310665638
2024-03-28,5,EXTREME_GREED,80.0,-0.04196398770083487
2024-04-01,5,MODERATE,79.0,0.02730181682022037
2024-04-02,5,MODERATE,79.0,0.05487895998631753
2024-04-03,5,MODERATE,71.0,0.0674945181555322
2024-04-04,5,MODERATE,70.0,0.022397872859158507
2024-04-05,5,MODERATE,79.0,-0.00950546690398757
2024-04-08,5,MODERATE,76.0,-0.12165576044398496
2024-04-09,5,EXTREME_GREED,80.0,-0.08018007906296742
2024-04-10,5,MODERATE,78.0,-0.14145896565544702
2024-04-11,5,MODERATE,76.0,-0.09811998098478725
2024-04-12,5,MODERATE,79.0,-0.051175867926440466
2024-04-15,5,MODERATE,74.0,0.052389790959557425
2024-04-16,5,MODERATE,65.0,0.03986747229241394
2024-04-17,5,MODERATE,67.0,0.04780075632608671
2024-04-18,5,MODERATE,57.0,0.015140837009130825
2024-04-19,5,MODERATE,66.0,-0.0013832410867973266
2024-04-22,5,MODERATE,73.0,-0.0458694747149655
2024-04-23,5,MODERATE,71.0,-0.09090370594159314
2024-04-24,5,MODERATE,72.0,-0.09838732810597817
2024-04-25,5,MODERATE,72.0,-0.08675421832547214
2024-04-26,5,MODERATE,70.0,-0.013668076608208013
2024-04-29,5,MODERATE,67.0,-0.01069546346696515
2024-04-30,5,MODERATE,67.0,0.02761723625393042
2024-05-01,5,MODERATE,54.0,0.0491371734760937
2024-05-02,5,MODERATE,43.0,0.06430008953057498
2024-05-03,5,MODERATE,48.0,-0.033913571603161996
2024-05-06,5,MODERATE,71.0,-0.004132847028022857
2024-05-07,5,MODERATE,68.0,-0.012624955143955674
2024-05-08,5,MODERATE,64.0,0.07974932877603669
2024-05-09,5,MODERATE,55.0,0.03401629577470655
2024-05-10,5,MODERATE,66.0,0.09799558531524322
2024-05-13,5,MODERATE,57.0,0.12740344252460356
2024-05-14,5,MODERATE,66.0,0.13054862345388774
2024-05-15,5,MODERATE,64.0,0.04217845628220429
2024-05-16,5,MODERATE,70.0,0.040527584091597735
2024-05-17,5,MODERATE,74.0,0.02174814385459789
2024-05-20,5,MODERATE,70.0,-0.045118243336997654
2024-05-21,5,MODERATE,76.0,-0.037159915248550224
2024-05-22,5,MODERATE,76.0,-0.011017035832093125
2024-05-23,5,MODERATE,76.0,-0.00647093201514104
2024-05-24,5,MODERATE,74.0,0.004058520040318481
2024-05-28,5,MODERATE,72.0,0.03271906001405167
2024-05-29,5,MODERATE,72.0,0.050561806924502406
2024-05-30,5,MODERATE,73.0,0.03439290674621276
2024-05-31,5,MODERATE,73.0,0.027058842437126307
2024-06-03,5,MODERATE,73.0,0.010230208155280085
2024-06-04,5,MODERATE,73.0,-0.0469373920115248
2024-06-05,5,MODERATE,75.0,-0.040797375653826684
2024-06-06,5,MODERATE,78.0,-0.058203640802971135
2024-06-07,5,MODERATE,77.0,-0.0492364181284668
2024-06-10,5,MODERATE,72.0,-0.044447420231176205
2024-06-11,5,MODERATE,74.0,-0.033085817196448764
2024-06-12,5,MODERATE,72.0,-0.051300573163788776
2024-06-13,5,MODERATE,70.0,-0.04066508181861783
2024-06-14,5,MODERATE,74.0,-0.09086534094856469
2024-06-17,5,MODERATE,71.0,-0.07307757269765891
2024-06-18,5,MODERATE,74.0,-0.06877499907856732
2024-06-20,5,MODERATE,60.0,-0.051007929422070664
2024-06-21,5,MODERATE,63.0,-0.06071907735469151
2024-06-24,5,MODERATE,51.0,0.04182497150396469
2024-06-25,5,MODERATE,30.0,0.003623816857816431
2024-06-26,5,MODERATE,46.0,-0.010536187384739604
2024-06-27,5,MODERATE,40.0,-0.083629392043298
2024-06-28,5,MODERATE,47.0,-0.06180187780826385
2024-07-01,5,MODERATE,53.0,-0.0801803690194367
2024-07-02,5,MODERATE,51.0,-0.07160886633299302
2024-07-03,5,MODERATE,50.0,-0.04815490980464521
2024-07-05,5,MODERATE,29.0,0.021597731548559596
2024-07-08,5,MODERATE,28.0,0.13452350322270545
2024-07-09,5,MODERATE,27.0,0.11527866889322991
2024-07-10,5,MODERATE,28.0,0.10474409980825361
2024-07-11,5,MODERATE,29.0,0.10939363162616988
2024-07-12,5,MODERATE,25.0,0.14164906717770132
2024-07-15,5,MODERATE,52.0,0.04100214830549587
2024-07-16,5,MODERATE,65.0,0.012677514976537907
2024-07-17,5,MODERATE,69.0,0.01935856087378518
2024-07-18,5,MODERATE,61.0,0.02779588871408345
2024-07-19,5,MODERATE,60.0,0.017856460797644802
2024-07-22,5,MODERATE,70.0,-0.011388613151272153
2024-07-23,5,MODERATE,71.0,0.004137544164339202
2024-07-24,5,MODERATE,69.0,-0.011583709855571556
2024-07-25,5,MODERATE,68.0,-0.006401477424474278
2024-07-26,5,MODERATE,68.0,-0.1005584834825426
2024-07-29,5,MODERATE,74.0,-0.21317531989948368
2024-07-30,5,MODERATE,67.0,-0.16673150856969343
2024-07-31,5,MODERATE,61.0,-0.16068000361363044
2024-08-01,5,MODERATE,52.0,-0.057423992291715686
2024-08-02,5,MODERATE,57.0,-0.008748611979511711
2024-08-05,5,MODERATE,26.0,0.09470237190477349
2024-08-06,5,EXTREME_FEAR,17.0,0.07848844608277172
2024-08-07,5,MODERATE,29.0,0.06524209031253125
2024-08-08,5,EXTREME_FEAR,20.0,-0.06961862921756268
2024-08-09,5,MODERATE,48.0,-0.033165565563552546
2024-08-12,5,MODERATE,25.0,0.0023380721564540963
2024-08-13,5,MODERATE,31.0,-0.026698491725418272
2024-08-14,5,MODERATE,30.0,0.04066729744099784
2024-08-15,5,MODERATE,29.0,0.04786004543259037
2024-08-16,5,MODERATE,27.0,0.084615293121173
2024-08-19,5,MODERATE,28.0,0.055372371748870775
2024-08-20,5,MODERATE,30.0,0.008291518792720165
2024-08-21,5,MODERATE,26.0,-0.03573618349129859
2024-08-22,5,MODERATE,39.0,-0.016594412643015977
2024-08-23,5,MODERATE,34.0,-0.08079587905296903
2024-08-26,5,MODERATE,55.0,-0.09065401140882212
2024-08-27,5,MODERATE,48.0,-0.026093584881077714
2024-08-28,5,MODERATE,30.0,-0.04979210051730254
2024-08-29,5,MODERATE,29.0,-0.09606061716558179
2024-08-30,5,MODERATE,34.0,-0.03616649162823449
2024-09-03,5,MODERATE,26.0,0.0037832509925181945
2024-09-04,5,MODERATE,27.0,-0.010898408397699288
2024-09-05,5,MODERATE,29.0,0.0344170193771931
2024-09-06,5,MODERATE,22.0,0.1157866021899836
2024-09-09,5,MODERATE,26.0,0.02036268354852311
2024-09-10,5,MODERATE,33.0,0.04510581704983685
2024-09-11,5,MODERATE,37.0,0.0724142580416125
2024-09-12,5,MODERATE,31.0,0.07955867946612805
2024-09-13,5,MODERATE,32.0,0.042371968206283084
2024-09-16,5,MODERATE,39.0,0.08459939009185202
2024-09-17,5,MODERATE,33.0,0.06411654560333102
2024-09-18,5,MODERATE,45.0,0.023936250476047638
2024-09-19,5,MODERATE,49.0,0.03497916207775531
2024-09-20,5,MODERATE,54.0,0.04028478007902825
2024-09-23,5,MODERATE,50.0,-4.749453820451777e-06
2024-09-24,5,MODERATE,54.0,-0.05539196404325719
2024-09-25,5,MODERATE,59.0,-0.040568528450306784
2024-09-26,5,MODERATE,50.0,-0.07024647373215487
2024-09-27,5,MODERATE,61.0,-0.05825581982144601
2024-09-30,5,MODERATE,61.0,-0.01740703764307905
2024-10-01,5,MODERATE,50.0,0.021062366236551666
2024-10-02,5,MODERATE,42.0,-0.0008362602659743867
2024-10-03,5,MODERATE,37.0,-0.008012712615703022
2024-10-04,5,MODERATE,41.0,0.006065483185357046
2024-10-07,5,MODERATE,50.0,0.059409143869598946
2024-10-08,5,MODERATE,49.0,0.07604535282925817
2024-10-09,5,MODERATE,49.0,0.10979661684517161
2024-10-10,5,MODERATE,39.0,0.11173345503389709
2024-10-11,5,MODERATE,32.0,0.0913598727231153
2024-10-14,5,MODERATE,48.0,0.019814562771035993
2024-10-15,5,MODERATE,65.0,0.004766242355818351
2024-10-16,5,MODERATE,73.0,-0.01761430440532985
2024-10-17,5,MODERATE,71.0,0.011230772349350548
2024-10-18,5,MODERATE,73.0,-0.026306258173109942
2024-10-21,5,MODERATE,72.0,0.03700870318115479
2024-10-22,5,MODERATE,70.0,0.07655097175209469
2024-10-23,5,MODERATE,71.0,0.08518904654760662
2024-10-24,5,MODERATE,69.0,0.029691277683228545
2024-10-25,5,MODERATE,72.0,0.0417332499192451
2024-10-28,5,MODERATE,72.0,-0.03044471523217318
2024-10-29,5,MODERATE,72.0,-0.04731919331900336
2024-10-30,5,MODERATE,77.0,0.0446022013676477
2024-10-31,5,MODERATE,77.0,0.07791607195205152
2024-11-01,5,MODERATE,75.0,0.0968105565281463
2024-11-04,5,MODERATE,70.0,0.2685447116643327
2024-11-05,5,MODERATE,70.0,0.23753053290429404
2024-11-06,5,MODERATE,70.0,0.18030635212359147
2024-11-07,5,MODERATE,77.0,0.1393017801173011
2024-11-08,5,MODERATE,75.0,0.17369957506941125
2024-11-11,5,MODERATE,76.0,0.02054428291290833
2024-11-12,5,EXTREME_GREED,80.0,0.048683892365666726
2024-11-13,5,EXTREME_GREED,84.0,0.04062048687633801
2024-11-14,5,EXTREME_GREED,88.0,0.12132204657736212
2024-11-15,5,EXTREME_GREED,80.0,0.08351165038099673
2024-11-18,5,EXTREME_GREED,83.0,0.027877948162752464
2024-11-19,5,EXTREME_GREED,90.0,-0.003889447555180059
2024-11-20,5,EXTREME_GREED,83.0,0.01705792075134438
2024-11-21,5,EXTREME_GREED,82.0,-0.010646863726793576
2024-11-22,5,EXTREME_GREED,94.0,-0.03215212446502269
2024-11-25,5,EXTREME_GREED,82.0,0.03067187850014319
2024-11-26,5,MODERATE,79.0,0.07115004190643015
2024-11-27,5,MODERATE,75.0,0.006554363289251075
2024-11-29,5,MODERATE,78.0,0.024919312152985817
2024-12-02,5,EXTREME_GREED,80.0,0.016217945634504183
2024-12-03,5,MODERATE,76.0,0.006988548611955636
2024-12-04,5,MODERATE,78.0,0.024053187310712598
2024-12-05,5,EXTREME_GREED,84.0,0.03508791447333026
2024-12-06,5,MODERATE,72.0,0.015280336177817766
2024-12-09,5,MODERATE,78.0,0.08455734468560916
2024-12-10,5,MODERATE,78.0,0.09340536287263346
2024-12-11,5,MODERATE,74.0,-0.011246741351899736
2024-12-12,5,EXTREME_GREED,83.0,-0.025840508327438005
2024-12-13,5,MODERATE,76.0,-0.03718345824655156
2024-12-16,5,EXTREME_GREED,83.0,-0.11315070859594911
2024-12-17,5,EXTREME_GREED,87.0,-0.07292193916070566
2024-12-18,5,EXTREME_GREED,81.0,-0.043369616241001996
2024-12-19,5,MODERATE,75.0,-0.03471251598081482
2024-12-20,5,MODERATE,74.0,-0.053718185187416
2024-12-23,5,MODERATE,70.0,-0.01336474813128774
2024-12-24,5,MODERATE,73.0,-0.018298645049074747
2024-12-26,5,MODERATE,79.0,0.023847225438483832
2024-12-27,5,MODERATE,74.0,0.08069099955208792
2024-12-30,5,MODERATE,65.0,0.04515811222681032
2024-12-31,5,MODERATE,64.0,0.017130964477372057
2025-01-02,5,MODERATE,70.0,-0.0228147162229968
2025-01-03,5,MODERATE,74.0,-0.037288429154286096
2025-01-06,5,MODERATE,76.0,-0.05584230533137502
2025-01-07,5,MODERATE,78.0,0.03628863905354729
2025-01-08,5,MODERATE,70.0,0.04840136082911339
2025-01-10,5,MODERATE,50.0,0.09809439826594746
2025-01-13,5,MODERATE,61.0,0.11604333695537106
2025-01-14,5,MODERATE,63.0,0.07115369689076889
2025-01-15,5,MODERATE,70.0,0.033805438168757806
2025-01-16,5,MODERATE,75.0,0.049503385252538834
2025-01-17,5,MODERATE,75.0,-0.022991617506795237
2025-01-21,5,MODERATE,76.0,-0.04641104963381748
2025-01-22,5,EXTREME_GREED,84.0,0.00048361810575503483
2025-01-23,5,MODERATE,75.0,0.007428396529265857
2025-01-24,5,MODERATE,75.0,-0.02330390580582442
2025-01-27,5,MODERATE,71.0,-0.006705565447178596
2025-01-28,5,MODERATE,72.0,-0.03474829117240219
2025-01-29,5,MODERATE,72.0,-0.07079446067268558
2025-01-30,5,MODERATE,70.0,-0.08092691129840857
2025-01-31,5,MODERATE,76.0,-0.0590913967997615
2025-02-03,5,MODERATE,44.0,-0.03991485182020327
2025-02-04,5,MODERATE,72.0,-0.021944882848966785
2025-02-05,5,MODERATE,54.0,0.013063481824134193
2025-02-06,5,MODERATE,49.0,0.00031643475261056153
2025-02-07,5,MODERATE,44.0,0.010099989343501647
2025-02-10,5,MODERATE,43.0,-0.01967144290237899
2025-02-11,5,MODERATE,47.0,0.009233516656928842
2025-02-12,5,MODERATE,46.0,0.004567112095613446
2025-02-13,5,MODERATE,50.0,-0.00517066601911198
2025-02-14,5,MODERATE,48.0,-0.06450008524097717
2025-02-18,5,MODERATE,47.0,-0.07387265881592153
2025-02-19,5,MODERATE,44.0,-0.13600778022681714
2025-02-20,5,MODERATE,49.0,-0.1492037109238984
2025-02-21,5,MODERATE,55.0,-0.13040757921354995
2025-02-24,5,MODERATE,49.0,-0.06033364441908917
2025-02-25,5,MODERATE,25.0,-0.017208774429719575
2025-02-26,5,MODERATE,21.0,0.07177473084428732
2025-02-27,5,EXTREME_FEAR,10.0,0.0602188186680106
2025-02-28,5,EXTREME_FEAR,16.0,0.027698403392597104
2025-03-03,5,MODERATE,33.0,-0.09160444625615849
2025-03-04,5,EXTREME_FEAR,15.0,-0.05127971282540633
2025-03-05,5,EXTREME_FEAR,20.0,-0.0792081720626272
2025-03-06,5,MODERATE,25.0,-0.10411200830821299
2025-03-07,5,MODERATE,34.0,-0.03249704856297786
2025-03-10,5,EXTREME_FEAR,20.0,0.06821124977911497
2025-03-11,5,MODERATE,24.0,-0.0017358419682040882
2025-03-12,5,MODERATE,34.0,0.03672507766904154
2025-03-13,5,MODERATE,45.0,0.03753292981164247
2025-03-14,5,MODERATE,27.0,0.0008825616994276864
2025-03-17,5,MODERATE,32.0,0.039908947756651436
2025-03-18,5,MODERATE,34.0,0.055872071070255824
2025-03-19,5,MODERATE,32.0,0.0005370345803257237
2025-03-20,5,MODERATE,49.0,0.03513645870187254
2025-03-21,5,MODERATE,31.0,0.0036806798378337113
2025-03-24,5,MODERATE,45.0,-0.05823536719877653
2025-03-25,5,MODERATE,46.0,-0.02667581229861815
2025-03-26,5,MODERATE,47.0,-0.05214311358473411
2025-03-27,5,MODERATE,40.0,-0.047862965595929285
2025-03-28,5,MODERATE,44.0,-0.006056534289094362
2025-03-31,5,MODERATE,34.0,-0.04096865522624027
2025-04-01,5,MODERATE,34.0,-0.11033425201955804
2025-04-02,5,MODERATE,44.0,0.0010692157458080942
2025-04-03,5,MODERATE,25.0,-0.04273629532363765
2025-04-04,5,MODERATE,28.0,-0.005249307334869169
2025-04-07,5,MODERATE,23.0,0.06483071262564177
2025-04-08,5,MODERATE,24.0,0.09256316126161623
2025-04-09,5,EXTREME_FEAR,18.0,0.017525605063460237
2025-04-10,5,MODERATE,39.0,0.0640815944210189
2025-04-11,5,MODERATE,25.0,0.048148548906317146
2025-04-14,5,MODERATE,31.0,0.10008667967467266
2025-04-15,5,MODERATE,38.0,0.11322023898271372
2025-04-16,5,MODERATE,29.0,0.1114767994767285
2025-04-17,5,MODERATE,30.0,0.10950641666648142
2025-04-21,5,MODERATE,39.0,0.08179834091689964
2025-04-22,5,MODERATE,47.0,0.008980120495958754
2025-04-23,5,MODERATE,72.0,0.005409121828169994
2025-04-24,5,MODERATE,63.0,0.026766886986118177
2025-04-25,5,MODERATE,60.0,0.02285298845253525
2025-04-28,5,MODERATE,54.0,-0.0024318696198371015
2025-04-29,5,MODERATE,60.0,0.02635270533507983
2025-04-30,5,MODERATE,56.0,0.029546316144826612
2025-05-01,5,MODERATE,53.0,0.06760694078238405
2025-05-02,5,MODERATE,67.0,0.060662515349775514
2025-05-05,5,MODERATE,52.0,0.08169003549567888
2025-05-06,5,MODERATE,59.0,0.07334980177373085
2025-05-07,5,MODERATE,67.0,0.06490823031010029
2025-05-08,5,MODERATE,65.0,0.004861975513477557
2025-05-09,5,MODERATE,73.0,0.0050221663911109715
2025-05-12,5,MODERATE,70.0,0.026805541083126716
2025-05-13,5,MODERATE,70.0,0.024852077985679344
2025-05-14,5,MODERATE,73.0,0.05759716012196181
2025-05-15,5,MODERATE,70.0,0.07364497532720327
2025-05-16,5,MODERATE,71.0,0.036046794106859625
2025-05-19,5,MODERATE,74.0,0.031581823114408714
2025-05-20,5,MODERATE,71.0,0.009424796910539879
2025-05-21,5,MODERATE,70.0,-0.037495785595590636
2025-05-22,5,MODERATE,72.0,-0.07120032442556656
2025-05-23,5,MODERATE,78.0,-0.013194074757000518
2025-05-27,5,MODERATE,74.0,-0.03322807111701742
2025-05-28,5,MODERATE,71.0,-0.028894697811255643
2025-05-29,5,MODERATE,74.0,-0.039246901649038435
2025-05-30,5,MODERATE,60.0,0.0037600263030319603
2025-06-02,5,MODERATE,64.0,0.040829609133689715
2025-06-03,5,MODERATE,64.0,0.04474548876269546
2025-06-04,5,MODERATE,62.0,0.037064184340999784
2025-06-05,5,MODERATE,57.0,0.041962749342705497
2025-06-06,5,MODERATE,45.0,0.016159743472637267
2025-06-09,5,MODERATE,62.0,-0.03222288001051776
2025-06-10,5,MODERATE,71.0,-0.05266189794540699
2025-06-11,5,MODERATE,72.0,-0.03562016983181904
2025-06-12,5,MODERATE,71.0,-0.025039254496697527
2025-06-13,5,MODERATE,61.0,-0.0048490515205243945
2025-06-16,5,MODERATE,61.0,-0.0070580687990111635
2025-06-17,5,MODERATE,68.0,0.02604515685135489
2025-06-18,5,MODERATE,52.0,0.019606361147206375
2025-06-20,5,MODERATE,54.0,0.03592461868501706
2025-06-23,5,MODERATE,47.0,0.014644986787552217
2025-06-24,5,MODERATE,65.0,-0.00328086760476598
2025-06-25,5,MODERATE,66.0,0.013857020308038592
2025-06-26,5,MODERATE,74.0,0.024820088297568432
2025-06-27,5,MODERATE,65.0,0.011248844570682426
2025-06-30,5,MODERATE,66.0,0.016798714045272334
2025-07-01,5,MODERATE,64.0,0.05187918431388505
2025-07-02,5,MODERATE,63.0,0.06342345783095471
2025-07-03,5,MODERATE,73.0,0.06930791639901068
2025-07-07,5,MODERATE,73.0,0.10133470043070325
2025-07-08,5,MODERATE,65.0,0.07790302682522254
2025-07-09,5,MODERATE,66.0,0.06445584550129047
2025-07-10,5,MODERATE,71.0,0.028076326326849532
2025-07-11,5,MODERATE,71.0,0.004129030351564644
2025-07-14,5,MODERATE,74.0,-0.020314843840703034
2025-07-15,5,MODERATE,73.0,0.01865892794107582
2025-07-16,5,MODERATE,70.0,0.0001385564421032548
2025-07-17,5,MODERATE,74.0,-0.007757777809772826
2025-07-18,5,MODERATE,73.0,-0.003117852962128964
2025-07-21,5,MODERATE,71.0,0.004120750446259258
2025-07-22,5,MODERATE,72.0,-0.017428878181275476
2025-07-23,5,MODERATE,74.0,-0.007809232604880201
2025-07-24,5,MODERATE,71.0,-0.022294855864358976
2025-07-25,5,MODERATE,70.0,-0.03737768155639554
2025-07-28,5,MODERATE,75.0,-0.02448738940378936
2025-07-29,5,MODERATE,73.0,-0.03258622006706213
2025-07-30,5,MODERATE,74.0,-0.0240774087649549
2025-07-31,5,MODERATE,72.0,0.014908377173546317
2025-08-01,5,MODERATE,65.0,0.02929349943919135
2025-08-04,5,MODERATE,64.0,0.0313071796820088
2025-08-05,5,MODERATE,60.0,0.05149316346179145
2025-08-06,5,MODERATE,54.0,0.06980212944161313
2025-08-07,5,MODERATE,62.0,0.007315326228812591
2025-08-08,5,MODERATE,74.0,0.00606293332763963
2025-08-11,5,MODERATE,70.0,-0.0211012439637166
2025-08-12,5,MODERATE,68.0,-0.06303887458189772
2025-08-13,5,MODERATE,73.0,-0.07637213828532952
2025-08-14,5,MODERATE,75.0,-0.05149402289016791
2025-08-15,5,MODERATE,60.0,-0.004475699367483266
2025-08-18,5,MODERATE,60.0,-0.054152740698955704
2025-08-19,5,MODERATE,56.0,-0.009157397154208269
2025-08-20,5,MODERATE,44.0,-0.02707680223034714
2025-08-21,5,MODERATE,50.0,0.0011181659494772234
2025-08-22,5,MODERATE,50.0,-0.07516912018996402
2025-08-25,5,MODERATE,47.0,0.009725454980947124
2025-08-26,5,MODERATE,48.0,-0.0007108377821758438
2025-08-27,5,MODERATE,51.0,-0.004491746010674813
2025-08-28,5,MODERATE,48.0,-0.016970443495242016
2025-08-29,5,MODERATE,50.0,0.03320838654365765
2025-09-02,5,MODERATE,49.0,0.002962865358924205
2025-09-03,5,MODERATE,55.0,0.019782305674339362
2025-09-04,5,MODERATE,51.0,0.04229878119667996
2025-09-05,5,MODERATE,48.0,0.04808451866727914
2025-09-08,5,MODERATE,51.0,0.02965671022734906
2025-09-09,5,MODERATE,48.0,0.04653424166072995
2025-09-10,5,MODERATE,49.0,0.021814129981457597
2025-09-11,5,MODERATE,54.0,0.01401012293200754
2025-09-12,5,MODERATE,57.0,-0.0035611407495217406
2025-09-15,5,MODERATE,53.0,-0.02363339948742027
2025-09-16,5,MODERATE,52.0,-0.04220443084334535
2025-09-17,5,MODERATE,53.0,-0.02732906435877025
2025-09-18,5,MODERATE,52.0,-0.07154595077750825
2025-09-19,5,MODERATE,53.0,-0.0530380419847698
2025-09-22,5,MODERATE,45.0,0.014544681386934766
2025-09-23,5,MODERATE,43.0,0.018061982117938857
2025-09-24,5,MODERATE,44.0,0.04587710918861054
2025-09-25,5,MODERATE,44.0,0.10135286369082142
2025-09-26,5,MODERATE,28.0,0.10833704547668921
2025-09-29,5,MODERATE,50.0,0.08662759980372847
2025-09-30,5,MODERATE,50.0,0.0628237319227698
2025-10-01,5,MODERATE,49.0,0.03889633846036222
2025-10-02,5,MODERATE,64.0,0.008452061234716535
2025-10-03,5,MODERATE,63.0,-0.07692026782870043
2025-10-06,5,MODERATE,71.0,-0.0790454693970708
2025-10-07,5,MODERATE,70.0,-0.07107664907746658
2025-10-08,5,MODERATE,60.0,-0.10749048667375227
2025-10-09,5,MODERATE,70.0,-0.1177525690898813
2025-10-10,5,MODERATE,64.0,-0.061440587048239514
2025-10-13,5,MODERATE,38.0,-0.04146656477270794
2025-10-14,5,MODERATE,38.0,-0.04190023150060984
2025-10-15,5,MODERATE,34.0,-0.02833121548052997
2025-10-16,5,MODERATE,28.0,0.017261713727427352
2025-10-17,5,MODERATE,22.0,0.04199326781803814
2025-10-20,5,MODERATE,29.0,0.03142464804776468
2025-10-21,5,MODERATE,34.0,0.04046265413444905
2025-10-22,5,MODERATE,25.0,0.02173941093950127
2025-10-23,5,MODERATE,27.0,-0.016157672439895965
2025-10-24,5,MODERATE,30.0,-0.013398425528872604
2025-10-27,5,MODERATE,51.0,-0.06865352380610945
2025-10-28,5,MODERATE,50.0,-0.10604955725690557
2025-10-29,5,MODERATE,51.0,-0.05763269046939046
2025-10-30,5,MODERATE,34.0,-0.0668572340066218
2025-10-31,5,MODERATE,29.0,-0.05809926923417308
2025-11-03,5,MODERATE,42.0,-0.005184155917033362
2025-11-04,5,MODERATE,21.0,0.013754155143732572
2025-11-05,5,MODERATE,23.0,-0.02168505282069333
2025-11-06,5,MODERATE,27.0,-0.015958613305427694
2025-11-07,5,MODERATE,24.0,-0.09082041041075328
2025-11-10,5,MODERATE,29.0,-0.14059852191221456
2025-11-11,5,MODERATE,26.0,-0.10265480187206721
2025-11-12,5,MODERATE,24.0,-0.10569803292919921
2025-11-13,5,EXTREME_FEAR,15.0,-0.1404724330842253
2025-11-14,5,EXTREME_FEAR,16.0,-0.10380005241992318
2025-11-17,5,EXTREME_FEAR,14.0,-0.04240176574424526
2025-11-18,5,EXTREME_FEAR,11.0,-0.06221941626430505
2025-11-19,5,EXTREME_FEAR,15.0,-0.010414450651159424
2025-11-20,5,EXTREME_FEAR,11.0,0.04830383181452769
2025-11-21,5,EXTREME_FEAR,14.0,0.014361913032661544
2025-11-24,5,EXTREME_FEAR,19.0,0.034293834906806264
2025-11-25,5,EXTREME_FEAR,20.0,0.06842857387539247
2025-11-26,5,EXTREME_FEAR,15.0,0.01777401309612392
2025-11-28,5,MODERATE,25.0,-0.016988186213627188
2025-12-01,5,MODERATE,24.0,0.04881834518379957
2025-12-02,5,MODERATE,23.0,0.014578544011693229
2025-12-03,5,MODERATE,28.0,-0.016242550846774506
2025-12-04,5,MODERATE,26.0,0.004004392127305856
2025-12-05,5,MODERATE,28.0,0.009826030650833761
2025-12-08,5,EXTREME_FEAR,20.0,-0.047681258467808796
2025-12-09,5,MODERATE,22.0,-0.053716714230928275
2025-12-10,5,MODERATE,26.0,-0.0659987144251466
2025-12-11,5,MODERATE,29.0,-0.07925341303106315
2025-12-12,5,MODERATE,29.0,-0.024298836610507912
2025-12-15,5,EXTREME_FEAR,16.0,0.023673128595051995
2025-12-16,5,EXTREME_FEAR,11.0,-0.004906883292979725
2025-12-17,5,EXTREME_FEAR,16.0,0.016900025851937173
2025-12-18,5,EXTREME_FEAR,17.0,0.021289064775401823
2025-12-19,5,EXTREME_FEAR,16.0,-0.011016246950799946
2025-12-22,5,MODERATE,25.0,-0.0006769473721974784
2025-12-23,5,MODERATE,24.0,0.0010842282314564855
2025-12-24,5,MODERATE,24.0,0.02627745591813868
2025-12-26,5,EXTREME_FEAR,20.0,0.07267774344856193
2025-12-29,5,MODERATE,24.0,0.07291329049485595
2025-12-30,5,MODERATE,23.0,0.03202622543591316
2025-12-31,5,MODERATE,21.0,0.03941785789245733
2026-01-02,5,MODERATE,28.0,0.006299623952205735
2026-01-05,5,MODERATE,26.0,-0.029066528799638114
2026-01-06,5,MODERATE,44.0,0.016850365943339884
2026-01-07,5,MODERATE,42.0,0.059743131015370654
2026-01-08,5,MODERATE,28.0,0.04850455963336975
2026-01-09,5,MODERATE,27.0,0.05389461123098682
2026-01-12,5,MODERATE,27.0,-0.03211444050582335
2026-01-13,5,MODERATE,26.0,-0.06439539777715275
2026-01-14,5,MODERATE,48.0,-0.08016311782992913
2026-01-15,5,MODERATE,61.0,-0.06538017822425068
2026-01-16,5,MODERATE,49.0,-0.07902131510640054
2026-01-20,5,MODERATE,32.0,0.008924567990714838
2026-01-21,5,MODERATE,24.0,-0.0021548952688918988
2026-01-22,5,EXTREME_FEAR,20.0,-0.05633892254207762
2026-01-23,5,MODERATE,24.0,-0.061934671302549926
2026-01-26,5,EXTREME_FEAR,20.0,-0.11486750912988608
2026-01-27,5,MODERATE,29.0,-0.16388825506944382
2026-01-28,5,MODERATE,29.0,-0.1999787355117446
2026-01-29,5,MODERATE,26.0,-0.29908519403810896
2026-01-30,5,EXTREME_FEAR,16.0,-0.17594916517508175
2026-02-02,5,EXTREME_FEAR,14.0,-0.11528119426367889
2026-02-03,5,EXTREME_FEAR,17.0,-0.09478396247859955
2026-02-04,5,EXTREME_FEAR,14.0,-0.08615656774921532
2026-02-05,5,EXTREME_FEAR,12.0,0.05461547200639694
2026-02-06,5,EXTREME_FEAR,9.0,-0.024353940069924196
2026-02-09,5,EXTREME_FEAR,14.0,-0.038177255543017985
2026-02-10,5,EXTREME_FEAR,9.0,-0.03503765021333538
2026-02-11,5,EXTREME_FEAR,11.0,-0.0005143030062559895
2026-02-12,5,EXTREME_FEAR,5.0,0.026577060925211393
2026-02-13,5,EXTREME_FEAR,9.0,-0.06357066013823376
2026-02-17,5,EXTREME_FEAR,10.0,-0.05190897275391171
2026-02-18,5,EXTREME_FEAR,8.0,0.02284282231717616
2026-02-19,5,EXTREME_FEAR,9.0,0.007384085510070859
2026-02-20,5,EXTREME_FEAR,7.0,-0.031725255546319886
2026-02-23,5,EXTREME_FEAR,5.0,0.06237920484796833
2026-02-24,5,EXTREME_FEAR,8.0,0.06368379388545842
2026-02-25,5,EXTREME_FEAR,11.0,0.06756574161820827
2026-02-26,5,EXTREME_FEAR,11.0,0.04899716833992063
2026-02-27,5,EXTREME_FEAR,13.0,0.033650751509825216
2026-03-02,5,EXTREME_FEAR,10.0,-0.0054450281333369155
2026-03-03,5,EXTREME_FEAR,14.0,0.02363395632160037
2026-03-04,5,EXTREME_FEAR,10.0,-0.035069013390998105
2026-03-05,5,MODERATE,22.0,-0.004919740789951277
2026-03-06,5,EXTREME_FEAR,18.0,0.04071988267844606
2026-03-09,5,EXTREME_FEAR,8.0,0.09022654815427034
2026-03-10,5,EXTREME_FEAR,13.0,0.05556620653730837
2026-03-11,5,EXTREME_FEAR,15.0,0.01471489147286631
2026-03-12,5,EXTREME_FEAR,18.0,-0.008271358085119918
2026-03-13,5,EXTREME_FEAR,15.0,-0.006299787676214752
2026-03-16,5,MODERATE,23.0,-0.05415421487928107
2026-03-17,5,MODERATE,28.0,-0.04715092784769759
2026-03-18,5,MODERATE,26.0,0.000902170866533325
2026-03-19,5,MODERATE,23.0,-0.01616658689325501
2026-03-20,5,EXTREME_FEAR,11.0,-0.06116448822591081
2026-03-23,5,EXTREME_FEAR,8.0,-0.06140330522513571
2026-03-24,5,EXTREME_FEAR,11.0,-0.03293310353086065
2026-03-25,5,EXTREME_FEAR,14.0,-0.04637267226569408
2026-03-26,5,EXTREME_FEAR,10.0,-0.02805390268715402
2026-03-27,5,EXTREME_FEAR,13.0,0.03730442370760012
2026-03-30,5,EXTREME_FEAR,8.0,0.07576552347788024
2026-03-31,5,EXTREME_FEAR,11.0,0.04148292672239906
2026-04-01,5,EXTREME_FEAR,8.0,0.05277404496433302
2026-04-02,5,EXTREME_FEAR,12.0,0.08714426564673716
2026-04-06,5,EXTREME_FEAR,13.0,0.07851997612210493
2026-04-07,5,EXTREME_FEAR,11.0,0.030674055374457776
2026-04-08,5,EXTREME_FEAR,17.0,0.05046994665108917
2026-04-09,5,EXTREME_FEAR,14.0,0.04607819715024597
2026-04-10,5,EXTREME_FEAR,16.0,0.055279422275120726
2026-04-13,5,EXTREME_FEAR,12.0,0.018461670791037665
2026-04-14,5,MODERATE,21.0,0.028848088951979545
2026-04-15,5,MODERATE,23.0,0.044423536641593486
2026-04-16,5,MODERATE,23.0,0.040636516016842705
2026-04-17,5,MODERATE,21.0,0.004249364037738346
2026-04-20,5,MODERATE,29.0,0.019500877237155212
2026-04-21,5,MODERATE,33.0,-2.7524755526808775e-05
2026-04-22,5,MODERATE,32.0,-0.03152593617061106
2026-04-23,5,MODERATE,46.0,-0.02542145315779587
2026-04-24,5,MODERATE,39.0,0.009299912136941035
2026-04-27,5,MODERATE,47.0,0.031317659653918195
2026-04-28,5,MODERATE,33.0,0.058211357951178044
2026-04-29,5,MODERATE,26.0,0.07193006505019284
2026-04-30,5,MODERATE,29.0,0.047421969824155585
2026-05-01,5,MODERATE,26.0,0.025357414823139912
2026-05-04,5,MODERATE,40.0,0.023527147174405627
2026-05-05,5,MODERATE,50.0,-0.005570644337784536
2026-05-06,5,MODERATE,46.0,-0.02676391062629424
2026-05-07,5,MODERATE,47.0,0.012930141423429742
2026-05-08,5,MODERATE,38.0,-0.014079588606557447
2026-05-11,5,MODERATE,48.0,-0.060190218664598394
2026-05-12,5,MODERATE,49.0,-0.047412350958643046
2026-05-13,5,MODERATE,42.0,-0.023216597943792383
2026-05-14,5,MODERATE,34.0,-0.04429841842728921
2026-05-15,5,MODERATE,43.0,-0.04630198399294416
2026-05-18,5,MODERATE,28.0,-0.014772335556918481
2026-05-19,5,MODERATE,25.0,-0.03185276628131506
2026-05-20,5,MODERATE,27.0,-0.05195030372681719
2026-05-21,5,MODERATE,29.0,-0.05523372676495164
2026-05-22,5,MODERATE,28.0,-0.05680329522519756
2026-05-26,5,MODERATE,34.0,-0.12817797089693173
2026-05-27,5,MODERATE,25.0,-0.1496048824630145
2026-05-28,5,MODERATE,22.0,-0.14200476095056458
2026-05-29,5,MODERATE,23.0,-0.1859442037529675
2026-06-01,5,MODERATE,29.0,-0.12260198870414563
2026-06-02,5,MODERATE,23.0,-0.07888741509585984
2026-06-03,5,EXTREME_FEAR,11.0,-0.04089527889107436
2026-06-04,5,EXTREME_FEAR,12.0,-0.0037769292175722224
2026-06-05,5,EXTREME_FEAR,12.0,0.04211465555896554
2026-06-08,5,EXTREME_FEAR,8.0,0.049459886026916644
2026-06-09,5,EXTREME_FEAR,10.0,0.06221310886217357
2026-06-10,5,EXTREME_FEAR,9.0,0.04718774341671539
2026-06-11,5,EXTREME_FEAR,12.0,-0.010510851566892798
2026-06-12,5,EXTREME_FEAR,12.0,0.0064144738985458805
2026-06-15,5,EXTREME_FEAR,20.0,-0.0561802514156311
2026-06-16,5,MODERATE,23.0,-0.072791390496453
2026-06-17,5,MODERATE,22.0,-0.07570497708205814
2026-06-18,5,EXTREME_FEAR,15.0,-0.04687173067392991
2026-06-22,5,EXTREME_FEAR,20.0,-0.06148622929002334
2026-06-23,5,MODERATE,23.0,-0.06781887061601322
2026-06-24,5,EXTREME_FEAR,17.0,-0.016386880561662265
2026-06-25,5,EXTREME_FEAR,12.0,0.029103101643197737
2026-06-26,5,EXTREME_FEAR,13.0,0.0641868466044031
2026-06-29,5,EXTREME_FEAR,12.0,0.05119594579555531
2026-06-30,5,EXTREME_FEAR,15.0,0.06124781056246875
2026-07-01,5,EXTREME_FEAR,11.0,0.0517886940076413
2026-07-02,5,EXTREME_FEAR,19.0,0.04206955044240668
2026-07-06,5,MODERATE,24.0,-0.02782144094137151
2026-07-07,5,MODERATE,27.0,0.02586769391106669
2026-07-08,5,EXTREME_FEAR,20.0,0.038672248465625
2026-07-09,5,MODERATE,22.0,0.009389286273462583
2026-07-10,5,MODERATE,23.0,-0.0035567596849996885
2026-07-13,5,MODERATE,28.0,0.04693614647165312
2026-07-14,5,MODERATE,22.0,0.023567150791106384
2026-07-15,5,MODERATE,25.0,0.02122835177702731
2026-07-16,5,MODERATE,25.0,0.019491284679294285
2026-07-17,5,MODERATE,27.0,0.0031099764603730318
2026-07-20,5,MODERATE,29.0,-0.02334454849905776
2026-07-21,5,MODERATE,25.0,-0.040407900389914486
2026-07-22,5,MODERATE,33.0,-0.03373362493079557
2026-07-23,5,MODERATE,31.0,-0.004924162035929491
2026-07-24,5,MODERATE,28.0,-0.020246965410339213
2026-07-27,5,MODERATE,30.0,-0.0041514129036341885
2026-07-28,5,MODERATE,29.0,0.002885857016991844
2026-07-29,5,MODERATE,29.0,0.010728532897544829
2026-07-30,5,MODERATE,28.0,-0.0071820538282911794
2026-07-31,5,MODERATE,25.0,0.03236842359571357
2026-08-03,5,MODERATE,28.0,0.007061068191318798
2026-08-04,5,MODERATE,25.0,-0.00790046746097861
2026-08-05,5,MODERATE,27.0,-0.018673464883333546
2026-08-06,5,MODERATE,25.0,-0.013472122005519616
2026-08-07,5,MODERATE,29.0,-0.02979510942198127
2026-08-10,5,MODERATE,30.0,0.00927716710191806
2026-08-11,5,MODERATE,29.0,0.017606524733532636
2026-08-12,5,MODERATE,27.0,0.08845462679778593
2026-08-13,5,MODERATE,29.0,0.14140996009361428
2026-08-14,5,MODERATE,29.0,0.21824964486987186
2026-08-17,5,MODERATE,31.0,0.20223600762076677
2026-08-18,5,MODERATE,41.0,0.1944629830611353
2026-08-19,5,MODERATE,46.0,0.13183803231548819
2026-08-20,5,MODERATE,62.0,0.09433262464813064
2026-08-21,5,MODERATE,72.0,-0.006466220420125346
2026-08-24,5,MODERATE,73.0,-0.005280227273948945
2026-08-25,5,MODERATE,74.0,-0.01489239519789054
2026-08-26,5,MODERATE,65.0,-0.022094783901376758
2026-08-27,5,MODERATE,71.0,0.012557679264580734
2026-08-28,5,MODERATE,73.0,0.023387139407550883
2026-08-31,5,MODERATE,62.0,-0.001402084983508356
2026-09-01,5,MODERATE,69.0,0.010996913162045097
2026-09-02,5,MODERATE,63.0,-0.009519253249806958
2026-09-03,5,MODERATE,65.0,-0.05173840086868475
2026-09-04,5,MODERATE,74.0,-0.01911652698787014
2026-09-08,5,MODERATE,69.0,-0.03669415749567051
2026-09-09,5,MODERATE,66.0,-0.027321241617839664
2026-09-10,5,MODERATE,69.0,-0.002148781932062249
2018-02-02,20,EXTREME_FEAR,15.0,0.27046075533822145
2018-02-05,20,EXTREME_FEAR,11.0,0.43818367681429193
2018-02-06,20,EXTREME_FEAR,8.0,0.2509273443388189
2018-02-07,20,MODERATE,36.0,0.20923173911930973
2018-02-08,20,MODERATE,30.0,0.12194278909859846
2018-02-09,20,MODERATE,44.0,0.052195217874678596
2018-02-12,20,MODERATE,42.0,0.02961124465921677
2018-02-13,20,MODERATE,35.0,-0.03895414014103561
2018-02-14,20,MODERATE,55.0,-0.13436719703933334
2018-02-15,20,MODERATE,71.0,-0.19822289529221698
2018-02-16,20,MODERATE,67.0,-0.17038591097938321
2018-02-20,20,MODERATE,74.0,-0.24637429622645715
2018-02-21,20,MODERATE,54.0,-0.1800103838637325
2018-02-22,20,MODERATE,44.0,-0.13649490260265862
2018-02-23,20,MODERATE,39.0,-0.14849187123608393
2018-02-26,20,MODERATE,37.0,-0.23331887801776724
2018-02-27,20,MODERATE,44.0,-0.31428268092610706
2018-02-28,20,MODERATE,41.0,-0.2678686107443383
2018-03-01,20,MODERATE,38.0,-0.42412499539008885
2018-03-02,20,MODERATE,47.0,-0.4479087078121936
2018-03-05,20,MODERATE,55.0,-0.4396668919025567
2018-03-06,20,MODERATE,59.0,-0.4528742688865778
2018-03-07,20,MODERATE,37.0,-0.38052819614804134
2018-03-08,20,MODERATE,39.0,-0.34762110581588657
2018-03-09,20,MODERATE,37.0,-0.32143497739778515
2018-03-12,20,MODERATE,41.0,-0.2977385418431965
2018-03-13,20,MODERATE,41.0,-0.2772693647315248
2018-03-14,20,MODERATE,40.0,-0.04711040890073914
2018-03-15,20,MODERATE,32.0,-0.05000793493024583
2018-03-16,20,MODERATE,33.0,-0.0341167874229653
2018-03-19,20,MODERATE,29.0,-0.08819260450235736
2018-03-20,20,MODERATE,37.0,-0.08790039579828418
2018-03-21,20,MODERATE,36.0,-0.07376610942347261
2018-03-22,20,MODERATE,36.0,0.01335610493475306
2018-03-23,20,MODERATE,28.0,0.005756144651555276
2018-03-26,20,MODERATE,31.0,0.16658823356338603
2018-03-27,20,MODERATE,24.0,0.12158532373524868
2018-03-28,20,MODERATE,24.0,0.15428893432226068
2018-03-29,20,EXTREME_FEAR,18.0,0.22647884961642115
2018-04-02,20,EXTREME_FEAR,11.0,0.2657909272417889
2018-04-03,20,MODERATE,22.0,0.2013274077037192
2018-04-04,20,MODERATE,22.0,0.2982911648877569
2018-04-05,20,EXTREME_FEAR,17.0,0.35802939168912895
2018-04-06,20,EXTREME_FEAR,19.0,0.37964664229690404
2018-04-09,20,MODERATE,21.0,0.32522535077047493
2018-04-10,20,EXTREME_FEAR,18.0,0.30095983435314855
2018-04-11,20,EXTREME_FEAR,20.0,0.2913440972862499
2018-04-12,20,EXTREME_FEAR,18.0,0.1365938943668148
2018-04-13,20,MODERATE,23.0,0.06680762976040233
2018-04-17,20,MODERATE,26.0,0.07415931949467443
2018-04-18,20,MODERATE,24.0,0.024850909871881405
2018-04-19,20,MODERATE,25.0,-0.0244071263233865
2018-04-20,20,MODERATE,26.0,-0.06961543431515725
2018-04-23,20,MODERATE,28.0,-0.059025024740411575
2018-04-24,20,MODERATE,29.0,-0.1872176953260507
2018-04-25,20,MODERATE,64.0,-0.15735324813327295
2018-04-26,20,MODERATE,47.0,-0.20154317557169982
2018-04-27,20,MODERATE,55.0,-0.18353310385361604
2018-04-30,20,MODERATE,59.0,-0.21235974819958547
2018-05-01,20,MODERATE,56.0,-0.20800052385644507
2018-05-02,20,MODERATE,52.0,-0.2089748467336299
2018-05-03,20,MODERATE,55.0,-0.256222882006692
2018-05-04,20,MODERATE,56.0,-0.2553736851019554
2018-05-07,20,MODERATE,56.0,-0.20525377282866267
2018-05-08,20,MODERATE,62.0,-0.18775538479845594
2018-05-09,20,MODERATE,53.0,-0.19432785002642952
2018-05-10,20,MODERATE,63.0,-0.17067314728302313
2018-05-11,20,MODERATE,41.0,-0.20063506479941715
2018-05-14,20,MODERATE,40.0,-0.28085773248692636
2018-05-15,20,MODERATE,40.0,-0.29284753179748024
2018-05-16,20,MODERATE,32.0,-0.2260924471215703
2018-05-17,20,MODERATE,31.0,-0.2260627814719398
2018-05-18,20,MODERATE,37.0,-0.2030396787057248
2018-05-21,20,MODERATE,41.0,-0.217997680803472
2018-05-22,20,MODERATE,30.0,-0.17118233094084342
2018-05-23,20,MODERATE,26.0,-0.1160462208107188
2018-05-24,20,MODERATE,27.0,-0.2208696381076854
2018-05-25,20,MODERATE,25.0,-0.17980124339681114
2018-05-29,20,EXTREME_FEAR,16.0,-0.20399112370356556
2018-05-30,20,MODERATE,38.0,-0.18474995515180626
2018-05-31,20,MODERATE,25.0,-0.23859015257827793
2018-06-01,20,MODERATE,24.0,-0.19291797103378194
2018-06-04,20,MODERATE,41.0,-0.1276146679289347
2018-06-05,20,MODERATE,26.0,-0.1562363545727558
2018-06-06,20,MODERATE,42.0,-0.14224331381481198
2018-06-07,20,MODERATE,38.0,-0.1402459248227245
2018-06-08,20,MODERATE,40.0,-0.1231022852496664
2018-06-11,20,EXTREME_FEAR,15.0,-0.08723142819002211
2018-06-12,20,EXTREME_FEAR,19.0,-0.028922242910746798
2018-06-13,20,EXTREME_FEAR,19.0,-0.019253736644592623
2018-06-14,20,EXTREME_FEAR,17.0,-0.06775404976481464
2018-06-15,20,MODERATE,26.0,0.04321975719750665
2018-06-18,20,MODERATE,27.0,0.08346134237278188
2018-06-19,20,MODERATE,32.0,0.0850312903165068
2018-06-20,20,MODERATE,34.0,0.0970064503396495
2018-06-21,20,MODERATE,37.0,0.08872549949186911
2018-06-22,20,MODERATE,28.0,0.2370507182067972
2018-06-25,20,EXTREME_FEAR,16.0,0.29866648668776236
2018-06-26,20,MODERATE,21.0,0.29461156488803353
2018-06-27,20,EXTREME_FEAR,18.0,0.2557599200307519
2018-06-28,20,EXTREME_FEAR,20.0,0.32432270053094964
2018-06-29,20,EXTREME_FEAR,16.0,0.27425430012395746
2018-07-02,20,MODERATE,27.0,0.16239702856593902
2018-07-03,20,MODERATE,31.0,0.1550764093858492
2018-07-05,20,MODERATE,37.0,0.13083403990521186
2018-07-06,20,MODERATE,34.0,0.10797209061960039
2018-07-09,20,MODERATE,39.0,0.030681055614886155
2018-07-10,20,MODERATE,37.0,0.06471226958193388
2018-07-11,20,MODERATE,29.0,-0.01400126614567887
2018-07-12,20,MODERATE,33.0,0.0530590741084796
2018-07-13,20,MODERATE,29.0,-0.008587491435324834
2018-07-16,20,MODERATE,36.0,-0.06815571834714962
2018-07-17,20,MODERATE,39.0,-0.1662498892568379
2018-07-18,20,MODERATE,42.0,-0.15562240211478584
2018-07-19,20,MODERATE,44.0,-0.1644273549861751
2018-07-20,20,MODERATE,47.0,-0.11113157661545667
2018-07-23,20,MODERATE,44.0,-0.20075947654730422
2018-07-24,20,MODERATE,49.0,-0.26104535679045127
2018-07-25,20,MODERATE,54.0,-0.24920979529592333
2018-07-26,20,MODERATE,53.0,-0.19621669457070787
2018-07-27,20,MODERATE,47.0,-0.19477572613313465
2018-07-30,20,MODERATE,53.0,-0.1724579631217335
2018-07-31,20,MODERATE,48.0,-0.09204221152682113
2018-08-01,20,MODERATE,39.0,-0.07879581868094854
2018-08-02,20,MODERATE,39.0,-0.08102119736967428
2018-08-03,20,MODERATE,36.0,-0.05485217837617551
2018-08-06,20,MODERATE,25.0,0.0572848812584042
2018-08-07,20,MODERATE,25.0,0.005863017967333295
2018-08-08,20,MODERATE,23.0,0.03481000375779547
2018-08-09,20,EXTREME_FEAR,19.0,-0.015521267424587204
2018-08-10,20,MODERATE,21.0,0.02317276172672561
2018-08-13,20,MODERATE,21.0,0.0037452776584894765
2018-08-14,20,EXTREME_FEAR,16.0,0.024235696091028602
2018-08-15,20,EXTREME_FEAR,18.0,0.03256061930635146
2018-08-16,20,MODERATE,21.0,0.02770845682453421
2018-08-17,20,EXTREME_FEAR,19.0,-0.04656939150346584
2018-08-20,20,MODERATE,26.0,0.009900847932948487
2018-08-21,20,EXTREME_FEAR,19.0,-0.01400156772076927
2018-08-22,20,MODERATE,21.0,0.02217146493360922
2018-08-23,20,EXTREME_FEAR,18.0,0.030156448617253362
2018-08-24,20,EXTREME_FEAR,19.0,-0.01870822008653178
2018-08-27,20,EXTREME_FEAR,18.0,-0.06576013559316718
2018-08-28,20,EXTREME_FEAR,19.0,-0.08853802268074579
2018-08-29,20,EXTREME_FEAR,19.0,-0.05399337874641458
2018-08-30,20,MODERATE,22.0,-0.04906155970817516
2018-08-31,20,EXTREME_FEAR,17.0,-0.06576867066595798
2018-09-04,20,MODERATE,26.0,-0.11588954314886568
2018-09-05,20,EXTREME_FEAR,17.0,-0.04366712058885036
2018-09-06,20,EXTREME_FEAR,14.0,0.007251752769377007
2018-09-07,20,EXTREME_FEAR,17.0,0.02374679979351979
2018-09-10,20,EXTREME_FEAR,15.0,0.04969926133967306
2018-09-11,20,EXTREME_FEAR,18.0,0.04960040096285284
2018-09-12,20,EXTREME_FEAR,14.0,0.036136578731856606
2018-09-13,20,EXTREME_FEAR,20.0,-0.04088231996763331
2018-09-14,20,MODERATE,23.0,-0.037249083285200046
2018-09-17,20,MODERATE,25.0,0.04898419894326167
2018-09-18,20,MODERATE,21.0,0.03467656086506565
2018-09-19,20,MODERATE,24.0,0.022544487601759644
2018-09-20,20,MODERATE,24.0,-0.006611089825615202
2018-09-21,20,MODERATE,31.0,-0.04084396214280811
2018-09-24,20,MODERATE,43.0,-0.01654911351011895
2018-09-25,20,MODERATE,37.0,0.004530195465319853
2018-09-26,20,MODERATE,37.0,0.00012929783774867643
2018-09-27,20,MODERATE,42.0,-0.03048352063658616
2018-09-28,20,MODERATE,42.0,-0.025823743646461395
2018-10-01,20,MODERATE,35.0,-0.03978008831492902
2018-10-02,20,MODERATE,33.0,-0.03442135148065595
2018-10-03,20,MODERATE,36.0,-0.028859584607790534
2018-10-04,20,MODERATE,29.0,-0.03071152961241247
2018-10-05,20,MODERATE,37.0,-0.03597982124547294
2018-10-08,20,MODERATE,26.0,-0.035586952727042154
2018-10-09,20,MODERATE,31.0,-0.027723879366105653
2018-10-10,20,MODERATE,28.0,-0.008446381780695122
2018-10-11,20,EXTREME_FEAR,19.0,0.03107733888951414
2018-10-12,20,EXTREME_FEAR,13.0,0.017542042748415254
2018-10-15,20,EXTREME_FEAR,20.0,-0.03474645023255901
2018-10-16,20,MODERATE,24.0,-0.03653183829304879
2018-10-17,20,MODERATE,23.0,-0.1314426034676941
2018-10-18,20,MODERATE,26.0,-0.13690588559928002
2018-10-19,20,MODERATE,24.0,-0.14807552062836155
2018-10-22,20,MODERATE,27.0,-0.28642496948994334
2018-10-23,20,MODERATE,24.0,-0.37473866401176814
2018-10-24,20,MODERATE,23.0,-0.34463403354443767
2018-10-25,20,MODERATE,25.0,-0.39863659652930883
2018-10-26,20,MODERATE,29.0,-0.5384162033999735
2018-10-29,20,MODERATE,34.0,-0.5052767343290632
2018-10-30,20,MODERATE,31.0,-0.3973112527253356
2018-10-31,20,MODERATE,32.0,-0.38965744452053946
2018-11-01,20,MODERATE,29.0,-0.46221783305244524
2018-11-02,20,MODERATE,36.0,-0.49501958618541764
2018-11-05,20,MODERATE,42.0,-0.4839058579042611
2018-11-06,20,MODERATE,42.0,-0.6070116621658119
2018-11-07,20,MODERATE,48.0,-0.6468061988387723
2018-11-08,20,MODERATE,51.0,-0.6111352025060637
2018-11-09,20,MODERATE,47.0,-0.6230673938462272
2018-11-12,20,MODERATE,52.0,-0.602771340204342
2018-11-13,20,MODERATE,56.0,-0.6518896990902217
2018-11-14,20,MODERATE,49.0,-0.570831760607318
2018-11-15,20,MODERATE,28.0,-0.46552470949785013
2018-11-16,20,MODERATE,23.0,-0.4111237931087318
2018-11-19,20,MODERATE,28.0,-0.2627244543860767
2018-11-20,20,MODERATE,21.0,-0.0739720287782395
2018-11-21,20,EXTREME_FEAR,15.0,-0.16643798468341586
2018-11-23,20,EXTREME_FEAR,12.0,-0.06375764825996999
2018-11-26,20,EXTREME_FEAR,17.0,0.020473043185289752
2018-11-27,20,EXTREME_FEAR,11.0,-0.04438834180577622
2018-11-28,20,EXTREME_FEAR,14.0,-0.08157250152521711
2018-11-29,20,EXTREME_FEAR,18.0,-0.1338761124045258
2018-11-30,20,EXTREME_FEAR,19.0,-0.018556522563075717
2018-12-03,20,EXTREME_FEAR,17.0,-0.014847148458559722
2018-12-04,20,EXTREME_FEAR,12.0,-0.025383628304729178
2018-12-06,20,EXTREME_FEAR,13.0,0.1338126422950433
2018-12-07,20,EXTREME_FEAR,11.0,0.1643545462812125
2018-12-10,20,EXTREME_FEAR,19.0,0.14155821345729613
2018-12-11,20,EXTREME_FEAR,15.0,0.07163925862879217
2018-12-12,20,EXTREME_FEAR,14.0,0.05588475596817255
2018-12-13,20,EXTREME_FEAR,14.0,0.11190870224688199
2018-12-14,20,EXTREME_FEAR,10.0,0.1130786931231672
2018-12-17,20,EXTREME_FEAR,17.0,0.030315899242520983
2018-12-18,20,MODERATE,23.0,-0.004744689971879823
2018-12-19,20,MODERATE,21.0,-0.023802805792686677
2018-12-20,20,MODERATE,27.0,-0.13714776217177327
2018-12-21,20,MODERATE,35.0,-0.08329713357114044
2018-12-24,20,MODERATE,25.0,-0.12457934951711724
2018-12-26,20,MODERATE,26.0,-0.06909802958963829
2018-12-27,20,MODERATE,29.0,-0.051766141884872274
2018-12-28,20,MODERATE,21.0,-0.12926255461887348
2018-12-31,20,MODERATE,26.0,-0.07100034202881522
2019-01-02,20,MODERATE,30.0,-0.1314152404850495
2019-01-03,20,MODERATE,33.0,-0.09531053614520635
2019-01-04,20,MODERATE,48.0,-0.10905162918134292
2019-01-07,20,MODERATE,39.0,-0.14948228790497142
2019-01-08,20,MODERATE,39.0,-0.166160136425748
2019-01-09,20,MODERATE,42.0,-0.17145972176096858
2019-01-10,20,MODERATE,37.0,-0.0033065031738300776
2019-01-11,20,EXTREME_FEAR,19.0,-0.010615120512115328
2019-01-14,20,EXTREME_FEAR,16.0,-0.014273794869468559
2019-01-15,20,MODERATE,27.0,0.0003842248422103456
2019-01-16,20,MODERATE,24.0,-0.010485950142508305
2019-01-17,20,MODERATE,28.0,-0.015824472900247688
2019-01-18,20,MODERATE,29.0,0.07610710111714725
2019-01-22,20,MODERATE,27.0,0.10404503127300324
2019-01-23,20,MODERATE,33.0,0.09796481283012348
2019-01-24,20,MODERATE,37.0,0.10650083308108516
2019-01-25,20,MODERATE,35.0,0.07566102515436501
2019-01-28,20,MODERATE,35.0,0.10492003769694247
2019-01-29,20,MODERATE,21.0,0.11051688519975589
2019-01-30,20,MODERATE,22.0,0.10050828611864748
2019-01-31,20,EXTREME_FEAR,17.0,0.10992889370970749
2019-02-01,20,MODERATE,23.0,0.07552017453380222
2019-02-04,20,MODERATE,27.0,0.11902256796817212
2019-02-05,20,MODERATE,21.0,0.11888266420615456
2019-02-06,20,EXTREME_FEAR,14.0,0.13610032298206798
2019-02-07,20,EXTREME_FEAR,18.0,0.13764663157161994
2019-02-08,20,MODERATE,37.0,0.06300202040864877
2019-02-11,20,MODERATE,46.0,0.06902443778592016
2019-02-12,20,MODERATE,38.0,0.06700402174901121
2019-02-13,20,MODERATE,48.0,0.07740272287478234
2019-02-14,20,MODERATE,48.0,0.09086206948965336
2019-02-15,20,MODERATE,43.0,0.10769037113523827
2019-02-19,20,MODERATE,65.0,0.030955651411534113
2019-02-20,20,MODERATE,59.0,0.02167824325927148
2019-02-21,20,MODERATE,59.0,0.018841731751260804
2019-02-22,20,MODERATE,61.0,0.0045934851715889735
2019-02-25,20,MODERATE,47.0,0.020489285743892638
2019-02-26,20,MODERATE,40.0,0.03335315784650594
2019-02-27,20,MODERATE,39.0,0.059482239166541606
2019-02-28,20,MODERATE,39.0,0.054108271136664166
2019-03-01,20,MODERATE,42.0,0.06003109619845237
2019-03-04,20,MODERATE,36.0,0.10024522367360778
2019-03-05,20,MODERATE,35.0,0.22507357142884854
2019-03-06,20,MODERATE,42.0,0.24204072563541612
2019-03-07,20,MODERATE,56.0,0.22996029876171264
2019-03-08,20,MODERATE,54.0,0.25548070086431407
2019-03-11,20,MODERATE,56.0,0.30345896724609756
2019-03-12,20,MODERATE,56.0,0.28629017031009985
2019-03-13,20,MODERATE,54.0,0.3096310787677171
2019-03-14,20,MODERATE,55.0,0.25504739601562354
2019-03-15,20,MODERATE,55.0,0.250713186151562
2019-03-18,20,MODERATE,56.0,0.22838197197311394
2019-03-19,20,MODERATE,56.0,0.25153834324540203
2019-03-20,20,MODERATE,55.0,0.25066940657985315
2019-03-21,20,MODERATE,62.0,0.2738028564766405
2019-03-22,20,MODERATE,56.0,0.2940128519514643
2019-03-25,20,MODERATE,46.0,0.3407999582856681
2019-03-26,20,MODERATE,43.0,0.31578213888691997
2019-03-27,20,MODERATE,44.0,0.24285142631824608
2019-03-28,20,MODERATE,49.0,0.26037902388143686
2019-03-29,20,MODERATE,50.0,0.24713323659607755
2019-04-01,20,MODERATE,62.0,0.2521541323863752
2019-04-02,20,MODERATE,60.0,0.10177811735517628
2019-04-03,20,MODERATE,71.0,0.10168060414057323
2019-04-04,20,MODERATE,61.0,0.1584983619684906
2019-04-05,20,MODERATE,59.0,0.13189705499697862
2019-04-08,20,MODERATE,65.0,0.09715652970258043
2019-04-09,20,MODERATE,64.0,0.13921971180454717
2019-04-10,20,MODERATE,62.0,0.1481040421861679
2019-04-11,20,MODERATE,65.0,0.2307346867128287
2019-04-12,20,MODERATE,42.0,0.42884682329699375
2019-04-15,20,MODERATE,60.0,0.45597298063294633
2019-04-16,20,MODERATE,50.0,0.44929046701157926
2019-04-17,20,MODERATE,61.0,0.4063535531238525
2019-04-18,20,MODERATE,64.0,0.3264672277585856
2019-04-22,20,MODERATE,61.0,0.3904450970556442
2019-04-23,20,MODERATE,68.0,0.35702788113260836
2019-04-24,20,MODERATE,65.0,0.3402884641640704
2019-04-25,20,MODERATE,58.0,0.41388340742984797
2019-04-26,20,MODERATE,41.0,0.41405910958590497
2019-04-29,20,MODERATE,42.0,0.5078911991192948
2019-04-30,20,MODERATE,42.0,0.48142316036794963
2019-05-01,20,MODERATE,51.0,0.4317005476630248
2019-05-02,20,MODERATE,50.0,0.4430846078430275
2019-05-03,20,MODERATE,63.0,0.35285492031984905
2019-05-06,20,MODERATE,57.0,0.2935846215573498
2019-05-07,20,MODERATE,69.0,0.29429402907871394
2019-05-08,20,MODERATE,63.0,0.26811183269884237
2019-05-09,20,MODERATE,69.0,0.2644878284601123
2019-05-10,20,MODERATE,71.0,0.2264950470202315
2019-05-13,20,MODERATE,78.0,0.014330674250445152
2019-05-14,20,MODERATE,78.0,0.018766206315318265
2019-05-15,20,MODERATE,77.0,0.0031340638364930617
2019-05-16,20,MODERATE,75.0,0.09766322239434774
2019-05-17,20,MODERATE,65.0,0.23833102908385098
2019-05-20,20,MODERATE,73.0,0.12954180868561316
2019-05-21,20,MODERATE,68.0,0.15231622978004386
2019-05-22,20,MODERATE,69.0,0.21551848958864933
2019-05-23,20,MODERATE,65.0,0.25237504343978595
2019-05-24,20,MODERATE,64.0,0.3210423433011964
2019-05-28,20,MODERATE,71.0,0.30171461838196945
2019-05-29,20,MODERATE,71.0,0.40754163322935516
2019-05-30,20,MODERATE,73.0,0.29577860726009664
2019-05-31,20,MODERATE,61.0,0.3694946806120004
2019-06-03,20,MODERATE,66.0,0.25403115563757134
2019-06-04,20,MODERATE,42.0,0.3374724276295766
2019-06-05,20,MODERATE,27.0,0.4244483772359109
2019-06-06,20,MODERATE,34.0,0.3389918949922559
2019-06-07,20,MODERATE,27.0,0.4235365830845589
2019-06-10,20,MODERATE,46.0,0.4521335385654262
2019-06-11,20,MODERATE,61.0,0.4275002839387254
2019-06-12,20,MODERATE,60.0,0.33247112806104384
2019-06-13,20,MODERATE,63.0,0.36155512848355364
2019-06-14,20,MODERATE,67.0,0.2256982900600796
2019-06-17,20,EXTREME_GREED,84.0,0.01673505504873026
2019-06-18,20,EXTREME_GREED,83.0,0.06521848475437637
2019-06-19,20,EXTREME_GREED,82.0,0.13994315393935836
2019-06-20,20,EXTREME_GREED,81.0,0.100151196102631
2019-06-21,20,EXTREME_GREED,84.0,0.019382983806419854
2019-06-24,20,EXTREME_GREED,80.0,-0.10629179822968315
2019-06-25,20,EXTREME_GREED,87.0,-0.1837309263519999
2019-06-26,20,EXTREME_GREED,95.0,-0.272466967926961
2019-06-27,20,EXTREME_GREED,92.0,-0.1248468533319319
2019-06-28,20,MODERATE,62.0,-0.26498250351690017
2019-07-01,20,MODERATE,65.0,-0.09672555914226375
2019-07-02,20,MODERATE,63.0,-0.06859003464579214
2019-07-03,20,MODERATE,79.0,-0.13989991752781925
2019-07-05,20,MODERATE,67.0,-0.042830473073694586
2019-07-08,20,MODERATE,74.0,-0.03987847316261328
2019-07-09,20,EXTREME_GREED,84.0,-0.09116939949430874
2019-07-10,20,EXTREME_GREED,83.0,-0.017806069175628936
2019-07-11,20,MODERATE,62.0,0.05212269206428605
2019-07-12,20,MODERATE,33.0,0.003965573698951619
2019-07-15,20,EXTREME_FEAR,16.0,0.043775083098048395
2019-07-16,20,MODERATE,34.0,0.13944464528930747
2019-07-17,20,EXTREME_FEAR,19.0,0.03625539450894276
2019-07-18,20,MODERATE,40.0,-0.03384211259195476
2019-07-19,20,MODERATE,42.0,-0.01496253901886857
2019-07-22,20,MODERATE,42.0,0.05391426934592497
2019-07-23,20,MODERATE,40.0,0.08352363329528326
2019-07-24,20,EXTREME_FEAR,20.0,0.03269709042400459
2019-07-25,20,MODERATE,42.0,0.021875341053458147
2019-07-26,20,MODERATE,24.0,0.05304073930390443
2019-07-29,20,EXTREME_FEAR,19.0,0.08569103630840527
2019-07-30,20,MODERATE,22.0,0.05842902522631166
2019-07-31,20,MODERATE,31.0,-0.03339062524098093
2019-08-01,20,MODERATE,57.0,-0.08940904609164424
2019-08-02,20,MODERATE,61.0,-0.09153184046231931
2019-08-05,20,MODERATE,64.0,-0.1055062144031283
2019-08-06,20,MODERATE,66.0,-0.08011252533259186
2019-08-07,20,MODERATE,45.0,-0.12151583654624112
2019-08-08,20,MODERATE,61.0,-0.1447977527807468
2019-08-09,20,MODERATE,60.0,-0.13788522549307997
2019-08-12,20,MODERATE,48.0,-0.11797138239510152
2019-08-13,20,MODERATE,45.0,-0.06811507057274126
2019-08-14,20,EXTREME_FEAR,11.0,0.03503689538196826
2019-08-15,20,EXTREME_FEAR,13.0,0.004740794159041842
2019-08-16,20,MODERATE,31.0,-0.009447002081307943
2019-08-19,20,MODERATE,30.0,-0.06380864756565861
2019-08-20,20,MODERATE,39.0,-0.05391997514675351
2019-08-21,20,EXTREME_FEAR,11.0,0.012582239116899027
2019-08-22,20,EXTREME_FEAR,5.0,0.0049807311569815965
2019-08-23,20,MODERATE,33.0,-0.06742692297412262
2019-08-26,20,MODERATE,41.0,-0.18484533260193428
2019-08-27,20,MODERATE,30.0,-0.18243036474808041
2019-08-28,20,MODERATE,32.0,-0.18351778335883906
2019-08-29,20,EXTREME_FEAR,20.0,-0.14192803045198196
2019-08-30,20,MODERATE,24.0,-0.1460563877821462
2019-09-03,20,MODERATE,41.0,-0.24161630827283198
2019-09-04,20,MODERATE,43.0,-0.23293132497270494
2019-09-05,20,MODERATE,41.0,-0.24711950305133673
2019-09-06,20,MODERATE,43.0,-0.232447357952476
2019-09-09,20,MODERATE,41.0,-0.22585121658186774
2019-09-10,20,MODERATE,41.0,-0.2064777605878807
2019-09-11,20,MODERATE,38.0,-0.16899832486417504
2019-09-12,20,MODERATE,39.0,-0.19259094619287936
2019-09-13,20,MODERATE,38.0,-0.21913163189237156
2019-09-16,20,MODERATE,38.0,-0.20467469138714273
2019-09-17,20,MODERATE,41.0,-0.22163716240800438
2019-09-18,20,MODERATE,38.0,-0.2368511241227695
2019-09-19,20,MODERATE,31.0,-0.23653109078506857
2019-09-20,20,MODERATE,41.0,-0.2444993946758321
2019-09-23,20,MODERATE,41.0,-0.16569265677152387
2019-09-24,20,MODERATE,39.0,-0.06498132861669575
2019-09-25,20,EXTREME_FEAR,15.0,-0.12167741595035006
2019-09-26,20,EXTREME_FEAR,12.0,-0.08016854518803093
2019-09-27,20,MODERATE,24.0,0.04835867635246502
2019-09-30,20,MODERATE,27.0,0.10977156029841294
2019-10-01,20,MODERATE,38.0,0.12219484956824897
2019-10-02,20,MODERATE,39.0,0.09242271452999373
2019-10-03,20,MODERATE,37.0,0.10773472838660414
2019-10-04,20,MODERATE,30.0,0.12096510153318331
2019-10-07,20,MODERATE,27.0,0.13236800470789603
2019-10-08,20,MODERATE,39.0,0.12693865437993043
2019-10-09,20,MODERATE,37.0,0.0852725316824319
2019-10-10,20,MODERATE,41.0,0.07633216297895898
2019-10-11,20,MODERATE,39.0,0.05643282012938262
2019-10-14,20,MODERATE,37.0,0.0447297244857989
2019-10-15,20,MODERATE,39.0,0.071741211452858
2019-10-16,20,MODERATE,40.0,0.09032540229768835
2019-10-17,20,MODERATE,40.0,0.07190622037713758
2019-10-18,20,MODERATE,40.0,0.06303676289025004
2019-10-21,20,MODERATE,37.0,0.00792191693346421
2019-10-22,20,MODERATE,39.0,0.01571386346154713
2019-10-23,20,MODERATE,33.0,0.06598689460543766
2019-10-24,20,EXTREME_FEAR,20.0,0.01972300664970761
2019-10-25,20,MODERATE,24.0,-0.17139015193051382
2019-10-28,20,MODERATE,52.0,-0.2587165450008449
2019-10-29,20,MODERATE,54.0,-0.26702152140933316
2019-10-30,20,MODERATE,53.0,-0.2007097992552005
2019-10-31,20,MODERATE,50.0,-0.17001578426436356
2019-11-01,20,MODERATE,49.0,-0.23494140294759466
2019-11-04,20,MODERATE,49.0,-0.25142031860362096
2019-11-05,20,MODERATE,54.0,-0.25329473583494927
2019-11-06,20,MODERATE,53.0,-0.2285524495380378
2019-11-07,20,MODERATE,54.0,-0.2053706142320109
2019-11-08,20,MODERATE,42.0,-0.17370467557199856
2019-11-11,20,MODERATE,40.0,-0.1850708353464704
2019-11-12,20,MODERATE,39.0,-0.20003137240408791
2019-11-13,20,MODERATE,38.0,-0.1956361996484768
2019-11-14,20,MODERATE,41.0,-0.18054011866923703
2019-11-15,20,MODERATE,38.0,-0.2029059426990798
2019-11-18,20,MODERATE,38.0,-0.22418415927173602
2019-11-19,20,MODERATE,32.0,-0.12019174484333425
2019-11-20,20,MODERATE,32.0,-0.10836827307088484
2019-11-21,20,MODERATE,30.0,-0.05706647924284136
2019-11-22,20,EXTREME_FEAR,20.0,0.008060369986319232
2019-11-25,20,EXTREME_FEAR,17.0,0.024384719085915413
2019-11-26,20,MODERATE,21.0,0.002849171433001896
2019-11-27,20,EXTREME_FEAR,20.0,-0.03260027434843765
2019-11-29,20,MODERATE,31.0,-0.06222827134999345
2019-12-02,20,MODERATE,28.0,-0.017690294553720898
2019-12-03,20,MODERATE,28.0,-0.04679789764739159
2019-12-04,20,MODERATE,24.0,0.012721980853533599
2019-12-05,20,MODERATE,21.0,0.04218283408970583
2019-12-06,20,MODERATE,29.0,0.07854688411182668
2019-12-09,20,MODERATE,32.0,0.08777335605528203
2019-12-10,20,MODERATE,26.0,0.07933750409355897
2019-12-11,20,EXTREME_FEAR,20.0,0.1235485049680558
2019-12-12,20,MODERATE,23.0,0.1172512980373146
2019-12-13,20,MODERATE,22.0,0.1941889256179255
2019-12-16,20,MODERATE,24.0,0.23933039839746922
2019-12-17,20,MODERATE,23.0,0.2728637919203601
2019-12-18,20,EXTREME_FEAR,15.0,0.20461709104615458
2019-12-19,20,MODERATE,21.0,0.19410841272226792
2019-12-20,20,MODERATE,23.0,0.18443143572514253
2019-12-23,20,MODERATE,33.0,0.13354128349207578
2019-12-24,20,MODERATE,25.0,0.14266980708135324
2019-12-26,20,MODERATE,39.0,0.20767547612694742
2019-12-27,20,MODERATE,38.0,0.2497789521666338
2019-12-30,20,MODERATE,40.0,0.24488664826621404
2019-12-31,20,MODERATE,38.0,0.2790463800075335
2020-01-02,20,MODERATE,39.0,0.2916006427450717
2020-01-03,20,MODERATE,38.0,0.23531348862244306
2020-01-06,20,MODERATE,41.0,0.16696241398111938
2020-01-07,20,MODERATE,40.0,0.16346387264746645
2020-01-08,20,MODERATE,51.0,0.18581863034421492
2020-01-09,20,MODERATE,44.0,0.2177583168514048
2020-01-10,20,MODERATE,41.0,0.18809537359083212
2020-01-13,20,MODERATE,49.0,0.22588955560938104
2020-01-14,20,MODERATE,56.0,0.15676845417106633
2020-01-15,20,MODERATE,54.0,0.1482484403430186
2020-01-16,20,MODERATE,55.0,0.16726620182857715
2020-01-17,20,MODERATE,54.0,0.12737616027072304
2020-01-21,20,MODERATE,49.0,0.09665045433981104
2020-01-22,20,MODERATE,52.0,0.10152313996624876
2020-01-23,20,MODERATE,49.0,0.1417200396991562
2020-01-24,20,MODERATE,40.0,0.1333500218380224
2020-01-27,20,MODERATE,50.0,0.047334827396844074
2020-01-28,20,MODERATE,54.0,-0.059213517222191335
2020-01-29,20,MODERATE,57.0,-0.058812824937826344
2020-01-30,20,MODERATE,57.0,-0.09208607962424376
2020-01-31,20,MODERATE,55.0,-0.052795368227125675
2020-02-03,20,MODERATE,59.0,-0.055954724876283814
2020-02-04,20,MODERATE,56.0,-0.047479014897603214
2020-02-05,20,MODERATE,53.0,-0.05722252087893452
2020-02-06,20,MODERATE,61.0,-0.06444460100480266
2020-02-07,20,MODERATE,56.0,-0.21211708898899584
2020-02-10,20,MODERATE,57.0,-0.2200488478659347
2020-02-11,20,MODERATE,52.0,-0.2548863061238782
2020-02-12,20,MODERATE,61.0,-0.7310918864037032
2020-02-13,20,MODERATE,65.0,-0.6075319015639749
2020-02-14,20,MODERATE,63.0,-0.7209898118495204
2020-02-18,20,MODERATE,53.0,-0.6631095833371146
2020-02-19,20,MODERATE,50.0,-0.6092113949077554
2020-02-20,20,MODERATE,44.0,-0.4395178049898124
2020-02-21,20,MODERATE,44.0,-0.44637488699083744
2020-02-24,20,MODERATE,46.0,-0.4081320734251938
2020-02-25,20,MODERATE,44.0,-0.32720012731310055
2020-02-26,20,MODERATE,41.0,-0.27780399932733396
2020-02-27,20,MODERATE,39.0,-0.2684298215774677
2020-02-28,20,MODERATE,40.0,-0.29300698050844154
2020-03-02,20,MODERATE,38.0,-0.32168764872328715
2020-03-03,20,MODERATE,38.0,-0.31104477650191653
2020-03-04,20,MODERATE,40.0,-0.2815572296658436
2020-03-05,20,MODERATE,41.0,-0.2899533157113034
2020-03-06,20,MODERATE,39.0,-0.3036706039087264
2020-03-09,20,EXTREME_FEAR,17.0,-0.08584999277897348
2020-03-10,20,EXTREME_FEAR,16.0,-0.09729369083954711
2020-03-11,20,EXTREME_FEAR,17.0,-0.07577405321166492
2020-03-12,20,EXTREME_FEAR,14.0,0.3845821241441463
2020-03-13,20,EXTREME_FEAR,10.0,0.2072593331090466
2020-03-16,20,EXTREME_FEAR,9.0,0.3108128773775336
2020-03-17,20,EXTREME_FEAR,8.0,0.2398544146306586
2020-03-18,20,EXTREME_FEAR,11.0,0.3064353229710241
2020-03-19,20,EXTREME_FEAR,12.0,0.1364294776259276
2020-03-20,20,EXTREME_FEAR,9.0,0.1045510490415067
2020-03-23,20,EXTREME_FEAR,10.0,0.06982167748065665
2020-03-24,20,EXTREME_FEAR,12.0,0.05522678136874887
2020-03-25,20,EXTREME_FEAR,13.0,0.10621168848473081
2020-03-26,20,EXTREME_FEAR,14.0,0.11710856161973948
2020-03-27,20,EXTREME_FEAR,12.0,0.18641467023075659
2020-03-30,20,EXTREME_FEAR,10.0,0.19407833835432708
2020-03-31,20,EXTREME_FEAR,12.0,0.31255163738900094
2020-04-01,20,EXTREME_FEAR,12.0,0.27045185603740146
2020-04-02,20,EXTREME_FEAR,14.0,0.26610001051801035
2020-04-03,20,EXTREME_FEAR,14.0,0.2803937812516122
2020-04-06,20,EXTREME_FEAR,12.0,0.21356438970292568
2020-04-07,20,EXTREME_FEAR,20.0,0.25584989908350925
2020-04-08,20,MODERATE,21.0,0.3051906398219625
2020-04-09,20,MODERATE,22.0,0.29856609063363304
2020-04-13,20,EXTREME_FEAR,11.0,0.22844705541463037
2020-04-14,20,EXTREME_FEAR,15.0,0.25211780275351425
2020-04-15,20,EXTREME_FEAR,18.0,0.3333523465611921
2020-04-16,20,EXTREME_FEAR,13.0,0.3131375421712844
2020-04-17,20,EXTREME_FEAR,15.0,0.2734845219301375
2020-04-20,20,EXTREME_FEAR,15.0,0.3459585736334955
2020-04-21,20,EXTREME_FEAR,17.0,0.3464493969495689
2020-04-22,20,EXTREME_FEAR,19.0,0.2911925306227943
2020-04-23,20,EXTREME_FEAR,19.0,0.20077940232648056
2020-04-24,20,EXTREME_FEAR,20.0,0.1956410225054772
2020-04-27,20,MODERATE,28.0,0.12516746479309526
2020-04-28,20,MODERATE,26.0,0.16210977338588822
2020-04-29,20,MODERATE,26.0,0.07912908175057273
2020-04-30,20,MODERATE,44.0,0.08631548107231005
2020-05-01,20,MODERATE,40.0,0.1370889841946462
2020-05-04,20,MODERATE,44.0,0.06695202248755594
2020-05-05,20,MODERATE,40.0,0.07008815048880693
2020-05-06,20,MODERATE,42.0,0.05579756363463461
2020-05-07,20,MODERATE,49.0,-0.02915887849269208
2020-05-08,20,MODERATE,55.0,-0.007257724765987558
2020-05-11,20,MODERATE,40.0,0.12997252695659342
2020-05-12,20,MODERATE,39.0,0.11424904748137407
2020-05-13,20,MODERATE,41.0,0.0055717216090950955
2020-05-14,20,MODERATE,40.0,-0.026323002937288287
2020-05-15,20,MODERATE,44.0,0.01304726309579685
2020-05-18,20,MODERATE,50.0,-0.019575470663800457
2020-05-19,20,MODERATE,50.0,-0.025903828389124944
2020-05-20,20,MODERATE,52.0,-0.011739418499095315
2020-05-21,20,MODERATE,49.0,0.02245704641681172
2020-05-22,20,MODERATE,42.0,0.04951713294597637
2020-05-26,20,MODERATE,39.0,0.08612065769749043
2020-05-27,20,MODERATE,39.0,0.014338763201015937
2020-05-28,20,MODERATE,41.0,-0.02777503310327896
2020-05-29,20,MODERATE,48.0,-0.029698498225995414
2020-06-01,20,MODERATE,50.0,-0.10096468259660427
2020-06-02,20,MODERATE,56.0,-0.04198332542773445
2020-06-03,20,MODERATE,48.0,-0.04537623572655266
2020-06-04,20,MODERATE,54.0,-0.07160370003021649
2020-06-05,20,MODERATE,53.0,-0.03046908401926638
2020-06-08,20,MODERATE,53.0,-0.054599165602174135
2020-06-09,20,MODERATE,52.0,-0.038224228213575726
2020-06-10,20,MODERATE,54.0,-0.06186691793707188
2020-06-11,20,MODERATE,52.0,-0.00462068266538305
2020-06-12,20,MODERATE,38.0,-0.025340352855001573
2020-06-15,20,MODERATE,37.0,-0.022199393865358543
2020-06-16,20,MODERATE,39.0,-0.03686179504150239
2020-06-17,20,MODERATE,38.0,-0.03740155724748046
2020-06-18,20,MODERATE,40.0,-0.02806249626546425
2020-06-19,20,MODERATE,39.0,-0.013417221899919762
2020-06-22,20,MODERATE,38.0,-0.028790440685497447
2020-06-23,20,MODERATE,41.0,-0.010889672205150726
2020-06-24,20,MODERATE,50.0,0.02831270425700636
2020-06-25,20,MODERATE,43.0,0.028943979351392868
2020-06-26,20,MODERATE,40.0,0.18190052187795683
2020-06-29,20,MODERATE,41.0,0.17172962930753777
2020-06-30,20,MODERATE,44.0,0.19454645411875623
2020-07-01,20,MODERATE,42.0,0.1856772769011864
2020-07-02,20,MODERATE,42.0,0.21603362519292452
2020-07-06,20,MODERATE,40.0,0.18194631442019932
2020-07-07,20,MODERATE,43.0,0.19157004244714088
2020-07-08,20,MODERATE,44.0,0.21988049529605463
2020-07-09,20,MODERATE,44.0,0.2387414123436314
2020-07-10,20,MODERATE,41.0,0.2233989941640392
2020-07-13,20,MODERATE,43.0,0.25076435956598353
2020-07-14,20,MODERATE,43.0,0.21064656301709844
2020-07-15,20,MODERATE,44.0,0.2312809255809882
2020-07-16,20,MODERATE,43.0,0.25494471899967985
2020-07-17,20,MODERATE,41.0,0.25155194076449855
2020-07-20,20,MODERATE,44.0,0.29057722723195983
2020-07-21,20,MODERATE,44.0,0.24614124005795143
2020-07-22,20,MODERATE,50.0,0.21059988563540025
2020-07-23,20,MODERATE,55.0,0.21492976018878168
2020-07-24,20,MODERATE,53.0,0.1951897037965915
2020-07-27,20,MODERATE,58.0,0.06887909874558687
2020-07-28,20,MODERATE,76.0,0.040699757709175916
2020-07-29,20,MODERATE,71.0,0.03434738529588968
2020-07-30,20,MODERATE,76.0,0.01891630014741974
2020-07-31,20,MODERATE,75.0,0.01915859536929615
2020-08-03,20,MODERATE,75.0,0.03790469717323036
2020-08-04,20,MODERATE,72.0,0.06600373201982426
2020-08-05,20,MODERATE,75.0,-0.028756134246526177
2020-08-06,20,MODERATE,79.0,-0.13956518640759402
2020-08-07,20,MODERATE,77.0,-0.09863232545283188
2020-08-10,20,MODERATE,78.0,-0.15904630125147073
2020-08-11,20,EXTREME_GREED,84.0,-0.10800535267892461
2020-08-12,20,MODERATE,75.0,-0.11145035852117283
2020-08-13,20,MODERATE,75.0,-0.12486057722816818
2020-08-14,20,MODERATE,78.0,-0.0970067181690957
2020-08-17,20,EXTREME_GREED,83.0,-0.12662145205513156
2020-08-18,20,EXTREME_GREED,82.0,-0.08856450487388945
2020-08-19,20,EXTREME_GREED,80.0,-0.07131070971310513
2020-08-20,20,MODERATE,75.0,-0.08187437436865411
2020-08-21,20,EXTREME_GREED,81.0,-0.10258293655083445
2020-08-24,20,MODERATE,78.0,-0.1109128854474172
2020-08-25,20,MODERATE,75.0,-0.10373270984935269
2020-08-26,20,MODERATE,76.0,-0.06549290817819856
2020-08-27,20,MODERATE,75.0,-0.05730832028796656
2020-08-28,20,MODERATE,74.0,-0.07489045236724295
2020-08-31,20,MODERATE,75.0,-0.0742772008292224
2020-09-01,20,MODERATE,75.0,-0.10433439190530208
2020-09-02,20,EXTREME_GREED,83.0,-0.07215623894370901
2020-09-03,20,MODERATE,79.0,0.031766123507698
2020-09-04,20,MODERATE,40.0,0.026429545043273356
2020-09-08,20,MODERATE,41.0,0.045618577777190555
2020-09-09,20,MODERATE,38.0,0.04080855451805335
2020-09-10,20,MODERATE,38.0,0.051945644251843115
2020-09-11,20,MODERATE,41.0,0.06184420292661197
2020-09-14,20,MODERATE,39.0,0.07869839791107386
2020-09-15,20,MODERATE,47.0,0.0566188616373835
2020-09-16,20,MODERATE,43.0,0.04058700261160397
2020-09-17,20,MODERATE,48.0,0.04869533581982302
2020-09-18,20,MODERATE,49.0,0.033913704442816994
2020-09-21,20,MODERATE,48.0,0.11540084395099906
2020-09-22,20,MODERATE,39.0,0.12287872596417454
2020-09-23,20,MODERATE,43.0,0.22438860908051178
2020-09-24,20,MODERATE,39.0,0.18648046021218895
2020-09-25,20,MODERATE,46.0,0.19010637954054038
2020-09-28,20,MODERATE,43.0,0.1995755578195802
2020-09-29,20,MODERATE,45.0,0.23037753347471798
2020-09-30,20,MODERATE,49.0,0.20749358728730122
2020-10-01,20,MODERATE,45.0,0.23539036614716954
2020-10-02,20,MODERATE,41.0,0.24754498710875303
2020-10-05,20,MODERATE,42.0,0.2274933914915911
2020-10-06,20,MODERATE,47.0,0.27423147070721754
2020-10-07,20,MODERATE,43.0,0.281223102952315
2020-10-08,20,MODERATE,46.0,0.35577752910924487
2020-10-09,20,MODERATE,48.0,0.3413434048780066
2020-10-12,20,MODERATE,52.0,0.2828130380528966
2020-10-13,20,MODERATE,56.0,0.2913753764741478
2020-10-14,20,MODERATE,53.0,0.31754771866549963
2020-10-15,20,MODERATE,56.0,0.3477701781791258
2020-10-16,20,MODERATE,52.0,0.36549845967563777
2020-10-19,20,MODERATE,55.0,0.35319768650402816
2020-10-20,20,MODERATE,56.0,0.39256533574291724
2020-10-21,20,MODERATE,61.0,0.32812928131340946
2020-10-22,20,MODERATE,73.0,0.31783591376349596
2020-10-23,20,MODERATE,74.0,0.3646376469170672
2020-10-26,20,MODERATE,75.0,0.3396778395974235
2020-10-27,20,MODERATE,61.0,0.3360305484003316
2020-10-28,20,MODERATE,70.0,0.344637065444149
2020-10-29,20,MODERATE,67.0,0.24149191410568832
2020-10-30,20,MODERATE,74.0,0.37071698886521165
2020-11-02,20,MODERATE,71.0,0.3275936734387946
2020-11-03,20,MODERATE,71.0,0.31946607242272884
2020-11-04,20,MODERATE,74.0,0.3190479437731908
2020-11-05,20,MODERATE,72.0,0.18253266544471414
2020-11-06,20,EXTREME_GREED,90.0,0.20939289665721894
2020-11-09,20,EXTREME_GREED,90.0,0.17809311111072668
2020-11-10,20,EXTREME_GREED,90.0,0.19342283924992
2020-11-11,20,EXTREME_GREED,86.0,0.15124018343729895
2020-11-12,20,EXTREME_GREED,87.0,0.10392612601588436
2020-11-13,20,EXTREME_GREED,89.0,0.16507967229889142
2020-11-16,20,EXTREME_GREED,90.0,0.1497798894148279
2020-11-17,20,EXTREME_GREED,86.0,0.18872901114746754
2020-11-18,20,EXTREME_GREED,91.0,0.2475634383818548
2020-11-19,20,EXTREME_GREED,94.0,0.26131649909029564
2020-11-20,20,EXTREME_GREED,86.0,0.20258884066099914
2020-11-23,20,EXTREME_GREED,90.0,0.2585734511310547
2020-11-24,20,EXTREME_GREED,88.0,0.19585374670248334
2020-11-25,20,EXTREME_GREED,94.0,0.2367509877275148
2020-11-27,20,EXTREME_GREED,86.0,0.4594032942522066
2020-11-30,20,EXTREME_GREED,88.0,0.33232432039565074
2020-12-01,20,EXTREME_GREED,95.0,0.42778003288743116
2020-12-02,20,EXTREME_GREED,92.0,0.41238802097917515
2020-12-03,20,EXTREME_GREED,92.0,0.4972473739776042
2020-12-04,20,EXTREME_GREED,92.0,0.5976268532150416
2020-12-07,20,EXTREME_GREED,94.0,0.6516853805414655
2020-12-08,20,EXTREME_GREED,95.0,0.7649747643562379
2020-12-09,20,EXTREME_GREED,86.0,0.787942613206108
2020-12-10,20,EXTREME_GREED,94.0,0.6664223442458078
2020-12-11,20,EXTREME_GREED,89.0,0.6304532229171306
2020-12-14,20,EXTREME_GREED,95.0,0.6620950841646638
2020-12-15,20,EXTREME_GREED,91.0,0.7022005384663127
2020-12-16,20,EXTREME_GREED,92.0,0.5469824419172268
2020-12-17,20,EXTREME_GREED,92.0,0.4584691614425558
2020-12-18,20,EXTREME_GREED,95.0,0.4294022637418937
2020-12-21,20,EXTREME_GREED,92.0,0.3014530286546374
2020-12-22,20,EXTREME_GREED,88.0,0.32770987218416114
2020-12-23,20,EXTREME_GREED,93.0,0.33118778344143485
2020-12-24,20,EXTREME_GREED,86.0,0.31639625825172546
2020-12-28,20,EXTREME_GREED,92.0,0.1165396543824384
2020-12-29,20,EXTREME_GREED,91.0,0.2013617374433323
2020-12-30,20,EXTREME_GREED,91.0,0.1738266264017989
2020-12-31,20,EXTREME_GREED,95.0,0.1452993855382685
2021-01-04,20,EXTREME_GREED,94.0,0.1049646553730792
2021-01-05,20,EXTREME_GREED,93.0,0.0974585414614133
2021-01-06,20,EXTREME_GREED,95.0,0.002758036526709473
2021-01-07,20,EXTREME_GREED,91.0,-0.0316540344233851
2021-01-08,20,EXTREME_GREED,93.0,0.12427979068301598
2021-01-11,20,EXTREME_GREED,90.0,0.26763731924957335
2021-01-12,20,EXTREME_GREED,84.0,0.280750593678774
2021-01-13,20,MODERATE,78.0,0.2498784890009118
2021-01-14,20,EXTREME_GREED,83.0,0.1924784115641347
2021-01-15,20,EXTREME_GREED,88.0,0.2897040700027971
2021-01-19,20,EXTREME_GREED,80.0,0.3686490755362408
2021-01-20,20,MODERATE,78.0,0.37419006592227455
2021-01-21,20,MODERATE,75.0,0.5950033321775661
2021-01-22,20,MODERATE,40.0,0.49613381667792167
2021-01-25,20,MODERATE,74.0,0.4111100975826487
2021-01-26,20,MODERATE,71.0,0.4227252098600851
2021-01-27,20,MODERATE,78.0,0.43662979583244277
2021-01-28,20,MODERATE,55.0,0.3254674608283856
2021-01-29,20,MODERATE,77.0,0.36899753126095614
2021-02-01,20,MODERATE,77.0,0.36641104468694286
2021-02-02,20,MODERATE,76.0,0.35290783350142396
2021-02-03,20,MODERATE,78.0,0.2592278135007573
2021-02-04,20,EXTREME_GREED,80.0,0.2814179103811163
2021-02-05,20,EXTREME_GREED,81.0,0.3145967899092892
2021-02-08,20,EXTREME_GREED,83.0,0.17122691517667477
2021-02-09,20,EXTREME_GREED,95.0,0.1864584755892511
2021-02-10,20,EXTREME_GREED,92.0,0.25223467940917677
2021-02-11,20,EXTREME_GREED,93.0,0.17955019049766752
2021-02-12,20,EXTREME_GREED,92.0,0.1628613153411944
2021-02-16,20,EXTREME_GREED,95.0,0.14373162742244894
2021-02-17,20,EXTREME_GREED,95.0,0.12124166233328504
2021-02-18,20,EXTREME_GREED,91.0,0.11294073700597607
2021-02-19,20,EXTREME_GREED,93.0,0.04304992061962465
2021-02-22,20,EXTREME_GREED,94.0,0.005919360334312174
2021-02-23,20,EXTREME_GREED,94.0,0.11434472026826503
2021-02-24,20,MODERATE,76.0,0.05991146675248693
2021-02-25,20,MODERATE,79.0,0.09339579308898216
2021-02-26,20,MODERATE,55.0,0.17382628786576304
2021-03-01,20,MODERATE,38.0,0.15150628082081163
2021-03-02,20,MODERATE,78.0,0.1970758159492867
2021-03-03,20,MODERATE,78.0,0.15343044770297865
2021-03-04,20,EXTREME_GREED,84.0,0.19633580278079443
2021-03-05,20,MODERATE,77.0,0.18818234273896994
2021-03-08,20,EXTREME_GREED,81.0,0.10778071235274256
2021-03-09,20,EXTREME_GREED,81.0,0.022095001246343005
2021-03-10,20,MODERATE,68.0,0.04050849715254201
2021-03-11,20,MODERATE,73.0,0.00758094692612965
2021-03-12,20,MODERATE,70.0,0.043706703265169455
2021-03-15,20,MODERATE,76.0,0.1274011865298348
2021-03-16,20,MODERATE,71.0,0.10525177683305476
2021-03-17,20,MODERATE,71.0,0.07275984086967369
2021-03-18,20,MODERATE,72.0,0.062212370911718384
2021-03-19,20,MODERATE,71.0,-0.04598628445618291
2021-03-22,20,MODERATE,70.0,0.03502788041243776
2021-03-23,20,MODERATE,66.0,-0.015331980562333536
2021-03-24,20,MODERATE,65.0,-0.019362106531482848
2021-03-25,20,MODERATE,60.0,-0.011877976301130744
2021-03-26,20,MODERATE,54.0,-0.020439849278147015
2021-03-29,20,MODERATE,72.0,-0.048191664364930276
2021-03-30,20,MODERATE,72.0,-0.072000529658651
2021-03-31,20,MODERATE,76.0,-0.09544956293137763
2021-04-01,20,MODERATE,74.0,-0.02303360808910382
2021-04-05,20,MODERATE,71.0,-0.03195894124832521
2021-04-06,20,MODERATE,75.0,-0.08718867992248058
2021-04-07,20,MODERATE,72.0,0.024237277405160462
2021-04-08,20,MODERATE,73.0,-0.033605491856708136
2021-04-09,20,MODERATE,70.0,-0.015373845239158523
2021-04-12,20,MODERATE,74.0,-0.06972227821603627
2021-04-13,20,MODERATE,74.0,-0.1132394643220147
2021-04-14,20,MODERATE,75.0,-0.24998667294588084
2021-04-15,20,MODERATE,79.0,-0.24177599595276478
2021-04-16,20,MODERATE,78.0,-0.21058918731843002
2021-04-19,20,MODERATE,74.0,-0.2467927957730922
2021-04-20,20,MODERATE,73.0,-0.2746722304166864
2021-04-21,20,MODERATE,73.0,-0.37625956122674564
2021-04-22,20,MODERATE,65.0,-0.23840266135597865
2021-04-23,20,MODERATE,55.0,-0.3145411755075662
2021-04-26,20,MODERATE,27.0,-0.3333926933848903
2021-04-27,20,MODERATE,50.0,-0.3598197951145683
2021-04-28,20,MODERATE,59.0,-0.3330639739280632
2021-04-29,20,MODERATE,52.0,-0.3316914811744649
2021-04-30,20,MODERATE,51.0,-0.4810427803968691
2021-05-03,20,MODERATE,61.0,-0.44419309117617733
2021-05-04,20,MODERATE,68.0,-0.35022166625008655
2021-05-05,20,MODERATE,48.0,-0.3815621357731933
2021-05-06,20,MODERATE,65.0,-0.42434742948267723
2021-05-07,20,MODERATE,64.0,-0.5359285246240428
2021-05-10,20,MODERATE,72.0,-0.5121167501965471
2021-05-11,20,MODERATE,61.0,-0.41765260515869884
2021-05-12,20,MODERATE,68.0,-0.29204020137878994
2021-05-13,20,MODERATE,31.0,-0.2864155510728965
2021-05-14,20,MODERATE,26.0,-0.21530434361209005
2021-05-17,20,MODERATE,27.0,-0.07463794551257918
2021-05-18,20,MODERATE,21.0,-0.11241304302409505
2021-05-19,20,MODERATE,23.0,0.028009272540122643
2021-05-20,20,EXTREME_FEAR,11.0,-0.1306673349755738
2021-05-21,20,EXTREME_FEAR,19.0,-0.16353790849096272
2021-05-24,20,EXTREME_FEAR,10.0,-0.17457988934712287
2021-05-25,20,MODERATE,22.0,-0.12993443161048557
2021-05-26,20,MODERATE,22.0,-0.1254202975656109
2021-05-27,20,MODERATE,27.0,-0.1946677704683386
2021-05-28,20,MODERATE,21.0,-0.03602940854241976
2021-06-01,20,EXTREME_FEAR,20.0,-0.02252660361446157
2021-06-02,20,MODERATE,23.0,-0.06982959528262778
2021-06-03,20,MODERATE,24.0,-0.15520445783487236
2021-06-04,20,MODERATE,27.0,-0.08473204965430692
2021-06-07,20,EXTREME_FEAR,15.0,0.01989826855568122
2021-06-08,20,EXTREME_FEAR,13.0,0.01136821696883783
2021-06-09,20,EXTREME_FEAR,14.0,-0.12741766395126386
2021-06-10,20,MODERATE,21.0,-0.0824455575102625
2021-06-11,20,MODERATE,21.0,-0.11869601083379822
2021-06-14,20,MODERATE,28.0,-0.20688949148017155
2021-06-15,20,MODERATE,38.0,-0.20787534497126825
2021-06-16,20,MODERATE,33.0,-0.18781778173196662
2021-06-17,20,MODERATE,26.0,-0.191499551802784
2021-06-18,20,MODERATE,25.0,-0.1494980910692365
2021-06-21,20,MODERATE,23.0,-0.060826256451268046
2021-06-22,20,EXTREME_FEAR,10.0,-0.012225131703728964
2021-06-23,20,EXTREME_FEAR,14.0,-0.042708017977172386
2021-06-24,20,MODERATE,22.0,-0.03167977556291102
2021-06-25,20,MODERATE,27.0,0.165647171257292
2021-06-28,20,MODERATE,25.0,0.13488777432085164
2021-06-29,20,MODERATE,25.0,0.1089377797131672
2021-06-30,20,MODERATE,28.0,0.132575856379616
2021-07-01,20,MODERATE,28.0,0.229566332633109
2021-07-02,20,MODERATE,21.0,0.14539847312399612
2021-07-06,20,EXTREME_FEAR,20.0,0.1083496620688067
2021-07-07,20,MODERATE,28.0,0.16045065335758424
2021-07-08,20,EXTREME_FEAR,20.0,0.21760078926679505
2021-07-09,20,EXTREME_FEAR,20.0,0.23652156644533817
2021-07-12,20,MODERATE,25.0,0.3353344409996424
2021-07-13,20,EXTREME_FEAR,20.0,0.33214238603283497
2021-07-14,20,MODERATE,21.0,0.3286585467687453
2021-07-15,20,EXTREME_FEAR,20.0,0.3350162615813872
2021-07-16,20,MODERATE,22.0,0.4193922721587908
2021-07-19,20,MODERATE,24.0,0.4006453936514156
2021-07-20,20,EXTREME_FEAR,19.0,0.4051147503510406
2021-07-21,20,EXTREME_FEAR,10.0,0.3330455446441205
2021-07-22,20,MODERATE,21.0,0.3686476090943003
2021-07-23,20,MODERATE,23.0,0.38474157380624896
2021-07-26,20,MODERATE,26.0,0.2829054018053867
2021-07-27,20,MODERATE,32.0,0.1911176539864008
2021-07-28,20,MODERATE,50.0,0.20224264942037484
2021-07-29,20,MODERATE,50.0,0.15982747826740318
2021-07-30,20,MODERATE,53.0,0.14975467791705155
2021-08-02,20,MODERATE,48.0,0.1825904273684671
2021-08-03,20,MODERATE,48.0,0.21208399043233106
2021-08-04,20,MODERATE,42.0,0.20614647958187193
2021-08-05,20,MODERATE,50.0,0.1881008469987968
2021-08-06,20,MODERATE,52.0,0.15560683437856815
2021-08-09,20,MODERATE,65.0,0.009567429834675067
2021-08-10,20,MODERATE,71.0,0.011046777654292184
2021-08-11,20,MODERATE,70.0,0.017346407615904225
2021-08-12,20,MODERATE,70.0,0.010202974515638896
2021-08-13,20,MODERATE,70.0,-0.061044307316802104
2021-08-16,20,MODERATE,72.0,0.023374708626671348
2021-08-17,20,MODERATE,72.0,0.07499850897576765
2021-08-18,20,MODERATE,73.0,0.06444280288981696
2021-08-19,20,MODERATE,70.0,0.011702869848189135
2021-08-20,20,MODERATE,70.0,-0.14115744405416009
2021-08-23,20,MODERATE,79.0,-0.1968318327625651
2021-08-24,20,MODERATE,79.0,-0.09058733643483241
2021-08-25,20,MODERATE,73.0,-0.08669114936203726
2021-08-26,20,MODERATE,75.0,-0.09145104719953734
2021-08-27,20,MODERATE,71.0,-0.14975033102528545
2021-08-30,20,MODERATE,73.0,-0.13690257482876977
2021-08-31,20,MODERATE,73.0,-0.12644472187292943
2021-09-01,20,MODERATE,71.0,-0.10926761554278253
2021-09-02,20,MODERATE,74.0,-0.024851921399674293
2021-09-03,20,MODERATE,74.0,-0.01840859955443941
2021-09-07,20,MODERATE,79.0,0.09574841587738359
2021-09-08,20,MODERATE,47.0,0.18325731082768537
2021-09-09,20,MODERATE,45.0,0.14827012596038602
2021-09-10,20,MODERATE,46.0,0.18430907334901958
2021-09-13,20,MODERATE,44.0,0.24567879476405663
2021-09-14,20,MODERATE,30.0,0.17397102448006208
2021-09-15,20,MODERATE,49.0,0.1751952379820365
2021-09-16,20,MODERATE,53.0,0.18199873171607717
2021-09-17,20,MODERATE,48.0,0.26474026979993437
2021-09-20,20,MODERATE,50.0,0.36999394950267295
2021-09-21,20,MODERATE,27.0,0.4568956610264996
2021-09-22,20,MODERATE,21.0,0.4150738935717522
2021-09-23,20,MODERATE,27.0,0.32618991615779835
2021-09-24,20,MODERATE,33.0,0.34834986036496884
2021-09-27,20,MODERATE,26.0,0.4005001007661433
2021-09-28,20,MODERATE,25.0,0.38597524761282287
2021-09-29,20,MODERATE,24.0,0.34148247893456785
2021-09-30,20,EXTREME_FEAR,20.0,0.3252342104044279
2021-10-01,20,MODERATE,27.0,0.25717016697830175
2021-10-04,20,MODERATE,54.0,0.2168243180320113
2021-10-05,20,MODERATE,59.0,0.20485258484580005
2021-10-06,20,MODERATE,68.0,0.12877567785133914
2021-10-07,20,MODERATE,76.0,0.13287543793007628
2021-10-08,20,MODERATE,74.0,0.12454354799794065
2021-10-11,20,MODERATE,71.0,0.16159677963871832
2021-10-12,20,MODERATE,78.0,0.17818744396260233
2021-10-13,20,MODERATE,70.0,0.12425046372567361
2021-10-14,20,MODERATE,70.0,0.1249409613202892
2021-10-15,20,MODERATE,71.0,0.040753065426997415
2021-10-18,20,MODERATE,78.0,0.024395935142383696
2021-10-19,20,MODERATE,75.0,-0.06593996276969971
2021-10-20,20,EXTREME_GREED,82.0,-0.08908683238950155
2021-10-21,20,EXTREME_GREED,84.0,-0.08848291440208134
2021-10-22,20,MODERATE,75.0,-0.04331369027307086
2021-10-25,20,MODERATE,72.0,-0.11326238764902619
2021-10-26,20,MODERATE,76.0,-0.04740395344475101
2021-10-27,20,MODERATE,73.0,-0.03837882954570704
2021-10-28,20,MODERATE,66.0,-0.123675283994233
2021-10-29,20,MODERATE,70.0,-0.07370211939585203
2021-11-01,20,MODERATE,74.0,-0.06779964272205907
2021-11-02,20,MODERATE,73.0,-0.09964673933568924
2021-11-03,20,MODERATE,76.0,-0.10881123582728214
2021-11-04,20,MODERATE,73.0,-0.13674378723801506
2021-11-05,20,MODERATE,73.0,-0.18932386558133496
2021-11-08,20,MODERATE,75.0,-0.2871895487867593
2021-11-09,20,EXTREME_GREED,84.0,-0.2822037358259448
2021-11-10,20,MODERATE,75.0,-0.30996712621397604
2021-11-11,20,MODERATE,77.0,-0.318306197528309
2021-11-12,20,MODERATE,74.0,-0.3167702817628819
2021-11-15,20,MODERATE,72.0,-0.3100792518829374
2021-11-16,20,MODERATE,71.0,-0.20731801953137263
2021-11-17,20,MODERATE,52.0,-0.2362530486520653
2021-11-18,20,MODERATE,54.0,-0.20900939150479614
2021-11-19,20,MODERATE,34.0,-0.21490551869993757
2021-11-22,20,MODERATE,50.0,-0.1399784153142083
2021-11-23,20,MODERATE,33.0,-0.16877549782391021
2021-11-24,20,MODERATE,42.0,-0.10275483852968526
2021-11-26,20,MODERATE,47.0,-0.056234803237478426
2021-11-29,20,MODERATE,33.0,-0.19450376985298945
2021-11-30,20,MODERATE,40.0,-0.20488385938825626
2021-12-01,20,MODERATE,34.0,-0.19314490140996687
2021-12-02,20,MODERATE,32.0,-0.19856677205808904
2021-12-03,20,MODERATE,31.0,-0.14296514434076268
2021-12-06,20,EXTREME_FEAR,16.0,-0.09719587147333608
2021-12-07,20,MODERATE,25.0,-0.15158162766501548
2021-12-08,20,MODERATE,28.0,-0.1571326387472185
2021-12-09,20,MODERATE,29.0,-0.1372590715891171
2021-12-10,20,MODERATE,24.0,-0.1219060803949934
2021-12-13,20,MODERATE,28.0,-0.0895081480042681
2021-12-14,20,MODERATE,21.0,-0.05883941313192986
2021-12-15,20,MODERATE,28.0,-0.13805401918398097
2021-12-16,20,MODERATE,29.0,-0.10069029028969934
2021-12-17,20,MODERATE,23.0,-0.08645271621828843
2021-12-20,20,MODERATE,25.0,-0.11603347251232332
2021-12-21,20,MODERATE,27.0,-0.1847790084953942
2021-12-22,20,MODERATE,45.0,-0.2880678570043451
2021-12-23,20,MODERATE,34.0,-0.3260604442856976
2021-12-27,20,MODERATE,40.0,-0.3150760298904516
2021-12-28,20,MODERATE,41.0,-0.2556854278280407
2021-12-29,20,MODERATE,27.0,-0.22361557798091303
2021-12-30,20,MODERATE,22.0,-0.2220358116036305
2021-12-31,20,MODERATE,28.0,-0.185061325498318
2022-01-03,20,MODERATE,29.0,-0.1815940490476684
2022-01-04,20,MODERATE,23.0,-0.21676585434293005
2022-01-05,20,MODERATE,24.0,-0.15925835005612576
2022-01-06,20,EXTREME_FEAR,15.0,-0.03922116929508879
2022-01-07,20,EXTREME_FEAR,18.0,0.05346545509866729
2022-01-10,20,MODERATE,23.0,0.05347309229149744
2022-01-11,20,MODERATE,21.0,0.03682179533605545
2022-01-12,20,MODERATE,22.0,-0.008775505697245167
2022-01-13,20,MODERATE,21.0,-0.004320803800347051
2022-01-14,20,MODERATE,21.0,-0.011968902223947309
2022-01-18,20,MODERATE,24.0,0.050604221447922315
2022-01-19,20,MODERATE,24.0,0.05175883684089433
2022-01-20,20,MODERATE,24.0,-0.003506750782606316
2022-01-21,20,EXTREME_FEAR,19.0,0.09351140570907313
2022-01-24,20,EXTREME_FEAR,13.0,0.043553493499358664
2022-01-25,20,EXTREME_FEAR,12.0,0.009227372056987315
2022-01-26,20,MODERATE,23.0,0.03938777645810276
2022-01-27,20,EXTREME_FEAR,20.0,0.05439238916262279
2022-01-28,20,MODERATE,24.0,0.13378935112502544
2022-01-31,20,EXTREME_FEAR,20.0,0.14199741810910282
2022-02-01,20,MODERATE,26.0,0.12550638367106148
2022-02-02,20,MODERATE,28.0,0.13872264497777098
2022-02-03,20,EXTREME_FEAR,20.0,0.05199615358054377
2022-02-04,20,EXTREME_FEAR,20.0,-0.08649707597136191
2022-02-07,20,MODERATE,45.0,-0.12375097349878184
2022-02-08,20,MODERATE,48.0,-0.04961494945026179
2022-02-09,20,MODERATE,54.0,-0.1171439199327895
2022-02-10,20,MODERATE,50.0,-0.11596600844204707
2022-02-11,20,MODERATE,50.0,-0.06682214614765836
2022-02-14,20,MODERATE,46.0,-0.07933618431805889
2022-02-15,20,MODERATE,46.0,-0.08010132113109925
2022-02-16,20,MODERATE,51.0,-0.07093694295899478
2022-02-17,20,MODERATE,52.0,0.03068390573504587
2022-02-18,20,MODERATE,30.0,0.025819034817385678
2022-02-22,20,EXTREME_FEAR,20.0,0.10109138628884007
2022-02-23,20,MODERATE,25.0,0.13980626699489251
2022-02-24,20,MODERATE,23.0,0.1370004130091278
2022-02-25,20,MODERATE,27.0,0.12304467882148762
2022-02-28,20,EXTREME_FEAR,20.0,0.0871835158099945
2022-03-01,20,MODERATE,51.0,0.06779073521666001
2022-03-02,20,MODERATE,52.0,0.06901645591733718
2022-03-03,20,MODERATE,39.0,0.07019292502716734
2022-03-04,20,MODERATE,33.0,0.16766165460242077
2022-03-07,20,MODERATE,23.0,0.2028695921453887
2022-03-08,20,MODERATE,21.0,0.16213999332353146
2022-03-09,20,MODERATE,22.0,0.02873345520909809
2022-03-10,20,MODERATE,28.0,0.0981332362411611
2022-03-11,20,MODERATE,22.0,0.08620474627287034
2022-03-14,20,MODERATE,23.0,-0.0036583958085800727
2022-03-15,20,MODERATE,21.0,0.019843067891359034
2022-03-16,20,MODERATE,24.0,0.0005540177126490686
2022-03-17,20,MODERATE,27.0,-0.025119438764097612
2022-03-18,20,MODERATE,25.0,-0.023599604869166235
2022-03-21,20,MODERATE,30.0,0.010287086811489932
2022-03-22,20,MODERATE,26.0,-0.023514572344694562
2022-03-23,20,MODERATE,31.0,-0.056730258143646184
2022-03-24,20,MODERATE,40.0,-0.10093506936135022
2022-03-25,20,MODERATE,47.0,-0.09181205660384317
2022-03-28,20,MODERATE,60.0,-0.21219491763371523
2022-03-29,20,MODERATE,56.0,-0.19028278237838525
2022-03-30,20,MODERATE,55.0,-0.16827088042213023
2022-03-31,20,MODERATE,52.0,-0.16505522454037602
2022-04-01,20,MODERATE,50.0,-0.1833257153020944
2022-04-04,20,MODERATE,52.0,-0.21108954859150386
2022-04-05,20,MODERATE,53.0,-0.13763201045261608
2022-04-06,20,MODERATE,48.0,-0.166627670081118
2022-04-07,20,MODERATE,34.0,-0.18819437442028786
2022-04-08,20,MODERATE,37.0,-0.3334482632634381
2022-04-11,20,MODERATE,32.0,-0.2421291650347217
2022-04-12,20,EXTREME_FEAR,20.0,-0.32695522052300374
2022-04-13,20,MODERATE,25.0,-0.3486893223779819
2022-04-14,20,MODERATE,28.0,-0.3102553660301559
2022-04-18,20,MODERATE,24.0,-0.3127068867662215
2022-04-19,20,MODERATE,27.0,-0.3104668701335891
2022-04-20,20,MODERATE,27.0,-0.36505862532133215
2022-04-21,20,MODERATE,27.0,-0.2903567131021165
2022-04-22,20,MODERATE,26.0,-0.30817223784979975
2022-04-25,20,MODERATE,23.0,-0.32957130465932716
2022-04-26,20,MODERATE,27.0,-0.2510219659037105
2022-04-27,20,MODERATE,21.0,-0.28322322902839026
2022-04-28,20,MODERATE,24.0,-0.30674083529478735
2022-04-29,20,MODERATE,23.0,-0.2991363706565222
2022-05-02,20,MODERATE,28.0,-0.1921952669310203
2022-05-03,20,MODERATE,27.0,-0.2365199557609554
2022-05-04,20,MODERATE,21.0,-0.2646499993829625
2022-05-05,20,MODERATE,27.0,-0.20807392436407723
2022-05-06,20,MODERATE,22.0,-0.13878157190148288
2022-05-09,20,EXTREME_FEAR,11.0,0.027942954541734677
2022-05-10,20,EXTREME_FEAR,10.0,-0.02640868482817904
2022-05-11,20,EXTREME_FEAR,12.0,0.03982491931254706
2022-05-12,20,EXTREME_FEAR,12.0,0.001240384434234798
2022-05-13,20,EXTREME_FEAR,10.0,-0.2640560292648424
2022-05-16,20,EXTREME_FEAR,14.0,-0.29621927733970177
2022-05-17,20,EXTREME_FEAR,8.0,-0.2985454132277061
2022-05-18,20,EXTREME_FEAR,12.0,-0.3429681915238558
2022-05-19,20,EXTREME_FEAR,13.0,-0.3925878531521896
2022-05-20,20,EXTREME_FEAR,13.0,-0.3435485261127321
2022-05-23,20,EXTREME_FEAR,10.0,-0.3756171937930092
2022-05-24,20,EXTREME_FEAR,12.0,-0.341047025907526
2022-05-25,20,EXTREME_FEAR,11.0,-0.33100868816360474
2022-05-26,20,EXTREME_FEAR,12.0,-0.34462210478420197
2022-05-27,20,EXTREME_FEAR,12.0,-0.3447039085570577
2022-05-31,20,EXTREME_FEAR,16.0,-0.4583044877907473
2022-06-01,20,EXTREME_FEAR,17.0,-0.4095672688761941
2022-06-02,20,EXTREME_FEAR,13.0,-0.4581435144551407
2022-06-03,20,EXTREME_FEAR,10.0,-0.38610172756810823
2022-06-06,20,EXTREME_FEAR,13.0,-0.42309785066518146
2022-06-07,20,EXTREME_FEAR,15.0,-0.36455812261769416
2022-06-08,20,EXTREME_FEAR,17.0,-0.32957195292183983
2022-06-09,20,EXTREME_FEAR,11.0,-0.4106646776596834
2022-06-10,20,EXTREME_FEAR,13.0,-0.40883807981090325
2022-06-13,20,EXTREME_FEAR,11.0,-0.10667448916028943
2022-06-14,20,EXTREME_FEAR,8.0,-0.07656842095599037
2022-06-15,20,EXTREME_FEAR,7.0,-0.08004939899696106
2022-06-16,20,EXTREME_FEAR,7.0,0.09824407714549399
2022-06-17,20,EXTREME_FEAR,9.0,0.13325154826634944
2022-06-21,20,EXTREME_FEAR,9.0,0.11487358759012478
2022-06-22,20,EXTREME_FEAR,11.0,0.14754297114470838
2022-06-23,20,EXTREME_FEAR,11.0,0.07442107572727419
2022-06-24,20,EXTREME_FEAR,11.0,0.006106366524549212
2022-06-27,20,EXTREME_FEAR,12.0,0.024028438863177293
2022-06-28,20,EXTREME_FEAR,10.0,0.122803553207958
2022-06-29,20,EXTREME_FEAR,13.0,0.1706078963598604
2022-06-30,20,EXTREME_FEAR,11.0,0.1849699634247023
2022-07-01,20,EXTREME_FEAR,11.0,0.19054594085858445
2022-07-05,20,EXTREME_FEAR,19.0,0.12934919659913013
2022-07-06,20,EXTREME_FEAR,18.0,0.1060226856337051
2022-07-07,20,EXTREME_FEAR,18.0,0.04488676667656677
2022-07-08,20,EXTREME_FEAR,20.0,0.06924944305230374
2022-07-11,20,MODERATE,22.0,0.17582506559751132
2022-07-12,20,EXTREME_FEAR,16.0,0.18126969349015598
2022-07-13,20,EXTREME_FEAR,15.0,0.16958972859921595
2022-07-14,20,EXTREME_FEAR,18.0,0.1524528394033421
2022-07-15,20,EXTREME_FEAR,15.0,0.15800062441734797
2022-07-18,20,EXTREME_FEAR,20.0,0.07086571747206882
2022-07-19,20,MODERATE,30.0,0.020894729194515516
2022-07-20,20,MODERATE,31.0,0.0044780279470201245
2022-07-21,20,MODERATE,34.0,0.0020746926862893478
2022-07-22,20,MODERATE,33.0,-0.08435000345051502
2022-07-25,20,MODERATE,30.0,0.0017402483820432302
2022-07-26,20,MODERATE,26.0,0.013483886063547779
2022-07-27,20,MODERATE,28.0,-0.06931186876434259
2022-07-28,20,MODERATE,32.0,-0.09879268300340116
2022-07-29,20,MODERATE,39.0,-0.1612307548716243
2022-08-01,20,MODERATE,33.0,-0.13854051312874371
2022-08-02,20,MODERATE,31.0,-0.14902159382969737
2022-08-03,20,MODERATE,34.0,-0.1305809079533624
2022-08-04,20,MODERATE,30.0,-0.11724956502130679
2022-08-05,20,MODERATE,31.0,-0.1537749438006265
2022-08-08,20,MODERATE,30.0,-0.2342256058439557
2022-08-09,20,MODERATE,42.0,-0.18300945859844464
2022-08-10,20,MODERATE,31.0,-0.21422018334878967
2022-08-11,20,MODERATE,41.0,-0.11377284774826679
2022-08-12,20,MODERATE,42.0,-0.08695777555705708
2022-08-15,20,MODERATE,45.0,-0.17328614234755346
2022-08-16,20,MODERATE,44.0,-0.16546440474879176
2022-08-17,20,MODERATE,41.0,-0.1693170461061888
2022-08-18,20,MODERATE,30.0,-0.16040486090197725
2022-08-19,20,MODERATE,33.0,-0.0659996203091413
2022-08-22,20,MODERATE,29.0,-0.12466545009982377
2022-08-23,20,MODERATE,28.0,-0.14902885746971073
2022-08-24,20,MODERATE,25.0,-0.09718684664205257
2022-08-25,20,MODERATE,25.0,-0.11275243959171921
2022-08-26,20,MODERATE,27.0,-0.052559053621177854
2022-08-29,20,MODERATE,24.0,-0.06028169530014793
2022-08-30,20,MODERATE,27.0,-0.01887126835939068
2022-08-31,20,MODERATE,23.0,-0.024063706773093108
2022-09-01,20,EXTREME_FEAR,20.0,-0.035158847628379286
2022-09-02,20,MODERATE,25.0,-0.017487796072702344
2022-09-06,20,MODERATE,22.0,0.07657572341183572
2022-09-07,20,MODERATE,24.0,0.044132363587674694
2022-09-08,20,EXTREME_FEAR,20.0,0.03185225152554294
2022-09-09,20,MODERATE,22.0,-0.0896956742098236
2022-09-12,20,MODERATE,25.0,-0.15588292003304027
2022-09-13,20,MODERATE,34.0,-0.06331712482232099
2022-09-14,20,MODERATE,27.0,-0.05502325977247624
2022-09-15,20,MODERATE,28.0,-0.016288647008916746
2022-09-16,20,EXTREME_FEAR,20.0,-0.03013340141172094
2022-09-19,20,MODERATE,21.0,0.00033911883982196134
2022-09-20,20,MODERATE,23.0,0.02321226903758089
2022-09-21,20,MODERATE,23.0,0.03142646065686383
2022-09-22,20,MODERATE,22.0,-0.018707896051395667
2022-09-23,20,EXTREME_FEAR,20.0,-0.006507409101291106
2022-09-26,20,MODERATE,21.0,0.006373160580787518
2022-09-27,20,EXTREME_FEAR,20.0,0.05027332035081988
2022-09-28,20,EXTREME_FEAR,20.0,0.0668814155525771
2022-09-29,20,MODERATE,22.0,0.03576924547586413
2022-09-30,20,MODERATE,21.0,0.05815506154703354
2022-10-03,20,MODERATE,24.0,0.043486782763256904
2022-10-04,20,EXTREME_FEAR,20.0,0.007272055044684422
2022-10-05,20,MODERATE,25.0,-6.016289614541037e-05
2022-10-06,20,MODERATE,26.0,0.012674995353236906
2022-10-07,20,MODERATE,23.0,0.07869482166838337
2022-10-10,20,MODERATE,22.0,0.073569848629923
2022-10-11,20,MODERATE,24.0,-0.027142394468833264
2022-10-12,20,EXTREME_FEAR,20.0,-0.18758183901345138
2022-10-13,20,EXTREME_FEAR,20.0,-0.0972444565244649
2022-10-14,20,MODERATE,24.0,-0.11893438389639455
2022-10-17,20,EXTREME_FEAR,20.0,-0.16251561516656787
2022-10-18,20,MODERATE,22.0,-0.13548397063772388
2022-10-19,20,MODERATE,23.0,-0.1381790291125211
2022-10-20,20,MODERATE,23.0,-0.13260243053274112
2022-10-21,20,MODERATE,23.0,-0.13819971334043235
2022-10-24,20,MODERATE,22.0,-0.20325875255520431
2022-10-25,20,EXTREME_FEAR,20.0,-0.21613416307467548
2022-10-26,20,MODERATE,33.0,-0.2234834004478854
2022-10-27,20,MODERATE,32.0,-0.20523965465362393
2022-10-28,20,MODERATE,30.0,-0.23898545140021732
2022-10-31,20,MODERATE,31.0,-0.2201982803706123
2022-11-01,20,MODERATE,30.0,-0.1766260817708739
2022-11-02,20,MODERATE,30.0,-0.1723977263503863
2022-11-03,20,MODERATE,30.0,-0.16776185679536837
2022-11-04,20,MODERATE,30.0,-0.21977751666462375
2022-11-07,20,MODERATE,33.0,-0.1869633168002356
2022-11-08,20,MODERATE,31.0,-0.09575964782121227
2022-11-09,20,MODERATE,29.0,0.08174410042997449
2022-11-10,20,MODERATE,22.0,-0.026131679087198267
2022-11-11,20,MODERATE,25.0,0.010055041423703948
2022-11-14,20,MODERATE,24.0,0.06764994248191347
2022-11-15,20,MODERATE,22.0,0.05367455594456927
2022-11-16,20,MODERATE,23.0,0.040871855294282944
2022-11-17,20,EXTREME_FEAR,20.0,-0.0024018731078659927
2022-11-18,20,MODERATE,23.0,-0.015577711666888927
2022-11-21,20,MODERATE,21.0,0.0684817935373987
2022-11-22,20,MODERATE,22.0,0.03804256903683023
2022-11-23,20,MODERATE,22.0,0.013135827462171346
2022-11-25,20,EXTREME_FEAR,20.0,0.016514257560709344
2022-11-28,20,MODERATE,28.0,0.030356617324931667
2022-11-29,20,MODERATE,26.0,0.006521102914335275
2022-11-30,20,MODERATE,29.0,-0.03113001884408917
2022-12-01,20,MODERATE,27.0,-0.02171964612748145
2022-12-02,20,MODERATE,27.0,-0.024213245726061428
2022-12-05,20,MODERATE,26.0,-0.00659543014244135
2022-12-06,20,MODERATE,25.0,-0.01490128311169947
2022-12-07,20,MODERATE,29.0,0.0061444869562914395
2022-12-08,20,MODERATE,25.0,-0.0021446357601170307
2022-12-09,20,MODERATE,26.0,0.01811186861665892
2022-12-12,20,MODERATE,27.0,0.04146475220478907
2022-12-13,20,MODERATE,27.0,0.05940314396424784
2022-12-14,20,MODERATE,30.0,0.11112342612574522
2022-12-15,20,MODERATE,31.0,0.19773549050319017
2022-12-16,20,MODERATE,29.0,0.21733246833138897
2022-12-19,20,MODERATE,29.0,0.24894901314760753
2022-12-20,20,MODERATE,29.0,0.293644860676183
2022-12-21,20,MODERATE,26.0,0.3102172450589501
2022-12-22,20,MODERATE,28.0,0.2963789504469654
2022-12-23,20,MODERATE,27.0,0.3194079435771109
2022-12-27,20,MODERATE,27.0,0.3204817393862194
2022-12-28,20,MODERATE,28.0,0.33236983616063476
2022-12-29,20,MODERATE,28.0,0.3165692977411143
2022-12-30,20,MODERATE,28.0,0.33197328215938804
2023-01-03,20,MODERATE,26.0,0.3522756303021668
2023-01-04,20,MODERATE,29.0,0.3306667264627632
2023-01-05,20,MODERATE,29.0,0.33127840793353025
2023-01-06,20,MODERATE,26.0,0.2946254373025514
2023-01-09,20,MODERATE,25.0,0.30221055565285315
2023-01-10,20,MODERATE,26.0,0.27372869929795973
2023-01-11,20,MODERATE,26.0,0.1960346008791114
2023-01-12,20,MODERATE,30.0,0.1375086026640192
2023-01-13,20,MODERATE,31.0,0.09108079951346948
2023-01-17,20,MODERATE,51.0,0.04884458220718513
2023-01-18,20,MODERATE,52.0,0.16120742122368203
2023-01-19,20,MODERATE,45.0,0.11359398563921841
2023-01-20,20,MODERATE,51.0,0.08001568245427126
2023-01-23,20,MODERATE,50.0,0.06343257525264767
2023-01-24,20,MODERATE,52.0,0.06632925757255059
2023-01-25,20,MODERATE,51.0,0.035258156109208905
2023-01-26,20,MODERATE,54.0,0.007153237296609993
2023-01-27,20,MODERATE,55.0,0.019061836081454953
2023-01-30,20,MODERATE,61.0,0.013360998800353019
2023-01-31,20,MODERATE,51.0,0.021685515200002614
2023-02-01,20,MODERATE,56.0,-0.010521569599483027
2023-02-02,20,MODERATE,60.0,-0.048409245451886074
2023-02-03,20,MODERATE,60.0,-0.04445304222920232
2023-02-06,20,MODERATE,56.0,-0.024027002799818287
2023-02-07,20,MODERATE,54.0,-0.06877451357588327
2023-02-08,20,MODERATE,58.0,-0.11913530442041054
2023-02-09,20,MODERATE,55.0,-0.0777320133824072
2023-02-10,20,MODERATE,48.0,0.11119057180042369
2023-02-13,20,MODERATE,48.0,0.12638532694481053
2023-02-14,20,MODERATE,50.0,0.09256844106905637
2023-02-15,20,MODERATE,53.0,0.03018615517551071
2023-02-16,20,MODERATE,62.0,0.14917507401186358
2023-02-17,20,MODERATE,61.0,0.12250962239070462
2023-02-21,20,MODERATE,60.0,0.14239211408704855
2023-02-22,20,MODERATE,59.0,0.12126757618202644
2023-02-23,20,MODERATE,56.0,0.16819792386548604
2023-02-24,20,MODERATE,53.0,0.16987025808637402
2023-02-27,20,MODERATE,50.0,0.1430313665110695
2023-02-28,20,MODERATE,53.0,0.16383819748008666
2023-03-01,20,MODERATE,50.0,0.18135479185361458
2023-03-02,20,MODERATE,51.0,0.17744654332176313
2023-03-03,20,MODERATE,50.0,0.24175538393998808
2023-03-06,20,MODERATE,48.0,0.21429563454820477
2023-03-07,20,MODERATE,49.0,0.23720735938888415
2023-03-08,20,MODERATE,50.0,0.26039588015472215
2023-03-09,20,MODERATE,44.0,0.320059136136676
2023-03-10,20,MODERATE,34.0,0.3845117153494505
2023-03-13,20,MODERATE,49.0,0.22275143745585635
2023-03-14,20,MODERATE,56.0,0.1971549048422162
2023-03-15,20,MODERATE,50.0,0.22081445843611558
2023-03-16,20,MODERATE,52.0,0.19627253442848303
2023-03-17,20,MODERATE,51.0,0.07110966350696701
2023-03-20,20,MODERATE,66.0,0.09050532669984168
2023-03-21,20,MODERATE,68.0,0.022698530613858514
2023-03-22,20,MODERATE,62.0,0.033792338780602726
2023-03-23,20,MODERATE,57.0,-0.038020969412551064
2023-03-24,20,MODERATE,61.0,0.0011652305424527665
2023-03-27,20,MODERATE,64.0,0.042125684632701166
2023-03-28,20,MODERATE,59.0,0.04146951040736768
2023-03-29,20,MODERATE,57.0,0.038929243956970616
2023-03-30,20,MODERATE,60.0,0.04555823980855189
2023-03-31,20,MODERATE,63.0,-0.01367939502980331
2023-04-03,20,MODERATE,63.0,0.031534557678088326
2023-04-04,20,MODERATE,62.0,0.02932357262847929
2023-04-05,20,MODERATE,62.0,0.023489669098397892
2023-04-06,20,MODERATE,63.0,0.05177545008032958
2023-04-10,20,MODERATE,62.0,-0.06833698539105981
2023-04-11,20,MODERATE,68.0,-0.08905908006903762
2023-04-12,20,MODERATE,65.0,-0.08721804586445736
2023-04-13,20,MODERATE,61.0,-0.11854580750554278
2023-04-14,20,MODERATE,68.0,-0.12866962262348602
2023-04-17,20,MODERATE,69.0,-0.07957733129334343
2023-04-18,20,MODERATE,58.0,-0.11716873559785235
2023-04-19,20,MODERATE,63.0,-0.05066324977070957
2023-04-20,20,MODERATE,52.0,-0.05134844608992095
2023-04-21,20,MODERATE,50.0,-0.014281298388039154
2023-04-24,20,MODERATE,53.0,-0.024793636115447493
2023-04-25,20,MODERATE,53.0,-0.03896788124597528
2023-04-26,20,MODERATE,56.0,-0.07629620730245201
2023-04-27,20,MODERATE,59.0,-0.10725481395960901
2023-04-28,20,MODERATE,64.0,-0.09357487840779966
2023-05-01,20,MODERATE,63.0,-0.013952239888815665
2023-05-02,20,MODERATE,55.0,-0.05227930290320115
2023-05-03,20,MODERATE,64.0,-0.07836648571941796
2023-05-04,20,MODERATE,64.0,-0.0569921768282462
2023-05-05,20,MODERATE,61.0,-0.13672847762160978
2023-05-08,20,MODERATE,60.0,-0.016583845917544915
2023-05-09,20,MODERATE,51.0,-0.04862666492470824
2023-05-10,20,MODERATE,52.0,-0.041148965249449665
2023-05-11,20,MODERATE,52.0,-0.019462197514385826
2023-05-12,20,MODERATE,49.0,-0.03424858381464335
2023-05-15,20,MODERATE,50.0,-0.04798249462208304
2023-05-16,20,MODERATE,54.0,-0.07334290534801058
2023-05-17,20,MODERATE,50.0,-0.06882947913636461
2023-05-18,20,MODERATE,51.0,-0.018990382932499994
2023-05-19,20,MODERATE,48.0,0.0520733864791052
2023-05-22,20,MODERATE,49.0,0.11179347064388656
2023-05-23,20,MODERATE,50.0,0.09410678442076525
2023-05-24,20,MODERATE,50.0,0.15322309037681503
2023-05-25,20,MODERATE,51.0,0.1339479996085784
2023-05-26,20,MODERATE,49.0,0.1384912303617638
2023-05-30,20,MODERATE,51.0,0.08255089387964376
2023-05-31,20,MODERATE,51.0,0.11199388414063982
2023-06-01,20,MODERATE,52.0,0.1278337094109927
2023-06-02,20,MODERATE,50.0,0.13398247849537892
2023-06-05,20,MODERATE,53.0,0.16936434308165338
2023-06-06,20,MODERATE,44.0,0.09352892487937092
2023-06-07,20,MODERATE,53.0,0.14122525898047789
2023-06-08,20,MODERATE,50.0,0.13746375238889375
2023-06-09,20,MODERATE,50.0,0.1452805608922183
2023-06-12,20,MODERATE,47.0,0.15982829480943317
2023-06-13,20,MODERATE,45.0,0.1942610858529248
2023-06-14,20,MODERATE,46.0,0.18842098711578292
2023-06-15,20,MODERATE,41.0,0.16437871393920855
2023-06-16,20,MODERATE,47.0,0.12579205417892614
2023-06-20,20,MODERATE,49.0,0.054491401287434904
2023-06-21,20,MODERATE,59.0,-0.00786643822703259
2023-06-22,20,MODERATE,65.0,-0.00011825639417017975
2023-06-23,20,MODERATE,65.0,-0.050737196762922876
2023-06-26,20,MODERATE,55.0,-0.0350881767195832
2023-06-27,20,MODERATE,59.0,-0.044415086801361525
2023-06-28,20,MODERATE,62.0,-0.029533407472617235
2023-06-29,20,MODERATE,54.0,-0.03768916080581475
2023-06-30,20,MODERATE,56.0,-0.041781179925788337
2023-07-03,20,MODERATE,62.0,-0.04869132624988248
2023-07-05,20,MODERATE,61.0,-0.045668921195054946
2023-07-06,20,MODERATE,56.0,-0.024732440775933506
2023-07-07,20,MODERATE,55.0,-0.042694184302527693
2023-07-10,20,MODERATE,56.0,-0.04141514985672168
2023-07-11,20,MODERATE,57.0,-0.028334711243252597
2023-07-12,20,MODERATE,64.0,-0.027695143121346355
2023-07-13,20,MODERATE,57.0,-0.06722621011014018
2023-07-14,20,MODERATE,60.0,-0.03135450426218478
2023-07-17,20,MODERATE,54.0,-0.02476672920831846
2023-07-18,20,MODERATE,56.0,-0.023251962832162132
2023-07-19,20,MODERATE,50.0,-0.04136493462114932
2023-07-20,20,MODERATE,56.0,-0.11090542840956497
2023-07-21,20,MODERATE,50.0,-0.13815013531654352
2023-07-24,20,MODERATE,55.0,-0.11051803420965411
2023-07-25,20,MODERATE,50.0,-0.1157929592091469
2023-07-26,20,MODERATE,51.0,-0.10490015699345068
2023-07-27,20,MODERATE,51.0,-0.11021248417028251
2023-07-28,20,MODERATE,52.0,-0.11831592081175546
2023-07-31,20,MODERATE,50.0,-0.11302845409127804
2023-08-01,20,MODERATE,53.0,-0.0679087953465154
2023-08-02,20,MODERATE,53.0,-0.06573557720092893
2023-08-03,20,MODERATE,52.0,-0.11798090342969347
2023-08-04,20,MODERATE,54.0,-0.11944488418407051
2023-08-07,20,MODERATE,49.0,-0.12390503961029675
2023-08-08,20,MODERATE,54.0,-0.14478944039094355
2023-08-09,20,MODERATE,50.0,-0.11918023347193141
2023-08-10,20,MODERATE,53.0,-0.127539434343112
2023-08-11,20,MODERATE,51.0,-0.15555602195672202
2023-08-14,20,MODERATE,50.0,-0.12961577129121293
2023-08-15,20,MODERATE,53.0,-0.10631279821377326
2023-08-16,20,MODERATE,52.0,-0.07831837824409793
2023-08-17,20,MODERATE,50.0,-0.0020970167387168726
2023-08-18,20,MODERATE,37.0,0.026693758764077424
2023-08-21,20,MODERATE,38.0,0.04076579492021937
2023-08-22,20,MODERATE,37.0,0.041400785540079754
2023-08-23,20,MODERATE,37.0,0.005131862274220911
2023-08-24,20,MODERATE,41.0,0.01582057857620156
2023-08-25,20,MODERATE,39.0,0.009582917822026804
2023-08-28,20,MODERATE,39.0,0.004246657346832938
2023-08-29,20,MODERATE,39.0,-0.05084945237122862
2023-08-30,20,MODERATE,49.0,-0.01015195676494618
2023-08-31,20,MODERATE,52.0,0.03710451411434579
2023-09-01,20,MODERATE,40.0,0.06490226160357104
2023-09-05,20,MODERATE,40.0,0.06203820604592636
2023-09-06,20,MODERATE,42.0,0.07645393915000254
2023-09-07,20,MODERATE,41.0,0.04383117139220927
2023-09-08,20,MODERATE,46.0,0.07583420504087401
2023-09-11,20,MODERATE,40.0,0.09186328838548441
2023-09-12,20,MODERATE,30.0,0.058549154419975435
2023-09-13,20,MODERATE,41.0,0.024294080619017944
2023-09-14,20,MODERATE,45.0,0.008147863840868519
2023-09-15,20,MODERATE,45.0,0.009488628214779915
2023-09-18,20,MODERATE,46.0,0.06389239234470478
2023-09-19,20,MODERATE,46.0,0.04331789024949795
2023-09-20,20,MODERATE,47.0,0.043148649399202155
2023-09-21,20,MODERATE,47.0,0.07789334827737338
2023-09-22,20,MODERATE,43.0,0.11042996671906935
2023-09-25,20,MODERATE,47.0,0.2296061553106583
2023-09-26,20,MODERATE,46.0,0.25704247669395697
2023-09-27,20,MODERATE,44.0,0.26946969496629447
2023-09-28,20,MODERATE,46.0,0.2343226702974024
2023-09-29,20,MODERATE,48.0,0.23114217561112782
2023-10-02,20,MODERATE,50.0,0.22572298382559275
2023-10-03,20,MODERATE,50.0,0.23417423969323026
2023-10-04,20,MODERATE,49.0,0.24274939601143686
2023-10-05,20,MODERATE,48.0,0.2424584152291407
2023-10-06,20,MODERATE,50.0,0.2173753244858394
2023-10-09,20,MODERATE,50.0,0.23919102604082698
2023-10-10,20,MODERATE,50.0,0.2577264373570187
2023-10-11,20,MODERATE,47.0,0.28276318349276575
2023-10-12,20,MODERATE,45.0,0.31580080496440943
2023-10-13,20,MODERATE,44.0,0.328641145231513
2023-10-16,20,MODERATE,47.0,0.24678989228708592
2023-10-17,20,MODERATE,52.0,0.2236489338800658
2023-10-18,20,MODERATE,50.0,0.29057585290603183
2023-10-19,20,MODERATE,52.0,0.23022186555389323
2023-10-20,20,MODERATE,53.0,0.20938484353802123
2023-10-23,20,MODERATE,53.0,0.12460894896838193
2023-10-24,20,MODERATE,66.0,0.05487357525866021
2023-10-25,20,MODERATE,72.0,0.08149396360136962
2023-10-26,20,MODERATE,71.0,0.09924066354350058
2023-10-27,20,MODERATE,70.0,0.09405974915065984
2023-10-30,20,MODERATE,68.0,0.09210332135887667
2023-10-31,20,MODERATE,66.0,0.08804455758567853
2023-11-01,20,MODERATE,66.0,0.06223449296651662
2023-11-02,20,MODERATE,72.0,0.10196686611928385
2023-11-03,20,MODERATE,65.0,0.18952485362020277
2023-11-06,20,MODERATE,74.0,0.22960563781575138
2023-11-07,20,MODERATE,68.0,0.21046871680875268
2023-11-08,20,MODERATE,66.0,0.19408603147829084
2023-11-09,20,MODERATE,69.0,0.18537947488862527
2023-11-10,20,MODERATE,70.0,0.10013382122314884
2023-11-13,20,MODERATE,72.0,0.12711646135296029
2023-11-14,20,MODERATE,69.0,0.1880635687637917
2023-11-15,20,MODERATE,60.0,0.12731883064671723
2023-11-16,20,MODERATE,70.0,0.148186908027798
2023-11-17,20,MODERATE,63.0,0.15244903671359444
2023-11-20,20,MODERATE,69.0,0.12036382516414368
2023-11-21,20,MODERATE,71.0,0.19792118433084238
2023-11-22,20,MODERATE,62.0,0.15867636050305456
2023-11-24,20,MODERATE,66.0,0.15394404478205082
2023-11-27,20,MODERATE,66.0,0.13222018554314707
2023-11-28,20,MODERATE,68.0,0.13831526313625342
2023-11-29,20,MODERATE,72.0,0.11865260484472495
2023-11-30,20,MODERATE,74.0,0.11003541449118837
2023-12-01,20,MODERATE,71.0,0.15017916541623033
2023-12-04,20,MODERATE,74.0,0.020467431291701255
2023-12-05,20,MODERATE,75.0,0.0022495544502572073
2023-12-06,20,MODERATE,72.0,0.009469987308503125
2023-12-07,20,MODERATE,72.0,0.08153662877307744
2023-12-08,20,MODERATE,72.0,0.04370552843183906
2023-12-11,20,MODERATE,74.0,0.12269486879892977
2023-12-12,20,MODERATE,67.0,0.11212894948711494
2023-12-13,20,MODERATE,65.0,-0.0008764289169156392
2023-12-14,20,MODERATE,72.0,0.0030395544565620103
2023-12-15,20,MODERATE,70.0,0.019201520440285114
2023-12-18,20,MODERATE,65.0,-0.03246326121657117
2023-12-19,20,MODERATE,73.0,-0.015547562759882005
2023-12-20,20,MODERATE,74.0,-0.09976766175689766
2023-12-21,20,MODERATE,70.0,-0.0962006431390241
2023-12-22,20,MODERATE,74.0,-0.09333750319823308
2023-12-26,20,MODERATE,71.0,-0.0627607175994096
2023-12-27,20,MODERATE,73.0,-0.03814653430893267
2023-12-28,20,MODERATE,73.0,0.015373221529104919
2023-12-29,20,MODERATE,65.0,0.020063855891178095
2024-01-02,20,MODERATE,71.0,-0.05428217795753909
2024-01-03,20,MODERATE,70.0,0.005297665915455996
2024-01-04,20,MODERATE,68.0,-0.022757317272585675
2024-01-05,20,MODERATE,72.0,-0.034649858616681684
2024-01-08,20,MODERATE,71.0,-0.0863525353355703
2024-01-09,20,MODERATE,76.0,-0.040278472018851375
2024-01-10,20,MODERATE,73.0,-0.028854833488684895
2024-01-11,20,MODERATE,76.0,0.016652403067249244
2024-01-12,20,MODERATE,71.0,0.1534075353855422
2024-01-16,20,MODERATE,64.0,0.14206150209274315
2024-01-17,20,MODERATE,60.0,0.19270806442901378
2024-01-18,20,MODERATE,63.0,0.23011797966250258
2024-01-19,20,MODERATE,51.0,0.22577728453419033
2024-01-22,20,MODERATE,55.0,0.2802199667126539
2024-01-23,20,MODERATE,50.0,0.2631354781395019
2024-01-24,20,MODERATE,48.0,0.2469832247715018
2024-01-25,20,MODERATE,52.0,0.2393325759454823
2024-01-26,20,MODERATE,49.0,0.2653117966060652
2024-01-29,20,MODERATE,55.0,0.2766667404715344
2024-01-30,20,MODERATE,61.0,0.37514577843851304
2024-01-31,20,MODERATE,60.0,0.3626749169775403
2024-02-01,20,MODERATE,63.0,0.3712554924717253
2024-02-02,20,MODERATE,63.0,0.45884185613740924
2024-02-05,20,MODERATE,60.0,0.4025414985117375
2024-02-06,20,MODERATE,64.0,0.42810439400390465
2024-02-07,20,MODERATE,62.0,0.41218388784613924
2024-02-08,20,MODERATE,66.0,0.4105695288010125
2024-02-09,20,MODERATE,72.0,0.42511095426457324
2024-02-12,20,MODERATE,70.0,0.3582486147299262
2024-02-13,20,MODERATE,79.0,0.38474410255411917
2024-02-14,20,MODERATE,74.0,0.3203447915853279
2024-02-15,20,MODERATE,72.0,0.28987985906421887
2024-02-16,20,MODERATE,72.0,0.2585274343984021
2024-02-20,20,MODERATE,72.0,0.16901938211519552
2024-02-21,20,MODERATE,78.0,0.2700911393991996
2024-02-22,20,MODERATE,74.0,0.24413101281300054
2024-02-23,20,MODERATE,76.0,0.2288643722763537
2024-02-26,20,MODERATE,72.0,0.24929500663191284
2024-02-27,20,MODERATE,79.0,0.203773568798004
2024-02-28,20,EXTREME_GREED,82.0,0.10544083127800952
2024-02-29,20,EXTREME_GREED,80.0,0.1449604355199099
2024-03-01,20,EXTREME_GREED,80.0,0.11001491103364303
2024-03-04,20,EXTREME_GREED,82.0,-0.043114731532170936
2024-03-05,20,EXTREME_GREED,90.0,0.03359199335606955
2024-03-06,20,MODERATE,75.0,0.03569115586706473
2024-03-07,20,EXTREME_GREED,82.0,0.013537385396260815
2024-03-08,20,EXTREME_GREED,81.0,0.04762181898248574
2024-03-11,20,EXTREME_GREED,82.0,-0.04226636309327514
2024-03-12,20,EXTREME_GREED,81.0,-0.012577225801392533
2024-03-13,20,EXTREME_GREED,81.0,-0.04224190744998024
2024-03-14,20,EXTREME_GREED,88.0,-0.06063841617303267
2024-03-15,20,EXTREME_GREED,83.0,-0.09006404059781636
2024-03-18,20,MODERATE,77.0,-0.056908128364532296
2024-03-19,20,MODERATE,79.0,-0.010326981857468942
2024-03-20,20,MODERATE,74.0,-0.06699663274009549
2024-03-21,20,MODERATE,78.0,-0.02548281563696997
2024-03-22,20,MODERATE,75.0,0.04684674218440299
2024-03-25,20,MODERATE,75.0,-0.05210008581647063
2024-03-26,20,EXTREME_GREED,81.0,-0.08512116573930695
2024-03-27,20,EXTREME_GREED,83.0,-0.07430243842716355
2024-03-28,20,EXTREME_GREED,80.0,-0.10402856361806023
2024-04-01,20,MODERATE,79.0,-0.08783362737917266
2024-04-02,20,MODERATE,79.0,-0.07633735272582909
2024-04-03,20,MODERATE,71.0,-0.12455101927980627
2024-04-04,20,MODERATE,70.0,-0.14733548944197006
2024-04-05,20,MODERATE,79.0,-0.07573265252543337
2024-04-08,20,MODERATE,76.0,-0.12583090766635818
2024-04-09,20,EXTREME_GREED,80.0,-0.1035990764582162
2024-04-10,20,MODERATE,78.0,-0.14290836395924478
2024-04-11,20,MODERATE,76.0,-0.10543327277055359
2024-04-12,20,MODERATE,79.0,-0.1001407572246078
2024-04-15,20,MODERATE,74.0,-0.008307994250396078
2024-04-16,20,MODERATE,65.0,-0.03604395253920445
2024-04-17,20,MODERATE,67.0,0.07829993047223893
2024-04-18,20,MODERATE,57.0,0.02670300398894021
2024-04-19,20,MODERATE,66.0,0.04903069601707588
2024-04-22,20,MODERATE,73.0,0.06670565731465006
2024-04-23,20,MODERATE,71.0,0.054637198622269345
2024-04-24,20,MODERATE,72.0,0.07267763042835651
2024-04-25,20,MODERATE,72.0,0.05208975107140712
2024-04-26,20,MODERATE,70.0,0.0721620809584711
2024-04-29,20,MODERATE,67.0,0.0674568886926179
2024-04-30,20,MODERATE,67.0,0.10838098931531226
2024-05-01,20,MODERATE,54.0,0.16004792270224155
2024-05-02,20,MODERATE,43.0,0.13237303738173822
2024-05-03,20,MODERATE,48.0,0.08988867760699759
2024-05-06,20,MODERATE,71.0,0.11087141217363472
2024-05-07,20,MODERATE,68.0,0.13132555998588424
2024-05-08,20,MODERATE,64.0,0.1453036559723606
2024-05-09,20,MODERATE,55.0,0.09513179028828955
2024-05-10,20,MODERATE,66.0,0.13403245736543967
2024-05-13,20,MODERATE,57.0,0.06806686719013277
2024-05-14,20,MODERATE,66.0,0.10315313947601323
2024-05-15,20,MODERATE,64.0,0.00735068639335279
2024-05-16,20,MODERATE,70.0,0.011879076385116205
2024-05-17,20,MODERATE,74.0,-0.008410548180979749
2024-05-20,20,MODERATE,70.0,-0.09242239253091955
2024-05-21,20,MODERATE,76.0,-0.07869605714166328
2024-05-22,20,MODERATE,76.0,-0.07549285170746933
2024-05-23,20,MODERATE,76.0,-0.11951384865504622
2024-05-24,20,MODERATE,74.0,-0.10323626473323655
2024-05-28,20,MODERATE,72.0,-0.11607914827248922
2024-05-29,20,MODERATE,72.0,-0.09254407131518372
2024-05-30,20,MODERATE,73.0,-0.12519489323006772
2024-05-31,20,MODERATE,73.0,-0.07121794513594049
2024-06-03,20,MODERATE,73.0,-0.1036709679157386
2024-06-04,20,MODERATE,73.0,-0.1593343956712805
2024-06-05,20,MODERATE,75.0,-0.22673527028298412
2024-06-06,20,MODERATE,78.0,-0.22138967778454433
2024-06-07,20,MODERATE,77.0,-0.1784571565925035
2024-06-10,20,MODERATE,72.0,-0.1855100424040117
2024-06-11,20,MODERATE,74.0,-0.1605519134644009
2024-06-12,20,MODERATE,72.0,-0.16434016308059785
2024-06-13,20,MODERATE,70.0,-0.028662533758867736
2024-06-14,20,MODERATE,74.0,-0.013942069570806792
2024-06-17,20,MODERATE,71.0,-0.036318522364581884
2024-06-18,20,MODERATE,74.0,-0.01807246464178225
2024-06-20,20,MODERATE,60.0,0.028609477260892247
2024-06-21,20,MODERATE,63.0,0.05300469636524596
2024-06-24,20,MODERATE,51.0,0.0896007863542958
2024-06-25,20,MODERATE,30.0,0.056117611206862206
2024-06-26,20,MODERATE,46.0,0.07849842315086852
2024-06-27,20,MODERATE,40.0,0.09747386748060771
2024-06-28,20,MODERATE,47.0,0.10233516056866532
2024-07-01,20,MODERATE,53.0,0.05191335901467031
2024-07-02,20,MODERATE,51.0,0.04091008449347422
2024-07-03,20,MODERATE,50.0,0.08263313311113385
2024-07-05,20,MODERATE,29.0,0.08054477604136312
2024-07-08,20,MODERATE,28.0,-0.04903828152255452
2024-07-09,20,MODERATE,27.0,-0.034637780535586415
2024-07-10,20,MODERATE,28.0,-0.048161052787163205
2024-07-11,20,MODERATE,29.0,0.07336405062406337
2024-07-12,20,MODERATE,25.0,0.05019843251329181
2024-07-15,20,MODERATE,52.0,-0.08885941284048648
2024-07-16,20,MODERATE,65.0,-0.0714280033460446
2024-07-17,20,MODERATE,69.0,-0.08766306228288556
2024-07-18,20,MODERATE,61.0,-0.10564821021966919
2024-07-19,20,MODERATE,60.0,-0.12461620022796205
2024-07-22,20,MODERATE,70.0,-0.12752348898952826
2024-07-23,20,MODERATE,71.0,-0.11080401004800078
2024-07-24,20,MODERATE,69.0,-0.0663543257156729
2024-07-25,20,MODERATE,68.0,-0.08558405350116227
2024-07-26,20,MODERATE,68.0,-0.057857367904433854
2024-07-29,20,MODERATE,74.0,-0.06076250408938533
2024-07-30,20,MODERATE,67.0,-0.10665003541961982
2024-07-31,20,MODERATE,61.0,-0.09050679935139994
2024-08-01,20,MODERATE,52.0,-0.09577698871970397
2024-08-02,20,MODERATE,57.0,-0.038094763474860294
2024-08-05,20,MODERATE,26.0,0.061758804401276235
2024-08-06,20,EXTREME_FEAR,17.0,0.0339878882689959
2024-08-07,20,MODERATE,29.0,0.020381103744927964
2024-08-08,20,EXTREME_FEAR,20.0,-0.13441361359357007
2024-08-09,20,MODERATE,48.0,-0.06551264312358307
2024-08-12,20,MODERATE,25.0,-0.029160316510979056
2024-08-13,20,MODERATE,31.0,-0.05539896621147511
2024-08-14,20,MODERATE,30.0,-0.010443967190410186
2024-08-15,20,MODERATE,29.0,0.05099161781397621
2024-08-16,20,MODERATE,27.0,-0.011984394011507415
2024-08-19,20,MODERATE,28.0,0.013607428382403697
2024-08-20,20,MODERATE,30.0,0.04371378355555566
2024-08-21,20,MODERATE,26.0,0.02844741483472002
2024-08-22,20,MODERATE,39.0,0.04550354058766892
2024-08-23,20,MODERATE,34.0,-0.01200029704082839
2024-08-26,20,MODERATE,55.0,0.022351602236863943
2024-08-27,20,MODERATE,48.0,0.059358515238883136
2024-08-28,20,MODERATE,30.0,0.09916276040377392
2024-08-29,20,MODERATE,29.0,0.10238273330971315
2024-08-30,20,MODERATE,34.0,0.06879083255832019
2024-09-03,20,MODERATE,26.0,0.057613649602428874
2024-09-04,20,MODERATE,27.0,0.044883571669654065
2024-09-05,20,MODERATE,29.0,0.07870838718892159
2024-09-06,20,MODERATE,22.0,0.14018753065384892
2024-09-09,20,MODERATE,26.0,0.08755028654347563
2024-09-10,20,MODERATE,33.0,0.07489276484646235
2024-09-11,20,MODERATE,37.0,0.05494571980137897
2024-09-12,20,MODERATE,31.0,0.03627865519602547
2024-09-13,20,MODERATE,32.0,0.03046641164922237
2024-09-16,20,MODERATE,39.0,0.12659674686455147
2024-09-17,20,MODERATE,33.0,0.10583230062588367
2024-09-18,20,MODERATE,45.0,0.09232807860493808
2024-09-19,20,MODERATE,49.0,0.06845343076379451
2024-09-20,20,MODERATE,54.0,0.07945431616605458
2024-09-23,20,MODERATE,50.0,0.06181191954373544
2024-09-24,20,MODERATE,54.0,0.046481997378371
2024-09-25,20,MODERATE,59.0,0.05077752372356059
2024-09-26,20,MODERATE,50.0,0.04470504103538975
2024-09-27,20,MODERATE,61.0,0.012863277913916393
2024-09-30,20,MODERATE,61.0,0.09882537217871068
2024-10-01,20,MODERATE,50.0,0.17842493317372288
2024-10-02,20,MODERATE,42.0,0.176535098721474
2024-10-03,20,MODERATE,37.0,0.14464279245077316
2024-10-04,20,MODERATE,41.0,0.1128523476546075
2024-10-07,20,MODERATE,50.0,0.08578769458961655
2024-10-08,20,MODERATE,49.0,0.11004337361816785
2024-10-09,20,MODERATE,49.0,0.22197356035509608
2024-10-10,20,MODERATE,39.0,0.2305715770185277
2024-10-11,20,MODERATE,32.0,0.20359742099739675
2024-10-14,20,MODERATE,48.0,0.2949232623843503
2024-10-15,20,MODERATE,65.0,0.2715285536932037
2024-10-16,20,MODERATE,73.0,0.29248329563351594
2024-10-17,20,MODERATE,71.0,0.2581399021019317
2024-10-18,20,MODERATE,73.0,0.2859371233436927
2024-10-21,20,MODERATE,72.0,0.29565298252622263
2024-10-22,20,MODERATE,70.0,0.3154462037030521
2024-10-23,20,MODERATE,71.0,0.3507180869151838
2024-10-24,20,MODERATE,69.0,0.3682311763299433
2024-10-25,20,MODERATE,72.0,0.39575503189779937
2024-10-28,20,MODERATE,72.0,0.2865222275078203
2024-10-29,20,MODERATE,72.0,0.23500578439577735
2024-10-30,20,MODERATE,77.0,0.28258696111892156
2024-10-31,20,MODERATE,77.0,0.32789303491992117
2024-11-01,20,MODERATE,75.0,0.3218696575135316
2024-11-04,20,MODERATE,70.0,0.3476388212401367
2024-11-05,20,MODERATE,70.0,0.35347501962121086
2024-11-06,20,MODERATE,70.0,0.24453912304052494
2024-11-07,20,MODERATE,77.0,0.27489627512085546
2024-11-08,20,MODERATE,75.0,0.24127704661988947
2024-11-11,20,MODERATE,76.0,0.08608265818775962
2024-11-12,20,EXTREME_GREED,80.0,0.13999767402762942
2024-11-13,20,EXTREME_GREED,84.0,0.09932068539026373
2024-11-14,20,EXTREME_GREED,88.0,0.15087483118137213
2024-11-15,20,EXTREME_GREED,80.0,0.15213481623608738
2024-11-18,20,EXTREME_GREED,83.0,0.15894373814748475
2024-11-19,20,EXTREME_GREED,90.0,0.08006704031006295
2024-11-20,20,EXTREME_GREED,83.0,0.03285969018648771
2024-11-21,20,EXTREME_GREED,82.0,-0.007630673642541552
2024-11-22,20,EXTREME_GREED,94.0,-0.04452754274085846
2024-11-25,20,EXTREME_GREED,82.0,0.05814385082402662
2024-11-26,20,MODERATE,79.0,0.04058687162424102
2024-11-27,20,MODERATE,75.0,-0.018910746545671486
2024-11-29,20,MODERATE,78.0,-0.05070199510316398
2024-12-02,20,EXTREME_GREED,80.0,-0.02574016640712351
2024-12-03,20,MODERATE,76.0,0.009173327274808685
2024-12-04,20,MODERATE,78.0,-0.0067159448437053015
2024-12-05,20,EXTREME_GREED,84.0,0.055225889717165355
2024-12-06,20,MODERATE,72.0,-0.030463195029339474
2024-12-09,20,MODERATE,78.0,-0.024827147564255636
2024-12-10,20,MODERATE,78.0,-0.020629937560143752
2024-12-11,20,MODERATE,74.0,-0.068057561308704
2024-12-12,20,EXTREME_GREED,83.0,-0.035704330087539926
2024-12-13,20,MODERATE,76.0,-0.00945489215360995
2024-12-16,20,EXTREME_GREED,83.0,-0.0609831314207514
2024-12-17,20,EXTREME_GREED,87.0,-0.01594090216682975
2024-12-18,20,EXTREME_GREED,81.0,0.0592325169985668
2024-12-19,20,MODERATE,75.0,0.06128987513066697
2024-12-20,20,MODERATE,74.0,0.061534004261699415
2024-12-23,20,MODERATE,70.0,0.10167096242773654
2024-12-24,20,MODERATE,73.0,0.033989419487080674
2024-12-26,20,MODERATE,79.0,0.05619108360575131
2024-12-27,20,MODERATE,74.0,0.09648600921723682
2024-12-30,20,MODERATE,65.0,0.12268058597838127
2024-12-31,20,MODERATE,64.0,0.09173180475319986
2025-01-02,20,MODERATE,70.0,0.045582499088976824
2025-01-03,20,MODERATE,74.0,-0.0024044330051347096
2025-01-06,20,MODERATE,76.0,-0.05499945100753667
2025-01-07,20,MODERATE,78.0,-0.003404437546837613
2025-01-08,20,MODERATE,70.0,0.015509443476066309
2025-01-10,20,MODERATE,50.0,0.028482363491770357
2025-01-13,20,MODERATE,61.0,0.012939113300184601
2025-01-14,20,MODERATE,63.0,0.013906336147972542
2025-01-15,20,MODERATE,70.0,-0.03937664184777434
2025-01-16,20,MODERATE,75.0,-0.022791928009545437
2025-01-17,20,MODERATE,75.0,-0.08928347767655609
2025-01-21,20,MODERATE,76.0,-0.09387070699825761
2025-01-22,20,EXTREME_GREED,84.0,-0.0526802486471829
2025-01-23,20,MODERATE,75.0,-0.07835274603564413
2025-01-24,20,MODERATE,75.0,-0.13679539850306144
2025-01-27,20,MODERATE,71.0,-0.14016451898568238
2025-01-28,20,MODERATE,72.0,-0.18346743759125728
2025-01-29,20,MODERATE,72.0,-0.20236757767683633
2025-01-30,20,MODERATE,70.0,-0.21618872177845994
2025-01-31,20,MODERATE,76.0,-0.1738251371163262
2025-02-03,20,MODERATE,44.0,-0.15066772796822336
2025-02-04,20,MODERATE,72.0,-0.07694441557456777
2025-02-05,20,MODERATE,54.0,-0.07135429833614015
2025-02-06,20,MODERATE,49.0,-0.10756340708745427
2025-02-07,20,MODERATE,44.0,-0.20633818657272318
2025-02-10,20,MODERATE,43.0,-0.16203258897342643
2025-02-11,20,MODERATE,47.0,-0.1342077047882282
2025-02-12,20,MODERATE,46.0,-0.18852978846848734
2025-02-13,20,MODERATE,50.0,-0.1403768904030427
2025-02-14,20,MODERATE,48.0,-0.14822692613710986
2025-02-18,20,MODERATE,47.0,-0.14409698803925153
2025-02-19,20,MODERATE,44.0,-0.10671614377611549
2025-02-20,20,MODERATE,49.0,-0.1555639707524583
2025-02-21,20,MODERATE,55.0,-0.13432366268450302
2025-02-24,20,MODERATE,49.0,-0.043817893139481257
2025-02-25,20,MODERATE,25.0,-0.014352258153074171
2025-02-26,20,MODERATE,21.0,0.029828671031027376
2025-02-27,20,EXTREME_FEAR,10.0,0.02877619887331262
2025-02-28,20,EXTREME_FEAR,16.0,-0.00023540363311935764
2025-03-03,20,MODERATE,33.0,-0.04171961591916862
2025-03-04,20,EXTREME_FEAR,15.0,-0.023819296021972747
2025-03-05,20,EXTREME_FEAR,20.0,-0.09408917339799405
2025-03-06,20,MODERATE,25.0,-0.07930558539062726
2025-03-07,20,MODERATE,34.0,-0.033990341314810824
2025-03-10,20,EXTREME_FEAR,20.0,0.008916175110749602
2025-03-11,20,MODERATE,24.0,-0.08287383521612446
2025-03-12,20,MODERATE,34.0,-0.013811785589558756
2025-03-13,20,MODERATE,45.0,-0.017929872406051928
2025-03-14,20,MODERATE,27.0,-0.006742600086702133
2025-03-17,20,MODERATE,32.0,0.005535637957276407
2025-03-18,20,MODERATE,34.0,0.011425168013695863
2025-03-19,20,MODERATE,32.0,-0.03301125819514006
2025-03-20,20,MODERATE,49.0,0.00861879220332451
2025-03-21,20,MODERATE,31.0,0.040523387120187326
2025-03-24,20,MODERATE,45.0,0.06571336987529763
2025-03-25,20,MODERATE,46.0,0.06877333592615376
2025-03-26,20,MODERATE,47.0,0.07792850670126272
2025-03-27,20,MODERATE,40.0,0.08298875016793339
2025-03-28,20,MODERATE,44.0,0.11864104819925325
2025-03-31,20,MODERATE,34.0,0.13292885757003292
2025-04-01,20,MODERATE,34.0,0.1008582700529419
2025-04-02,20,MODERATE,44.0,0.156838507272115
2025-04-03,20,MODERATE,25.0,0.15370470421639792
2025-04-04,20,MODERATE,28.0,0.12226571286851051
2025-04-07,20,MODERATE,23.0,0.20025021813135302
2025-04-08,20,MODERATE,24.0,0.24073883821732656
2025-04-09,20,EXTREME_FEAR,18.0,0.22337623230869097
2025-04-10,20,MODERATE,39.0,0.2571035148898111
2025-04-11,20,MODERATE,25.0,0.20920505569905856
2025-04-14,20,MODERATE,31.0,0.2087693072794421
2025-04-15,20,MODERATE,38.0,0.2130839072658106
2025-04-16,20,MODERATE,29.0,0.2107126027587083
2025-04-17,20,MODERATE,30.0,0.19804408685990316
2025-04-21,20,MODERATE,39.0,0.18786204787586813
2025-04-22,20,MODERATE,47.0,0.13353470559044878
2025-04-23,20,MODERATE,72.0,0.1574608284050587
2025-04-24,20,MODERATE,63.0,0.17288077860918305
2025-04-25,20,MODERATE,60.0,0.12458446430028136
2025-04-28,20,MODERATE,54.0,0.1376455300733772
2025-04-29,20,MODERATE,60.0,0.1339793820050299
2025-04-30,20,MODERATE,56.0,0.11455592098129808
2025-05-01,20,MODERATE,53.0,0.07491356719749831
2025-05-02,20,MODERATE,67.0,0.0885374010907456
2025-05-05,20,MODERATE,52.0,0.10684932857619689
2025-05-06,20,MODERATE,59.0,0.07873197885869443
2025-05-07,20,MODERATE,67.0,0.04576270318743303
2025-05-08,20,MODERATE,65.0,0.01106665271814622
2025-05-09,20,MODERATE,73.0,0.0687044948746598
2025-05-12,20,MODERATE,70.0,0.06990478184321347
2025-05-13,20,MODERATE,70.0,0.042446361425963364
2025-05-14,20,MODERATE,73.0,0.022817222220038236
2025-05-15,20,MODERATE,70.0,0.02236442067730593
2025-05-16,20,MODERATE,71.0,0.03145944847303106
2025-05-19,20,MODERATE,74.0,-0.009562657185320234
2025-05-20,20,MODERATE,71.0,-0.018025886391535018
2025-05-21,20,MODERATE,70.0,-0.0598191923986211
2025-05-22,20,MODERATE,72.0,-0.05612960617042173
2025-05-23,20,MODERATE,78.0,-0.011645414432839729
2025-05-27,20,MODERATE,74.0,-0.015099323448374058
2025-05-28,20,MODERATE,71.0,-0.007844322154868522
2025-05-29,20,MODERATE,74.0,0.013601211881986597
2025-05-30,20,MODERATE,60.0,0.02971570504269705
2025-06-02,20,MODERATE,64.0,-0.0017322072806051914
2025-06-03,20,MODERATE,64.0,0.031985767976681956
2025-06-04,20,MODERATE,62.0,0.045870463953955554
2025-06-05,20,MODERATE,57.0,0.06409695810170746
2025-06-06,20,MODERATE,45.0,0.04275439278493742
2025-06-09,20,MODERATE,62.0,0.009317367899590145
2025-06-10,20,MODERATE,71.0,0.050663737044941204
2025-06-11,20,MODERATE,72.0,0.07811419601196645
2025-06-12,20,MODERATE,71.0,0.12346890918970521
2025-06-13,20,MODERATE,61.0,0.1044976761375227
2025-06-16,20,MODERATE,61.0,0.10599609341139837
2025-06-17,20,MODERATE,68.0,0.13140196131719772
2025-06-18,20,MODERATE,52.0,0.11786339619535013
2025-06-20,20,MODERATE,54.0,0.1281933198456997
2025-06-23,20,MODERATE,47.0,0.12800565559912291
2025-06-24,20,MODERATE,65.0,0.11319271865251279
2025-06-25,20,MODERATE,66.0,0.09759902665607001
2025-06-26,20,MODERATE,74.0,0.0951391820860148
2025-06-27,20,MODERATE,65.0,0.0963894516069419
2025-06-30,20,MODERATE,66.0,0.09593179063029522
2025-07-01,20,MODERATE,64.0,0.10866435365239857
2025-07-02,20,MODERATE,63.0,0.06144715048367244
2025-07-03,20,MODERATE,73.0,0.032941412232050826
2025-07-07,20,MODERATE,73.0,0.06065321763247011
2025-07-08,20,MODERATE,65.0,0.046546856517960755
2025-07-09,20,MODERATE,66.0,0.03270776057355862
2025-07-10,20,MODERATE,71.0,0.012932069826264048
2025-07-11,20,MODERATE,71.0,-0.007073004727768506
2025-07-14,20,MODERATE,74.0,-0.009374303116224336
2025-07-15,20,MODERATE,73.0,0.02013699315452966
2025-07-16,20,MODERATE,70.0,0.03805404451388128
2025-07-17,20,MODERATE,74.0,-0.007828930271772894
2025-07-18,20,MODERATE,73.0,-0.00513910175169352
2025-07-21,20,MODERATE,71.0,-0.0101607032392379
2025-07-22,20,MODERATE,72.0,-0.06156080936844388
2025-07-23,20,MODERATE,74.0,-0.03845665021355149
2025-07-24,20,MODERATE,71.0,-0.05156517535216798
2025-07-25,20,MODERATE,70.0,-0.006496948157047822
2025-07-28,20,MODERATE,75.0,-0.06843419438445286
2025-07-29,20,MODERATE,73.0,-0.053289328341376674
2025-07-30,20,MODERATE,74.0,-0.05772421983901843
2025-07-31,20,MODERATE,72.0,-0.02815215353833178
2025-08-01,20,MODERATE,65.0,-0.04428838679061631
2025-08-04,20,MODERATE,64.0,-0.03422134999971638
2025-08-05,20,MODERATE,60.0,-0.021413946056490385
2025-08-06,20,MODERATE,54.0,-0.038138557084738345
2025-08-07,20,MODERATE,62.0,-0.060030974207120114
2025-08-08,20,MODERATE,74.0,-0.040373499686150005
2025-08-11,20,MODERATE,70.0,-0.06256566432280097
2025-08-12,20,MODERATE,68.0,-0.05312480384394247
2025-08-13,20,MODERATE,73.0,-0.06564190532967151
2025-08-14,20,MODERATE,75.0,-0.019261781768653563
2025-08-15,20,MODERATE,60.0,-0.016779722786440576
2025-08-18,20,MODERATE,60.0,0.005069821301645572
2025-08-19,20,MODERATE,56.0,0.03172820071941285
2025-08-20,20,MODERATE,44.0,0.024740355887665544
2025-08-21,20,MODERATE,50.0,0.02867110037199261
2025-08-22,20,MODERATE,50.0,-0.03593742290637758
2025-08-25,20,MODERATE,47.0,0.017018131157255922
2025-08-26,20,MODERATE,48.0,0.013556533514850866
2025-08-27,20,MODERATE,51.0,-0.019728792659495564
2025-08-28,20,MODERATE,48.0,-0.025485107562254417
2025-08-29,20,MODERATE,50.0,0.05377637867052121
2025-09-02,20,MODERATE,49.0,0.025354658294247656
2025-09-03,20,MODERATE,55.0,0.06014448048563725
2025-09-04,20,MODERATE,51.0,0.08611581704200066
2025-09-05,20,MODERATE,48.0,0.09982238140967681
2025-09-08,20,MODERATE,51.0,0.10719559193059203
2025-09-09,20,MODERATE,48.0,0.08521552485809325
2025-09-10,20,MODERATE,49.0,0.07925851327166011
2025-09-11,20,MODERATE,54.0,0.05226909708003724
2025-09-12,20,MODERATE,57.0,-0.02518240508630276
2025-09-15,20,MODERATE,53.0,-0.0015065876938278322
2025-09-16,20,MODERATE,52.0,-0.03239536588010328
2025-09-17,20,MODERATE,53.0,-0.050046103383549756
2025-09-18,20,MODERATE,52.0,-0.0794935949418516
2025-09-19,20,MODERATE,53.0,-0.08306185138502054
2025-09-22,20,MODERATE,45.0,-0.0193397529791155
2025-09-23,20,MODERATE,43.0,-0.032091166537367766
2025-09-24,20,MODERATE,44.0,-0.051048254505309476
2025-09-25,20,MODERATE,44.0,0.009314069563084004
2025-09-26,20,MODERATE,28.0,0.011969458417787404
2025-09-29,20,MODERATE,50.0,-0.002459786318285584
2025-09-30,20,MODERATE,50.0,-0.009690494520857573
2025-10-01,20,MODERATE,49.0,-0.07518595275441875
2025-10-02,20,MODERATE,64.0,-0.10819646656763338
2025-10-03,20,MODERATE,63.0,-0.10976601258777441
2025-10-06,20,MODERATE,71.0,-0.1577409099281235
2025-10-07,20,MODERATE,70.0,-0.17856378370053294
2025-10-08,20,MODERATE,60.0,-0.17171498168417143
2025-10-09,20,MODERATE,70.0,-0.1835057618089717
2025-10-10,20,MODERATE,64.0,-0.09094501399324706
2025-10-13,20,MODERATE,38.0,-0.08387959644808607
2025-10-14,20,MODERATE,38.0,-0.09373297947933379
2025-10-15,20,MODERATE,34.0,-0.08590954783111249
2025-10-16,20,MODERATE,28.0,-0.08171180602451811
2025-10-17,20,MODERATE,22.0,-0.12032483735576083
2025-10-20,20,MODERATE,29.0,-0.1830115535875927
2025-10-21,20,MODERATE,34.0,-0.15448754985079116
2025-10-22,20,MODERATE,25.0,-0.16327636527978173
2025-10-23,20,MODERATE,27.0,-0.23944595283617076
2025-10-24,20,MODERATE,30.0,-0.26611815759372215
2025-10-27,20,MODERATE,51.0,-0.2568379673796026
2025-10-28,20,MODERATE,50.0,-0.25716962024954526
2025-10-29,20,MODERATE,51.0,-0.19543022687044243
2025-10-30,20,MODERATE,34.0,-0.1749844485817471
2025-10-31,20,MODERATE,29.0,-0.238357819032188
2025-11-03,20,MODERATE,42.0,-0.1538906086666869
2025-11-04,20,MODERATE,21.0,-0.08269148911724722
2025-11-05,20,MODERATE,23.0,-0.12002352330492805
2025-11-06,20,MODERATE,27.0,-0.1251154007887525
2025-11-07,20,MODERATE,24.0,-0.13144020461421535
2025-11-10,20,MODERATE,29.0,-0.13412790873796032
2025-11-11,20,MODERATE,26.0,-0.1126881951077543
2025-11-12,20,MODERATE,24.0,-0.09433407835692886
2025-11-13,20,EXTREME_FEAR,15.0,-0.09933075683249104
2025-11-14,20,EXTREME_FEAR,16.0,-0.08830105267127086
2025-11-17,20,EXTREME_FEAR,14.0,-0.04724610105667404
2025-11-18,20,EXTREME_FEAR,11.0,-0.07603210766083368
2025-11-19,20,EXTREME_FEAR,15.0,-0.0678894584587928
2025-11-20,20,EXTREME_FEAR,11.0,0.016842839641226348
2025-11-21,20,EXTREME_FEAR,14.0,0.039172128343704316
2025-11-24,20,EXTREME_FEAR,19.0,-0.009751218605408507
2025-11-25,20,EXTREME_FEAR,20.0,0.0030873344554085413
2025-11-26,20,EXTREME_FEAR,15.0,-0.03618594303223155
2025-11-28,20,MODERATE,25.0,-0.042477239124101285
2025-12-01,20,MODERATE,24.0,0.024133267938845293
2025-12-02,20,MODERATE,23.0,-0.042960825280758286
2025-12-03,20,MODERATE,28.0,-0.03906378350184525
2025-12-04,20,MODERATE,26.0,0.018717787320206458
2025-12-05,20,MODERATE,28.0,0.047424237584381856
2025-12-08,20,EXTREME_FEAR,20.0,0.007341148190958879
2025-12-09,20,MODERATE,22.0,-0.018121511399994183
2025-12-10,20,MODERATE,26.0,-0.01652160870286501
2025-12-11,20,MODERATE,29.0,-0.014353133606737511
2025-12-12,20,MODERATE,29.0,0.05444857287688798
2025-12-15,20,EXTREME_FEAR,16.0,0.11476553767413833
2025-12-16,20,EXTREME_FEAR,11.0,0.08409976246430384
2025-12-17,20,EXTREME_FEAR,16.0,0.10337171695326841
2025-12-18,20,EXTREME_FEAR,17.0,0.032785838918502286
2025-12-19,20,EXTREME_FEAR,16.0,0.01435201171024314
2025-12-22,20,MODERATE,25.0,0.010929291249157203
2025-12-23,20,MODERATE,24.0,0.02362646753303288
2025-12-24,20,MODERATE,24.0,0.0074503759949307025
2025-12-26,20,EXTREME_FEAR,20.0,0.0204213421338153
2025-12-29,20,MODERATE,24.0,0.023213363392151187
2025-12-30,20,MODERATE,23.0,-0.04473268392072294
2025-12-31,20,MODERATE,21.0,-0.03939243200097353
2026-01-02,20,MODERATE,28.0,-0.13369458905309406
2026-01-05,20,MODERATE,26.0,-0.21614465638419045
2026-01-06,20,MODERATE,44.0,-0.24967866261444938
2026-01-07,20,MODERATE,42.0,-0.37584410339474505
2026-01-08,20,MODERATE,28.0,-0.2547594550685126
2026-01-09,20,MODERATE,27.0,-0.2552754072689787
2026-01-12,20,MODERATE,27.0,-0.2818620900631519
2026-01-13,20,MODERATE,26.0,-0.3526855963070046
2026-01-14,20,MODERATE,48.0,-0.38097176240371877
2026-01-15,20,MODERATE,61.0,-0.32761795477180655
2026-01-16,20,MODERATE,49.0,-0.3473472740429835
2026-01-20,20,MODERATE,32.0,-0.2847852997706639
2026-01-21,20,MODERATE,24.0,-0.2888045015361078
2026-01-22,20,EXTREME_FEAR,20.0,-0.27423158364857825
2026-01-23,20,MODERATE,24.0,-0.3258084366857896
2026-01-26,20,EXTREME_FEAR,20.0,-0.32023493169049466
2026-01-27,20,MODERATE,29.0,-0.2708670454442026
2026-01-28,20,MODERATE,29.0,-0.27926552075714506
2026-01-29,20,MODERATE,26.0,-0.24961791665282052
2026-01-30,20,EXTREME_FEAR,16.0,-0.20149456053527137
2026-02-02,20,EXTREME_FEAR,14.0,-0.14168362867515016
2026-02-03,20,EXTREME_FEAR,17.0,-0.039413048756550495
2026-02-04,20,EXTREME_FEAR,14.0,-0.03028961690547982
2026-02-05,20,EXTREME_FEAR,12.0,0.08311802889511366
2026-02-06,20,EXTREME_FEAR,9.0,-0.030990423493526542
2026-02-09,20,EXTREME_FEAR,14.0,-0.002768478089870907
2026-02-10,20,EXTREME_FEAR,9.0,0.02030190033105095
2026-02-11,20,EXTREME_FEAR,11.0,0.05094721005378422
2026-02-12,20,EXTREME_FEAR,5.0,0.06922243956716279
2026-02-13,20,EXTREME_FEAR,9.0,0.08359006473066799
2026-02-17,20,EXTREME_FEAR,10.0,0.09097498399045545
2026-02-18,20,EXTREME_FEAR,8.0,0.07005444201725264
2026-02-19,20,EXTREME_FEAR,9.0,0.04319015497492029
2026-02-20,20,EXTREME_FEAR,7.0,0.03634559096573664
2026-02-23,20,EXTREME_FEAR,5.0,0.09300650998962068
2026-02-24,20,EXTREME_FEAR,8.0,0.09573302889666957
2026-02-25,20,EXTREME_FEAR,11.0,0.048113790566609804
2026-02-26,20,EXTREME_FEAR,11.0,0.019639482571594424
2026-02-27,20,EXTREME_FEAR,13.0,0.0069063582861457196
2026-03-02,20,EXTREME_FEAR,10.0,-0.030776000083483357
2026-03-03,20,EXTREME_FEAR,14.0,-0.0008838685196495
2026-03-04,20,EXTREME_FEAR,10.0,-0.06582462331729255
2026-03-05,20,MODERATE,22.0,-0.05741158845548022
2026-03-06,20,EXTREME_FEAR,18.0,0.010560030483920624
2026-03-09,20,EXTREME_FEAR,8.0,0.050434551527733795
2026-03-10,20,EXTREME_FEAR,13.0,0.01696510188114919
2026-03-11,20,EXTREME_FEAR,15.0,0.022018435038038575
2026-03-12,20,EXTREME_FEAR,18.0,0.03465241798120822
2026-03-13,20,EXTREME_FEAR,15.0,0.04836012392757949
2026-03-16,20,MODERATE,23.0,-0.009117941252078765
2026-03-17,20,MODERATE,28.0,0.01186884199492999
2026-03-18,20,MODERATE,26.0,0.053381740715418236
2026-03-19,20,MODERATE,23.0,0.09820319834144886
2026-03-20,20,EXTREME_FEAR,11.0,0.07312158239483191
2026-03-23,20,EXTREME_FEAR,8.0,0.07388436257918185
2026-03-24,20,EXTREME_FEAR,11.0,0.10344330648422106
2026-03-25,20,EXTREME_FEAR,14.0,0.09311608586572762
2026-03-26,20,EXTREME_FEAR,10.0,0.11861914927244221
2026-03-27,20,EXTREME_FEAR,13.0,0.15378694785789793
2026-03-30,20,EXTREME_FEAR,8.0,0.13526014304879075
2026-03-31,20,EXTREME_FEAR,11.0,0.10485047384447066
2026-04-01,20,EXTREME_FEAR,8.0,0.11406730497362583
2026-04-02,20,EXTREME_FEAR,12.0,0.15597296409653727
2026-04-06,20,EXTREME_FEAR,13.0,0.147800183804216
2026-04-07,20,EXTREME_FEAR,11.0,0.11770597752208856
2026-04-08,20,EXTREME_FEAR,17.0,0.13529761217226444
2026-04-09,20,EXTREME_FEAR,14.0,0.10871522983344839
2026-04-10,20,EXTREME_FEAR,16.0,0.09418611327294002
2026-04-13,20,EXTREME_FEAR,12.0,0.0928073548565167
2026-04-14,20,MODERATE,21.0,0.08146127780984624
2026-04-15,20,MODERATE,23.0,0.058063754894881026
2026-04-16,20,MODERATE,23.0,0.07556717410663216
2026-04-17,20,MODERATE,21.0,0.024827102391261846
2026-04-20,20,MODERATE,29.0,0.01415546540088064
2026-04-21,20,MODERATE,33.0,0.005200837899223654
2026-04-22,20,MODERATE,32.0,-0.009576379690504844
2026-04-23,20,MODERATE,46.0,-0.009367760337499753
2026-04-24,20,MODERATE,39.0,-0.025724245639420662
2026-04-27,20,MODERATE,47.0,-0.020117747393193053
2026-04-28,20,MODERATE,33.0,-0.026624403626564597
2026-04-29,20,MODERATE,26.0,-0.03000074724671098
2026-04-30,20,MODERATE,29.0,-0.039180033944655523
2026-05-01,20,MODERATE,26.0,-0.09182745300155926
2026-05-04,20,MODERATE,40.0,-0.17961337794404297
2026-05-05,20,MODERATE,50.0,-0.23444064404075715
2026-05-06,20,MODERATE,46.0,-0.2439355732474684
2026-05-07,20,MODERATE,47.0,-0.2725462075217786
2026-05-08,20,MODERATE,38.0,-0.2397868565288448
2026-05-11,20,MODERATE,48.0,-0.28202794021430844
2026-05-12,20,MODERATE,49.0,-0.269765278594047
2026-05-13,20,MODERATE,42.0,-0.22094859183874638
2026-05-14,20,MODERATE,34.0,-0.2433616933862428
2026-05-15,20,MODERATE,43.0,-0.1762473818953707
2026-05-18,20,MODERATE,28.0,-0.15962461268753647
2026-05-19,20,MODERATE,25.0,-0.17516518421868854
2026-05-20,20,MODERATE,27.0,-0.2082428454618468
2026-05-21,20,MODERATE,29.0,-0.19264880106040772
2026-05-22,20,MODERATE,28.0,-0.18612564931805764
2026-05-26,20,MODERATE,34.0,-0.217643667627071
2026-05-27,20,MODERATE,25.0,-0.21901739501943163
2026-05-28,20,MODERATE,22.0,-0.2031642724089595
2026-05-29,20,MODERATE,23.0,-0.19890130358547942
2026-06-01,20,MODERATE,29.0,-0.1971412247088733
2026-06-02,20,MODERATE,23.0,-0.10585257729180153
2026-06-03,20,EXTREME_FEAR,11.0,-0.04030941091321938
2026-06-04,20,EXTREME_FEAR,12.0,0.00302733514600817
2026-06-05,20,EXTREME_FEAR,12.0,0.03823884596304339
2026-06-08,20,EXTREME_FEAR,8.0,-0.01329142544225892
2026-06-09,20,EXTREME_FEAR,10.0,0.024823531811699606
2026-06-10,20,EXTREME_FEAR,9.0,0.04265541842026166
2026-06-11,20,EXTREME_FEAR,12.0,-0.02101717657779112
2026-06-12,20,EXTREME_FEAR,12.0,0.02199188431514454
2026-06-15,20,EXTREME_FEAR,20.0,-0.02407906300355056
2026-06-16,20,MODERATE,23.0,-0.028000290777011383
2026-06-17,20,MODERATE,22.0,-0.008089084681453418
2026-06-18,20,EXTREME_FEAR,15.0,0.0364298214607548
2026-06-22,20,EXTREME_FEAR,20.0,0.03914456120770504
2026-06-23,20,MODERATE,23.0,0.05332954018910785
2026-06-24,20,EXTREME_FEAR,17.0,0.0642823843987359
2026-06-25,20,EXTREME_FEAR,12.0,0.07072586886097776
2026-06-26,20,EXTREME_FEAR,13.0,0.05995700363562695
2026-06-29,20,EXTREME_FEAR,12.0,0.0602228901078139
2026-06-30,20,EXTREME_FEAR,15.0,0.0874147858743255
2026-07-01,20,EXTREME_FEAR,11.0,0.07574510292446868
2026-07-02,20,EXTREME_FEAR,19.0,0.02137580180744081
2026-07-06,20,MODERATE,24.0,-0.008381255872410343
2026-07-07,20,MODERATE,27.0,0.011912801329250433
2026-07-08,20,EXTREME_FEAR,20.0,0.03689550820940157
2026-07-09,20,MODERATE,22.0,0.016774355088536197
2026-07-10,20,MODERATE,23.0,0.0116746749607477
2026-07-13,20,MODERATE,28.0,0.026501253260279967
2026-07-14,20,MODERATE,22.0,-0.02185536004279487
2026-07-15,20,MODERATE,25.0,-0.020450205139556976
2026-07-16,20,MODERATE,25.0,-0.006087053190446001
2026-07-17,20,MODERATE,27.0,-0.014563674776233881
2026-07-20,20,MODERATE,29.0,-0.01115772610945509
2026-07-21,20,MODERATE,25.0,-0.027815986100368617
2026-07-22,20,MODERATE,33.0,0.04677606988120164
2026-07-23,20,MODERATE,31.0,0.115831622223874
2026-07-24,20,MODERATE,28.0,0.20057599363326495
2026-07-27,20,MODERATE,30.0,0.21442283001036944
2026-07-28,20,MODERATE,29.0,0.20705489735068117
2026-07-29,20,MODERATE,29.0,0.2123477271274854
2026-07-30,20,MODERATE,28.0,0.21508840890793413
2026-07-31,20,MODERATE,25.0,0.21435673862347882
2026-08-03,20,MODERATE,28.0,0.21329401564005468
2026-08-04,20,MODERATE,25.0,0.18927664513579878
2026-08-05,20,MODERATE,27.0,0.1795244103285638
2026-08-06,20,MODERATE,25.0,0.23482814200080604
2026-08-07,20,MODERATE,29.0,0.20537545443531613
2026-08-10,20,MODERATE,30.0,0.20483086246522753
2026-08-11,20,MODERATE,29.0,0.2081740257588225
2026-08-12,20,MODERATE,27.0,0.1886786219620904
2026-08-13,20,MODERATE,29.0,0.1965618631376409
2026-08-14,20,MODERATE,29.0,0.21605403686942726
2026-08-17,20,MODERATE,31.0,0.15885953786763896
2026-08-18,20,MODERATE,41.0,0.1632462594074502
2026-08-19,20,MODERATE,46.0,0.09807521323224222
2018-02-02,60,EXTREME_FEAR,15.0,0.03212127113938398
2018-02-05,60,EXTREME_FEAR,11.0,0.28360057281547113
2018-02-06,60,EXTREME_FEAR,8.0,0.22842853987990652
2018-02-07,60,MODERATE,36.0,0.2412572756003272
2018-02-08,60,MODERATE,30.0,0.12573316247128827
2018-02-09,60,MODERATE,44.0,0.05541651038463066
2018-02-12,60,MODERATE,42.0,0.04368597721394184
2018-02-13,60,MODERATE,35.0,0.050529345325040054
2018-02-14,60,MODERATE,55.0,-0.11756750220917683
2018-02-15,60,MODERATE,71.0,-0.15383714815260102
2018-02-16,60,MODERATE,67.0,-0.18441919598706613
2018-02-20,60,MODERATE,74.0,-0.3094237821528599
2018-02-21,60,MODERATE,54.0,-0.2781836196105916
2018-02-22,60,MODERATE,44.0,-0.1927542319830628
2018-02-23,60,MODERATE,39.0,-0.2017607513249402
2018-02-26,60,MODERATE,37.0,-0.2539483397804319
2018-02-27,60,MODERATE,44.0,-0.35005060532413135
2018-02-28,60,MODERATE,41.0,-0.3151228519937775
2018-03-01,60,MODERATE,38.0,-0.3811792496272838
2018-03-02,60,MODERATE,47.0,-0.3944775287699902
2018-03-05,60,MODERATE,55.0,-0.4463400080552825
2018-03-06,60,MODERATE,59.0,-0.3635579507324508
2018-03-07,60,MODERATE,37.0,-0.2787216864656044
2018-03-08,60,MODERATE,39.0,-0.22334814862093794
2018-03-09,60,MODERATE,37.0,-0.20146339945597286
2018-03-12,60,MODERATE,41.0,-0.18453409228850387
2018-03-13,60,MODERATE,41.0,-0.18025311747170447
2018-03-14,60,MODERATE,40.0,-0.08118966181694745
2018-03-15,60,MODERATE,32.0,-0.18383536996926064
2018-03-16,60,MODERATE,33.0,-0.2364719853473104
2018-03-19,60,MODERATE,29.0,-0.30688081680516316
2018-03-20,60,MODERATE,37.0,-0.2891419330479731
2018-03-21,60,MODERATE,36.0,-0.3242360172187989
2018-03-22,60,MODERATE,36.0,-0.259299008086129
2018-03-23,60,MODERATE,28.0,-0.2712665608923283
2018-03-26,60,MODERATE,31.0,-0.19181179270350807
2018-03-27,60,MODERATE,24.0,-0.1518141452087431
2018-03-28,60,MODERATE,24.0,-0.26812387935712456
2018-03-29,60,EXTREME_FEAR,18.0,-0.13685549763400603
2018-04-02,60,EXTREME_FEAR,11.0,-0.1505599446613622
2018-04-03,60,MODERATE,22.0,-0.19142307130453212
2018-04-04,60,MODERATE,22.0,-0.14927383442415093
2018-04-05,60,EXTREME_FEAR,17.0,-0.09111146135134501
2018-04-06,60,EXTREME_FEAR,19.0,-0.0033417107339860364
2018-04-09,60,MODERATE,21.0,-0.03626477663094352
2018-04-10,60,EXTREME_FEAR,18.0,-0.029038864260119368
2018-04-11,60,EXTREME_FEAR,20.0,-0.043229677562904134
2018-04-12,60,EXTREME_FEAR,18.0,-0.1571815381658747
2018-04-13,60,MODERATE,23.0,-0.22105886322903692
2018-04-17,60,MODERATE,26.0,-0.23794194894739845
2018-04-18,60,MODERATE,24.0,-0.26899558701450355
2018-04-19,60,MODERATE,25.0,-0.20725015059781965
2018-04-20,60,MODERATE,26.0,-0.18919377064810017
2018-04-23,60,MODERATE,28.0,-0.19199141522737678
2018-04-24,60,MODERATE,29.0,-0.26139357592724466
2018-04-25,60,MODERATE,64.0,-0.18467396945212267
2018-04-26,60,MODERATE,47.0,-0.185362095472588
2018-04-27,60,MODERATE,55.0,-0.06466786056266481
2018-04-30,60,MODERATE,59.0,-0.1217393070151175
2018-05-01,60,MODERATE,56.0,-0.13699055897749948
2018-05-02,60,MODERATE,52.0,-0.1232422987809582
2018-05-03,60,MODERATE,55.0,-0.1748865529165165
2018-05-04,60,MODERATE,56.0,-0.22059132446495108
2018-05-07,60,MODERATE,56.0,-0.20641371801556926
2018-05-08,60,MODERATE,62.0,-0.19916465870805605
2018-05-09,60,MODERATE,53.0,-0.22660168422955362
2018-05-10,60,MODERATE,63.0,-0.26309437691780335
2018-05-11,60,MODERATE,41.0,-0.22315422340750538
2018-05-14,60,MODERATE,40.0,-0.323781241543352
2018-05-15,60,MODERATE,40.0,-0.25904219433359327
2018-05-16,60,MODERATE,32.0,-0.30243398832170976
2018-05-17,60,MODERATE,31.0,-0.2509987426215828
2018-05-18,60,MODERATE,37.0,-0.2858282255897808
2018-05-21,60,MODERATE,41.0,-0.2885887926017511
2018-05-22,60,MODERATE,30.0,-0.23860323558736904
2018-05-23,60,MODERATE,26.0,-0.13845229793430636
2018-05-24,60,MODERATE,27.0,-0.1845783964481924
2018-05-25,60,MODERATE,25.0,-0.14218011349950005
2018-05-29,60,EXTREME_FEAR,16.0,-0.15858935411145533
2018-05-30,60,MODERATE,38.0,-0.12520672969176228
2018-05-31,60,MODERATE,25.0,-0.10904317818046294
2018-06-01,60,MODERATE,24.0,-0.09112163403155799
2018-06-04,60,MODERATE,41.0,-0.057259850889816805
2018-06-05,60,MODERATE,26.0,-0.07995576386785513
2018-06-06,60,MODERATE,42.0,-0.0924304712792744
2018-06-07,60,MODERATE,38.0,-0.08712601257929961
2018-06-08,60,MODERATE,40.0,-0.03513634837637605
2018-06-11,60,EXTREME_FEAR,15.0,-0.016656140640754935
2018-06-12,60,EXTREME_FEAR,19.0,-0.008113505298630197
2018-06-13,60,EXTREME_FEAR,19.0,0.01828407003929977
2018-06-14,60,EXTREME_FEAR,17.0,-0.05316877947341386
2018-06-15,60,MODERATE,26.0,-0.021190683491153495
2018-06-18,60,MODERATE,27.0,-0.05855285079302741
2018-06-19,60,MODERATE,32.0,-0.03803049249192758
2018-06-20,60,MODERATE,34.0,-0.0397124478219914
2018-06-21,60,MODERATE,37.0,-0.0689754686270534
2018-06-22,60,MODERATE,28.0,0.046192089592441476
2018-06-25,60,EXTREME_FEAR,16.0,0.02361956217654182
2018-06-26,60,MODERATE,21.0,0.06757323452571945
2018-06-27,60,EXTREME_FEAR,18.0,0.08969967407729734
2018-06-28,60,EXTREME_FEAR,20.0,0.1108387543112832
2018-06-29,60,EXTREME_FEAR,16.0,0.03603620140905678
2018-07-02,60,MODERATE,27.0,-0.018183205641627898
2018-07-03,60,MODERATE,31.0,0.022287211958486097
2018-07-05,60,MODERATE,37.0,0.0007512828273624206
2018-07-06,60,MODERATE,34.0,-0.012648758422533102
2018-07-09,60,MODERATE,39.0,-0.02792360627557533
2018-07-10,60,MODERATE,37.0,0.026908166960416813
2018-07-11,60,MODERATE,29.0,0.028060490381493608
2018-07-12,60,MODERATE,33.0,0.061284606477412185
2018-07-13,60,MODERATE,29.0,0.06428453163107384
2018-07-16,60,MODERATE,36.0,-0.0148100397258073
2018-07-17,60,MODERATE,39.0,-0.10587761443395269
2018-07-18,60,MODERATE,42.0,-0.1639441027760677
2018-07-19,60,MODERATE,44.0,-0.17396798144684095
2018-07-20,60,MODERATE,47.0,-0.10871676917566084
2018-07-23,60,MODERATE,44.0,-0.15618206774929008
2018-07-24,60,MODERATE,49.0,-0.2525024369094609
2018-07-25,60,MODERATE,54.0,-0.2336494201879293
2018-07-26,60,MODERATE,53.0,-0.20690420809626262
2018-07-27,60,MODERATE,47.0,-0.23003305972978538
2018-07-30,60,MODERATE,53.0,-0.23368790324958083
2018-07-31,60,MODERATE,48.0,-0.18045093636981824
2018-08-01,60,MODERATE,39.0,-0.16327271806394927
2018-08-02,60,MODERATE,39.0,-0.15590650072431084
2018-08-03,60,MODERATE,36.0,-0.1604009373570625
2018-08-06,60,MODERATE,25.0,-0.09302601337111743
2018-08-07,60,MODERATE,25.0,-0.0666636872293076
2018-08-08,60,MODERATE,23.0,0.011350226914760009
2018-08-09,60,EXTREME_FEAR,19.0,-0.027754288876540356
2018-08-10,60,MODERATE,21.0,0.03728507033935652
2018-08-13,60,MODERATE,21.0,0.025621799255236666
2018-08-14,60,EXTREME_FEAR,16.0,0.051925893042190086
2018-08-15,60,EXTREME_FEAR,18.0,0.02275563822823229
2018-08-16,60,MODERATE,21.0,0.008001416287749419
2018-08-17,60,EXTREME_FEAR,19.0,-0.03233164279276318
2018-08-20,60,MODERATE,26.0,0.00804557050496535
2018-08-21,60,EXTREME_FEAR,19.0,-0.12289968358670372
2018-08-22,60,MODERATE,21.0,-0.121345510491286
2018-08-23,60,EXTREME_FEAR,18.0,-0.1587630341539163
2018-08-24,60,EXTREME_FEAR,19.0,-0.32168230308659407
2018-08-27,60,EXTREME_FEAR,18.0,-0.43596860413961547
2018-08-28,60,EXTREME_FEAR,19.0,-0.4330427583874348
2018-08-29,60,EXTREME_FEAR,19.0,-0.48311349591230957
2018-08-30,60,MODERATE,22.0,-0.6133015067546101
2018-08-31,60,EXTREME_FEAR,17.0,-0.6108254933099502
2018-09-04,60,MODERATE,26.0,-0.5476221473548573
2018-09-05,60,EXTREME_FEAR,17.0,-0.46218414971718036
2018-09-06,60,EXTREME_FEAR,14.0,-0.4856776098954807
2018-09-07,60,EXTREME_FEAR,17.0,-0.5072526076373708
2018-09-10,60,EXTREME_FEAR,15.0,-0.4697935492916302
2018-09-11,60,EXTREME_FEAR,18.0,-0.5851351405690647
2018-09-12,60,EXTREME_FEAR,14.0,-0.6191160018876107
2018-09-13,60,EXTREME_FEAR,20.0,-0.6209401835841828
2018-09-14,60,MODERATE,23.0,-0.6427744343830121
2018-09-17,60,MODERATE,25.0,-0.5885335914936393
2018-09-18,60,MODERATE,21.0,-0.6537449765182048
2018-09-19,60,MODERATE,24.0,-0.6797298764732524
2018-09-20,60,MODERATE,24.0,-0.6090416849227454
2018-09-21,60,MODERATE,31.0,-0.6000432758799015
2018-09-24,60,MODERATE,43.0,-0.565698537386139
2018-09-25,60,MODERATE,37.0,-0.4441804973246878
2018-09-26,60,MODERATE,37.0,-0.5109427203901049
2018-09-27,60,MODERATE,42.0,-0.492877765425865
2018-09-28,60,MODERATE,42.0,-0.5437669038611452
2018-10-01,60,MODERATE,35.0,-0.5894451644497685
2018-10-02,60,MODERATE,33.0,-0.5133051057312086
2018-10-03,60,MODERATE,36.0,-0.5523931415328558
2018-10-04,60,MODERATE,29.0,-0.5114858852279334
2018-10-05,60,MODERATE,37.0,-0.5458465558894503
2018-10-08,60,MODERATE,26.0,-0.5448764389360324
2018-10-09,60,MODERATE,31.0,-0.5009228992368742
2018-10-10,60,MODERATE,28.0,-0.4908980343382549
2018-10-11,60,EXTREME_FEAR,19.0,-0.43849965015925335
2018-10-12,60,EXTREME_FEAR,13.0,-0.5338860924690199
2018-10-15,60,EXTREME_FEAR,20.0,-0.5816330344687284
2018-10-16,60,MODERATE,24.0,-0.5765128351363884
2018-10-17,60,MODERATE,23.0,-0.5891956709518449
2018-10-18,60,MODERATE,26.0,-0.5721146958546092
2018-10-19,60,MODERATE,24.0,-0.5639440037089731
2018-10-22,60,MODERATE,27.0,-0.5729522296687067
2018-10-23,60,MODERATE,24.0,-0.5858584549617809
2018-10-24,60,MODERATE,23.0,-0.594369151798994
2018-10-25,60,MODERATE,25.0,-0.5869735943063961
2018-10-26,60,MODERATE,29.0,-0.5870411898043221
2018-10-29,60,MODERATE,34.0,-0.6014312180197117
2018-10-30,60,MODERATE,31.0,-0.6081463088694261
2018-10-31,60,MODERATE,32.0,-0.5945338989538804
2018-11-01,60,MODERATE,29.0,-0.6121895961005704
2018-11-02,60,MODERATE,36.0,-0.6051772707891837
2018-11-05,60,MODERATE,42.0,-0.6183411153903332
2018-11-06,60,MODERATE,42.0,-0.62268130777574
2018-11-07,60,MODERATE,48.0,-0.6486117889833078
2018-11-08,60,MODERATE,51.0,-0.6410367108097361
2018-11-09,60,MODERATE,47.0,-0.5547346383912652
2018-11-12,60,MODERATE,52.0,-0.5575017047482846
2018-11-13,60,MODERATE,56.0,-0.5542547917128082
2018-11-14,60,MODERATE,49.0,-0.45736884264194044
2018-11-15,60,MODERATE,28.0,-0.44569476039783745
2018-11-16,60,MODERATE,23.0,-0.4316929559808593
2018-11-19,60,MODERATE,28.0,-0.21042015906161615
2018-11-20,60,MODERATE,21.0,-0.10707475967700952
2018-11-21,60,EXTREME_FEAR,15.0,-0.15177030542443282
2018-11-23,60,EXTREME_FEAR,12.0,-0.08183616469600208
2018-11-26,60,EXTREME_FEAR,17.0,0.027036038750016478
2018-11-27,60,EXTREME_FEAR,11.0,0.008765554006293974
2018-11-28,60,EXTREME_FEAR,14.0,-0.1003181709443347
2018-11-29,60,EXTREME_FEAR,18.0,-0.10436816831469353
2018-11-30,60,EXTREME_FEAR,19.0,-0.04004286933841772
2018-12-03,60,EXTREME_FEAR,17.0,-0.03463751006996385
2018-12-04,60,EXTREME_FEAR,12.0,-0.01541268951789998
2018-12-06,60,EXTREME_FEAR,13.0,0.10321301859622645
2018-12-07,60,EXTREME_FEAR,11.0,0.13429473283753246
2018-12-10,60,EXTREME_FEAR,19.0,0.1077451232679475
2018-12-11,60,EXTREME_FEAR,15.0,0.13133477586361086
2018-12-12,60,EXTREME_FEAR,14.0,0.11429407324197738
2018-12-13,60,EXTREME_FEAR,14.0,0.16463892912642464
2018-12-14,60,EXTREME_FEAR,10.0,0.1908656408401599
2018-12-17,60,EXTREME_FEAR,17.0,0.11069201858966604
2018-12-18,60,MODERATE,23.0,0.08712120826311076
2018-12-19,60,MODERATE,21.0,0.08325994673599468
2018-12-20,60,MODERATE,27.0,-0.011424487639498548
2018-12-21,60,MODERATE,35.0,0.03350941101024385
2018-12-24,60,MODERATE,25.0,-0.013485031264443115
2018-12-26,60,MODERATE,26.0,0.027052281308619364
2018-12-27,60,MODERATE,29.0,0.08650705365857614
2018-12-28,60,MODERATE,21.0,0.04073656974742401
2018-12-31,60,MODERATE,26.0,0.08361621522649643
2019-01-02,60,MODERATE,30.0,0.03854474942311037
2019-01-03,60,MODERATE,33.0,0.08045486206220365
2019-01-04,60,MODERATE,48.0,0.23504451021567774
2019-01-07,60,MODERATE,39.0,0.21144110193659926
2019-01-08,60,MODERATE,39.0,0.19990048531803262
2019-01-09,60,MODERATE,42.0,0.22166761067496543
2019-01-10,60,MODERATE,37.0,0.36315448448091625
2019-01-11,60,EXTREME_FEAR,19.0,0.3446994875839047
2019-01-14,60,EXTREME_FEAR,16.0,0.36236130564725977
2019-01-15,60,MODERATE,27.0,0.3328343437326162
2019-01-16,60,MODERATE,24.0,0.3310893054987071
2019-01-17,60,MODERATE,28.0,0.3202478702081045
2019-01-18,60,MODERATE,29.0,0.3586010957740834
2019-01-22,60,MODERATE,27.0,0.37639268111212787
2019-01-23,60,MODERATE,33.0,0.3906094010580248
2019-01-24,60,MODERATE,37.0,0.40510717020413844
2019-01-25,60,MODERATE,35.0,0.43695026918392577
2019-01-28,60,MODERATE,35.0,0.4540553344303684
2019-01-29,60,MODERATE,21.0,0.41285055068454357
2019-01-30,60,MODERATE,22.0,0.4149955811367485
2019-01-31,60,EXTREME_FEAR,17.0,0.4170932265042374
2019-02-01,60,MODERATE,23.0,0.4279195305937852
2019-02-04,60,MODERATE,27.0,0.44587425675219694
2019-02-05,60,MODERATE,21.0,0.4626039939821439
2019-02-06,60,EXTREME_FEAR,14.0,0.5245589837122713
2019-02-07,60,EXTREME_FEAR,18.0,0.5250243874329126
2019-02-08,60,MODERATE,37.0,0.46361751735732676
2019-02-11,60,MODERATE,46.0,0.4945343199005672
2019-02-12,60,MODERATE,38.0,0.5247391427028962
2019-02-13,60,MODERATE,48.0,0.5631848056032346
2019-02-14,60,MODERATE,48.0,0.7704220789382091
2019-02-15,60,MODERATE,43.0,0.7920453237412985
2019-02-19,60,MODERATE,65.0,0.7317844616685154
2019-02-20,60,MODERATE,59.0,0.6787012029629771
2019-02-21,60,MODERATE,59.0,0.6191118159864869
2019-02-22,60,MODERATE,61.0,0.6890514341786975
2019-02-25,60,MODERATE,47.0,0.7183171251621692
2019-02-26,60,MODERATE,40.0,0.6894237608974962
2019-02-27,60,MODERATE,39.0,0.7162170729146357
2019-02-28,60,MODERATE,39.0,0.728546404604006
2019-03-01,60,MODERATE,42.0,0.8150555319138247
2019-03-04,60,MODERATE,36.0,0.8338225164279326
2019-03-05,60,MODERATE,35.0,0.7585522364470496
2019-03-06,60,MODERATE,42.0,0.7868059376190168
2019-03-07,60,MODERATE,56.0,0.7413135810500523
2019-03-08,60,MODERATE,54.0,0.6809623774186425
2019-03-11,60,MODERATE,56.0,0.694909526027392
2019-03-12,60,MODERATE,56.0,0.6936217148134893
2019-03-13,60,MODERATE,54.0,0.7222229494139973
2019-03-14,60,MODERATE,55.0,0.7122771297486837
2019-03-15,60,MODERATE,55.0,0.693890683699001
2019-03-18,60,MODERATE,56.0,0.7031211589213785
2019-03-19,60,MODERATE,56.0,0.7039628740934744
2019-03-20,60,MODERATE,55.0,0.7546861820980534
2019-03-21,60,MODERATE,62.0,0.838601113319077
2019-03-22,60,MODERATE,56.0,0.8139997576927216
2019-03-25,60,MODERATE,46.0,0.8501440691983203
2019-03-26,60,MODERATE,43.0,0.8715890926396397
2019-03-27,60,MODERATE,44.0,0.9091098771878801
2019-03-28,60,MODERATE,49.0,0.9954804767685382
2019-03-29,60,MODERATE,50.0,1.0567390540973418
2019-04-01,60,MODERATE,62.0,1.14111892598368
2019-04-02,60,MODERATE,60.0,0.8292572722782977
2019-04-03,60,MODERATE,71.0,0.9142598925956011
2019-04-04,60,MODERATE,61.0,0.7653844379259109
2019-04-05,60,MODERATE,59.0,0.762954104183905
2019-04-08,60,MODERATE,65.0,0.8158989360172053
2019-04-09,60,MODERATE,64.0,0.7463234394956455
2019-04-10,60,MODERATE,62.0,0.8361284537308391
2019-04-11,60,MODERATE,65.0,0.9093632722984863
2019-04-12,60,MODERATE,42.0,0.8706777814861644
2019-04-15,60,MODERATE,60.0,0.8072103150093084
2019-04-16,60,MODERATE,50.0,0.813979659331626
2019-04-17,60,MODERATE,61.0,0.7297150655782798
2019-04-18,60,MODERATE,64.0,0.5815333118911669
2019-04-22,60,MODERATE,61.0,0.5852053904956337
2019-04-23,60,MODERATE,68.0,0.6492872648520106
2019-04-24,60,MODERATE,65.0,0.6559581498553507
2019-04-25,60,MODERATE,58.0,0.6856414346760538
2019-04-26,60,MODERATE,41.0,0.6288096546574182
2019-04-29,60,MODERATE,42.0,0.6258748911492643
2019-04-30,60,MODERATE,42.0,0.6164978256703437
2019-05-01,60,MODERATE,51.0,0.6026323015911895
2019-05-02,60,MODERATE,50.0,0.5475967849381278
2019-05-03,60,MODERATE,63.0,0.5101605168151566
2019-05-06,60,MODERATE,57.0,0.5624670145411342
2019-05-07,60,MODERATE,69.0,0.5788424887868056
2019-05-08,60,MODERATE,63.0,0.5642732546174037
2019-05-09,60,MODERATE,69.0,0.6481459383820579
2019-05-10,60,MODERATE,71.0,0.587459186091349
2019-05-13,60,MODERATE,78.0,0.42402488901354163
2019-05-14,60,MODERATE,78.0,0.40336002644064817
2019-05-15,60,MODERATE,77.0,0.36865476601899827
2019-05-16,60,MODERATE,75.0,0.36713659555247574
2019-05-17,60,MODERATE,65.0,0.3945107294218887
2019-05-20,60,MODERATE,73.0,0.2310156879489323
2019-05-21,60,MODERATE,68.0,0.25841727112744745
2019-05-22,60,MODERATE,69.0,0.3007071466724118
2019-05-23,60,MODERATE,65.0,0.3256722965921308
2019-05-24,60,MODERATE,64.0,0.29827417836679654
2019-05-28,60,MODERATE,71.0,0.15068078245397412
2019-05-29,60,MODERATE,71.0,0.15695000635585232
2019-05-30,60,MODERATE,73.0,0.22397249323206914
2019-05-31,60,MODERATE,61.0,0.19020321340350554
2019-06-03,60,MODERATE,66.0,0.21573462172161925
2019-06-04,60,MODERATE,42.0,0.2354917677428035
2019-06-05,60,MODERATE,27.0,0.19513941361644738
2019-06-06,60,MODERATE,34.0,0.20462958145624205
2019-06-07,60,MODERATE,27.0,0.2781518955188173
2019-06-10,60,MODERATE,46.0,0.28085161373852563
2019-06-11,60,MODERATE,61.0,0.2881783782168554
2019-06-12,60,MODERATE,60.0,0.23979606734458309
2019-06-13,60,MODERATE,63.0,0.22763547668942527
2019-06-14,60,MODERATE,67.0,0.15150199076302648
2019-06-17,60,EXTREME_GREED,84.0,0.08806462976529647
2019-06-18,60,EXTREME_GREED,83.0,0.13651077464528738
2019-06-19,60,EXTREME_GREED,82.0,0.11084183550644544
2019-06-20,60,EXTREME_GREED,81.0,0.07574165500245449
2019-06-21,60,EXTREME_GREED,84.0,0.00948860558668621
2019-06-24,60,EXTREME_GREED,80.0,-0.0766881400811534
2019-06-25,60,EXTREME_GREED,87.0,-0.13845159681109626
2019-06-26,60,EXTREME_GREED,95.0,-0.24561089571652128
2019-06-27,60,EXTREME_GREED,92.0,-0.1392330370021501
2019-06-28,60,MODERATE,62.0,-0.3641367998104292
2019-07-01,60,MODERATE,65.0,-0.2207268986640325
2019-07-02,60,MODERATE,63.0,-0.28549844324561213
2019-07-03,60,MODERATE,79.0,-0.37123699407144545
2019-07-05,60,MODERATE,67.0,-0.2804187013181601
2019-07-08,60,MODERATE,74.0,-0.38700099583857356
2019-07-09,60,EXTREME_GREED,84.0,-0.40421324979960555
2019-07-10,60,EXTREME_GREED,83.0,-0.3864414087732068
2019-07-11,60,MODERATE,62.0,-0.32512241866893676
2019-07-12,60,MODERATE,33.0,-0.3597708683759961
2019-07-15,60,EXTREME_FEAR,16.0,-0.2806740598849338
2019-07-16,60,MODERATE,34.0,-0.09766875014760881
2019-07-17,60,EXTREME_FEAR,19.0,-0.12129865630196834
2019-07-18,60,MODERATE,40.0,-0.24823295032528447
2019-07-19,60,MODERATE,42.0,-0.22908423248731924
2019-07-22,60,MODERATE,42.0,-0.231531540627738
2019-07-23,60,MODERATE,40.0,-0.20724746597423976
2019-07-24,60,EXTREME_FEAR,20.0,-0.19125176124416493
2019-07-25,60,MODERATE,42.0,-0.21764332246539234
2019-07-26,60,MODERATE,24.0,-0.18007884044174205
2019-07-29,60,EXTREME_FEAR,19.0,-0.16413562491022476
2019-07-30,60,MODERATE,22.0,-0.24567875547211881
2019-07-31,60,MODERATE,31.0,-0.29707695378785093
2019-08-01,60,MODERATE,57.0,-0.18297840019116118
2019-08-02,60,MODERATE,61.0,-0.12781666794605256
2019-08-05,60,MODERATE,64.0,-0.2249276731077113
2019-08-06,60,MODERATE,66.0,-0.22062113577530307
2019-08-07,60,MODERATE,45.0,-0.26090061121097374
2019-08-08,60,MODERATE,61.0,-0.2562800092000395
2019-08-09,60,MODERATE,60.0,-0.23136843736705168
2019-08-12,60,MODERATE,48.0,-0.19751048860305176
2019-08-13,60,MODERATE,45.0,-0.15184086375448438
2019-08-14,60,EXTREME_FEAR,11.0,-0.08122188783195214
2019-08-15,60,EXTREME_FEAR,13.0,-0.1579580176039471
2019-08-16,60,MODERATE,31.0,-0.16939196898265174
2019-08-19,60,MODERATE,30.0,-0.21370459852080498
2019-08-20,60,MODERATE,39.0,-0.20044569697183467
2019-08-21,60,EXTREME_FEAR,11.0,-0.15204263129103196
2019-08-22,60,EXTREME_FEAR,5.0,-0.17648190062860045
2019-08-23,60,MODERATE,33.0,-0.2251976628121823
2019-08-26,60,MODERATE,41.0,-0.23411279775708288
2019-08-27,60,MODERATE,30.0,-0.2381208860929928
2019-08-28,60,MODERATE,32.0,-0.24396332189716238
2019-08-29,60,EXTREME_FEAR,20.0,-0.26495950603003077
2019-08-30,60,MODERATE,24.0,-0.2950013724845782
2019-09-03,60,MODERATE,41.0,-0.3864429801139162
2019-09-04,60,MODERATE,43.0,-0.34121840969791173
2019-09-05,60,MODERATE,41.0,-0.3094005589290961
2019-09-06,60,MODERATE,43.0,-0.34642365936688735
2019-09-09,60,MODERATE,41.0,-0.3449035304775927
2019-09-10,60,MODERATE,41.0,-0.33283384204289956
2019-09-11,60,MODERATE,38.0,-0.31227824271978094
2019-09-12,60,MODERATE,39.0,-0.3216293974459313
2019-09-13,60,MODERATE,38.0,-0.3364034873349875
2019-09-16,60,MODERATE,38.0,-0.34501580224781425
2019-09-17,60,MODERATE,41.0,-0.34992732335923427
2019-09-18,60,MODERATE,38.0,-0.34216192147355795
2019-09-19,60,MODERATE,31.0,-0.34516498907716797
2019-09-20,60,MODERATE,41.0,-0.38436857448466183
2019-09-23,60,MODERATE,41.0,-0.3819548991097957
2019-09-24,60,MODERATE,39.0,-0.16945920999848288
2019-09-25,60,EXTREME_FEAR,15.0,-0.16405879441579724
2019-09-26,60,EXTREME_FEAR,12.0,-0.11751201778116468
2019-09-27,60,MODERATE,24.0,-0.11497110559172957
2019-09-30,60,MODERATE,27.0,-0.12456026561651656
2019-10-01,60,MODERATE,38.0,-0.14197750040808227
2019-10-02,60,MODERATE,39.0,-0.1408873590736444
2019-10-03,60,MODERATE,37.0,-0.12450932722775286
2019-10-04,60,MODERATE,30.0,-0.13166659596813224
2019-10-07,60,MODERATE,27.0,-0.16585021154311652
2019-10-08,60,MODERATE,39.0,-0.11363410060148525
2019-10-09,60,MODERATE,37.0,-0.10109708376590007
2019-10-10,60,MODERATE,41.0,-0.05049156714122523
2019-10-11,60,MODERATE,39.0,-0.029498499387333926
2019-10-14,60,MODERATE,37.0,-0.06100360676711254
2019-10-15,60,MODERATE,39.0,-0.004741655983174095
2019-10-16,60,MODERATE,40.0,0.011940500686526134
2019-10-17,60,MODERATE,40.0,0.08555502732582605
2019-10-18,60,MODERATE,40.0,0.09946121858863946
2019-10-21,60,MODERATE,37.0,0.056601549582088274
2019-10-22,60,MODERATE,39.0,0.10013920966436746
2019-10-23,60,MODERATE,33.0,0.15172703425682074
2019-10-24,60,EXTREME_FEAR,20.0,0.14708796313200878
2019-10-25,60,MODERATE,24.0,-0.02978849845211881
2019-10-28,60,MODERATE,52.0,-0.09166201883357626
2019-10-29,60,MODERATE,54.0,-0.05649687384938383
2019-10-30,60,MODERATE,53.0,0.016468878562995636
2019-10-31,60,MODERATE,50.0,0.01264259265185703
2019-11-01,60,MODERATE,49.0,0.026414682506217976
2019-11-04,60,MODERATE,49.0,-0.0066175735059408845
2019-11-05,60,MODERATE,54.0,-0.005259266358972647
2019-11-06,60,MODERATE,53.0,-0.01940720146721258
2019-11-07,60,MODERATE,54.0,0.036640142527282246
2019-11-08,60,MODERATE,42.0,0.09988731082749838
2019-11-11,60,MODERATE,40.0,0.11202498559849335
2019-11-12,60,MODERATE,39.0,0.1116125061548
2019-11-13,60,MODERATE,38.0,0.14750465399821883
2019-11-14,60,MODERATE,41.0,0.1704172611197548
2019-11-15,60,MODERATE,38.0,0.18467289604140802
2019-11-18,60,MODERATE,38.0,0.21594583447720123
2019-11-19,60,MODERATE,32.0,0.21180150647354337
2019-11-20,60,MODERATE,32.0,0.18239059399119412
2019-11-21,60,MODERATE,30.0,0.22888809644854996
2019-11-22,60,EXTREME_FEAR,20.0,0.2833216931775512
2019-11-25,60,EXTREME_FEAR,17.0,0.30040454800529104
2019-11-26,60,MODERATE,21.0,0.2578594749567934
2019-11-27,60,EXTREME_FEAR,20.0,0.1579651605960048
2019-11-29,60,MODERATE,31.0,0.12384555197839422
2019-12-02,60,MODERATE,28.0,0.16927000582956886
2019-12-03,60,MODERATE,28.0,0.1920073768705544
2019-12-04,60,MODERATE,24.0,0.19208074459969282
2019-12-05,60,MODERATE,21.0,0.16166623317322198
2019-12-06,60,MODERATE,29.0,0.18478823588035861
2019-12-09,60,MODERATE,32.0,0.2091473853946943
2019-12-10,60,MODERATE,26.0,0.08497873195596792
2019-12-11,60,EXTREME_FEAR,20.0,0.09159503069295319
2019-12-12,60,MODERATE,23.0,0.08825454752281747
2019-12-13,60,MODERATE,22.0,-0.3801345066147114
2019-12-16,60,MODERATE,24.0,-0.21995306282348698
2019-12-17,60,MODERATE,23.0,-0.2808598181005832
2019-12-18,60,EXTREME_FEAR,15.0,-0.331116332020237
2019-12-19,60,MODERATE,21.0,-0.31845252784567646
2019-12-20,60,MODERATE,23.0,-0.15356322929842112
2019-12-23,60,MODERATE,33.0,-0.17111356379960546
2019-12-24,60,MODERATE,25.0,-0.13211224450581818
2019-12-26,60,MODERATE,39.0,-0.07218982378930902
2019-12-27,60,MODERATE,38.0,-0.08723856438289151
2019-12-30,60,MODERATE,40.0,-0.08235599824907999
2019-12-31,60,MODERATE,38.0,-0.10604668012515178
2020-01-02,60,MODERATE,39.0,-0.08288237420534117
2020-01-03,60,MODERATE,38.0,-0.13168601275575728
2020-01-06,60,MODERATE,41.0,-0.16207383058232744
2020-01-07,60,MODERATE,40.0,-0.1837119639427715
2020-01-08,60,MODERATE,51.0,-0.18229657456931414
2020-01-09,60,MODERATE,44.0,-0.08020876491656453
2020-01-10,60,MODERATE,41.0,-0.12924716511464973
2020-01-13,60,MODERATE,49.0,-0.10477080372616204
2020-01-14,60,MODERATE,56.0,-0.18974130808849055
2020-01-15,60,MODERATE,54.0,-0.2520241281119096
2020-01-16,60,MODERATE,55.0,-0.24291073264340965
2020-01-17,60,MODERATE,54.0,-0.29587900843573295
2020-01-21,60,MODERATE,49.0,-0.20612561759692027
2020-01-22,60,MODERATE,52.0,-0.20156518739763607
2020-01-23,60,MODERATE,49.0,-0.20010379825017455
2020-01-24,60,MODERATE,40.0,-0.20496037410651477
2020-01-27,60,MODERATE,50.0,-0.22463851854750758
2020-01-28,60,MODERATE,54.0,-0.2308058280647945
2020-01-29,60,MODERATE,57.0,-0.21013408489555455
2020-01-30,60,MODERATE,57.0,-0.1986783899019287
2020-01-31,60,MODERATE,55.0,-0.18040467859608575
2020-02-03,60,MODERATE,59.0,-0.0544478639891994
2020-02-04,60,MODERATE,56.0,-0.058584388526045354
2020-02-05,60,MODERATE,53.0,-0.08107582607222757
2020-02-06,60,MODERATE,61.0,-0.08772142366191689
2020-02-07,60,MODERATE,56.0,-0.08440269206504364
2020-02-10,60,MODERATE,57.0,-0.06149263962197258
2020-02-11,60,MODERATE,52.0,-0.02546971951358057
2020-02-12,60,MODERATE,61.0,-0.04794367162592386
2020-02-13,60,MODERATE,65.0,-0.17182551304029783
2020-02-14,60,MODERATE,63.0,-0.15805913171847258
2020-02-18,60,MODERATE,53.0,-0.08990282214526388
2020-02-19,60,MODERATE,50.0,0.01036147023455311
2020-02-20,60,MODERATE,44.0,-0.029603805433747313
2020-02-21,60,MODERATE,44.0,0.004134735684164781
2020-02-24,60,MODERATE,46.0,0.008139001005031718
2020-02-25,60,MODERATE,44.0,0.01921918467844265
2020-02-26,60,MODERATE,41.0,0.029187091483877395
2020-02-27,60,MODERATE,39.0,0.044319762547749025
2020-02-28,60,MODERATE,40.0,0.018575154515410287
2020-03-02,60,MODERATE,38.0,0.03450046301692813
2020-03-03,60,MODERATE,38.0,0.08063594263765715
2020-03-04,60,MODERATE,40.0,0.07521010744386791
2020-03-05,60,MODERATE,41.0,0.11323567900135315
2020-03-06,60,MODERATE,39.0,0.043675199830441706
2020-03-09,60,EXTREME_FEAR,17.0,0.19780254741275913
2020-03-10,60,EXTREME_FEAR,16.0,0.21435377187859675
2020-03-11,60,EXTREME_FEAR,17.0,0.20025770811760552
2020-03-12,60,EXTREME_FEAR,14.0,0.6758904900117918
2020-03-13,60,EXTREME_FEAR,10.0,0.5656789154802704
2020-03-16,60,EXTREME_FEAR,9.0,0.6771797276124218
2020-03-17,60,EXTREME_FEAR,8.0,0.5787784828009458
2020-03-18,60,EXTREME_FEAR,11.0,0.5932498622050202
2020-03-19,60,EXTREME_FEAR,12.0,0.42296126265186196
2020-03-20,60,EXTREME_FEAR,9.0,0.4309341520112018
2020-03-23,60,EXTREME_FEAR,10.0,0.39036724604110057
2020-03-24,60,EXTREME_FEAR,12.0,0.33467989349244787
2020-03-25,60,EXTREME_FEAR,13.0,0.3294481372280231
2020-03-26,60,EXTREME_FEAR,14.0,0.36226671707119307
2020-03-27,60,EXTREME_FEAR,12.0,0.39770279272134224
2020-03-30,60,EXTREME_FEAR,10.0,0.3705268749412312
2020-03-31,60,EXTREME_FEAR,12.0,0.3639056860362947
2020-04-01,60,EXTREME_FEAR,12.0,0.3270688388837161
2020-04-02,60,EXTREME_FEAR,14.0,0.3022243121160523
2020-04-03,60,EXTREME_FEAR,14.0,0.30536247831143365
2020-04-06,60,EXTREME_FEAR,12.0,0.23827630446517994
2020-04-07,60,EXTREME_FEAR,20.0,0.24004376268792738
2020-04-08,60,MODERATE,21.0,0.24556267731000406
2020-04-09,60,MODERATE,22.0,0.23670920026547132
2020-04-13,60,EXTREME_FEAR,11.0,0.32019535415764805
2020-04-14,60,EXTREME_FEAR,15.0,0.3044999322978164
2020-04-15,60,EXTREME_FEAR,18.0,0.3343033855049042
2020-04-16,60,EXTREME_FEAR,13.0,0.26147418637899456
2020-04-17,60,EXTREME_FEAR,15.0,0.26433239116057583
2020-04-20,60,EXTREME_FEAR,15.0,0.2895213079281927
2020-04-21,60,EXTREME_FEAR,17.0,0.28314401131296346
2020-04-22,60,EXTREME_FEAR,19.0,0.25139061585823474
2020-04-23,60,EXTREME_FEAR,19.0,0.2098192268433725
2020-04-24,60,EXTREME_FEAR,20.0,0.21636771476595615
2020-04-27,60,MODERATE,28.0,0.20039845028543496
2020-04-28,60,MODERATE,26.0,0.2047612408439105
2020-04-29,60,MODERATE,26.0,0.08029802799868666
2020-04-30,60,MODERATE,44.0,0.23851750472427147
2020-05-01,60,MODERATE,40.0,0.20785393090557971
2020-05-04,60,MODERATE,44.0,0.21951515117857773
2020-05-05,60,MODERATE,40.0,0.21038919166344067
2020-05-06,60,MODERATE,42.0,0.20022748879734265
2020-05-07,60,MODERATE,49.0,0.12231835190824086
2020-05-08,60,MODERATE,55.0,0.12971315207897918
2020-05-11,60,MODERATE,40.0,0.3116287940390723
2020-05-12,60,MODERATE,39.0,0.29112354188793355
2020-05-13,60,MODERATE,41.0,0.22435003310775123
2020-05-14,60,MODERATE,40.0,0.19910100377369366
2020-05-15,60,MODERATE,44.0,0.20149443224753677
2020-05-18,60,MODERATE,50.0,0.17484365987568534
2020-05-19,60,MODERATE,50.0,0.19163933336307443
2020-05-20,60,MODERATE,52.0,0.21175002599993897
2020-05-21,60,MODERATE,49.0,0.2996170517488518
2020-05-22,60,MODERATE,42.0,0.26686793231843037
2020-05-26,60,MODERATE,39.0,0.28583087112773997
2020-05-27,60,MODERATE,39.0,0.25758122764680397
2020-05-28,60,MODERATE,41.0,0.1963586500447054
2020-05-29,60,MODERATE,48.0,0.2210811223975483
2020-06-01,60,MODERATE,50.0,0.11146470442010942
2020-06-02,60,MODERATE,56.0,0.18691051398691147
2020-06-03,60,MODERATE,48.0,0.15921734132205348
2020-06-04,60,MODERATE,54.0,0.16358852053200418
2020-06-05,60,MODERATE,53.0,0.1893819275741633
2020-06-08,60,MODERATE,53.0,0.20297460886479102
2020-06-09,60,MODERATE,52.0,0.15290013283595272
2020-06-10,60,MODERATE,54.0,0.03730930799896548
2020-06-11,60,MODERATE,52.0,0.12014598604582427
2020-06-12,60,MODERATE,38.0,0.06637770545951122
2020-06-15,60,MODERATE,37.0,0.0804418164728153
2020-06-16,60,MODERATE,39.0,0.08296877201831299
2020-06-17,60,MODERATE,38.0,0.0926825845240312
2020-06-18,60,MODERATE,40.0,0.12648272632993857
2020-06-19,60,MODERATE,39.0,0.1505385532769085
2020-06-22,60,MODERATE,38.0,0.12878629449856455
2020-06-23,60,MODERATE,41.0,0.1283995037171444
2020-06-24,60,MODERATE,50.0,0.16136809007713393
2020-06-25,60,MODERATE,43.0,0.12155074659714993
2020-06-26,60,MODERATE,40.0,0.1398667351761265
2020-06-29,60,MODERATE,41.0,0.10869667716736099
2020-06-30,60,MODERATE,44.0,0.16340093123644736
2020-07-01,60,MODERATE,42.0,0.14728525676063958
2020-07-02,60,MODERATE,42.0,0.1603017681949777
2020-07-06,60,MODERATE,40.0,0.14557381076420728
2020-07-07,60,MODERATE,43.0,0.15323938256166306
2020-07-08,60,MODERATE,44.0,0.11896812210581943
2020-07-09,60,MODERATE,44.0,0.13094234944373537
2020-07-10,60,MODERATE,41.0,0.15119621375448067
2020-07-13,60,MODERATE,43.0,0.13733663609170335
2020-07-14,60,MODERATE,43.0,0.14344976485622718
2020-07-15,60,MODERATE,44.0,0.1717762113116585
2020-07-16,60,MODERATE,43.0,0.19192834469812364
2020-07-17,60,MODERATE,41.0,0.23324362050647668
2020-07-20,60,MODERATE,44.0,0.22057463681421174
2020-07-21,60,MODERATE,44.0,0.19816373779566596
2020-07-22,60,MODERATE,50.0,0.18798451174211814
2020-07-23,60,MODERATE,55.0,0.16696909026294457
2020-07-24,60,MODERATE,53.0,0.20800761119675612
2020-07-27,60,MODERATE,58.0,0.0808449392623442
2020-07-28,60,MODERATE,76.0,0.16135565694033502
2020-07-29,60,MODERATE,71.0,0.15533493732988007
2020-07-30,60,MODERATE,76.0,0.15171435939999356
2020-07-31,60,MODERATE,75.0,0.1438437008216334
2020-08-03,60,MODERATE,75.0,0.19400502981872594
2020-08-04,60,MODERATE,72.0,0.1691629274018234
2020-08-05,60,MODERATE,75.0,0.13447799295693436
2020-08-06,60,MODERATE,79.0,0.139745924208857
2020-08-07,60,MODERATE,77.0,0.15529061108203257
2020-08-10,60,MODERATE,78.0,0.1608037472329374
2020-08-11,60,EXTREME_GREED,84.0,0.21402630479144374
2020-08-12,60,MODERATE,75.0,0.2962728148399152
2020-08-13,60,MODERATE,75.0,0.27832703057645036
2020-08-14,60,MODERATE,78.0,0.2645047177948747
2020-08-17,60,EXTREME_GREED,83.0,0.22137278605639976
2020-08-18,60,EXTREME_GREED,82.0,0.26957021640321416
2020-08-19,60,EXTREME_GREED,80.0,0.32515480428584376
2020-08-20,60,MODERATE,75.0,0.3175377897498006
2020-08-21,60,EXTREME_GREED,81.0,0.3660155939041928
2020-08-24,60,MODERATE,78.0,0.4045311762596746
2020-08-25,60,MODERATE,75.0,0.44878518054456856
2020-08-26,60,MODERATE,76.0,0.4388234657974863
2020-08-27,60,MODERATE,75.0,0.497435706169641
2020-08-28,60,MODERATE,74.0,0.4643629450497607
2020-08-31,60,MODERATE,75.0,0.49213088104582714
2020-09-01,60,MODERATE,75.0,0.44779626082614815
2020-09-02,60,EXTREME_GREED,83.0,0.40472604130914885
2020-09-03,60,MODERATE,79.0,0.6500280994816627
2020-09-04,60,MODERATE,40.0,0.5815166099736591
2020-09-08,60,MODERATE,41.0,0.639316120907137
2020-09-09,60,MODERATE,38.0,0.6410796012435591
2020-09-10,60,MODERATE,38.0,0.5902558388058021
2020-09-11,60,MODERATE,41.0,0.6125805044618375
2020-09-14,60,MODERATE,39.0,0.5396045470746971
2020-09-15,60,MODERATE,47.0,0.5414170773614513
2020-09-16,60,MODERATE,43.0,0.5093749047144025
2020-09-17,60,MODERATE,48.0,0.5003916400148332
2020-09-18,60,MODERATE,49.0,0.5644918364173461
2020-09-21,60,MODERATE,48.0,0.6183784198698552
2020-09-22,60,MODERATE,39.0,0.7041730728545593
2020-09-23,60,MODERATE,43.0,0.8000813287757761
2020-09-24,60,MODERATE,39.0,0.7656328730659805
2020-09-25,60,MODERATE,46.0,0.7573328671186067
2020-09-28,60,MODERATE,43.0,0.7978268485480584
2020-09-29,60,MODERATE,45.0,0.7622618285775329
2020-09-30,60,MODERATE,49.0,0.788881640458965
2020-10-01,60,MODERATE,45.0,0.9362855745050644
2020-10-02,60,MODERATE,41.0,0.9505862963696154
2020-10-05,60,MODERATE,42.0,0.9828670978178169
2020-10-06,60,MODERATE,47.0,1.0060855641091215
2020-10-07,60,MODERATE,43.0,1.0975184207031101
2020-10-08,60,MODERATE,46.0,1.1359370477690007
2020-10-09,60,MODERATE,48.0,1.202421682076691
2020-10-12,60,MODERATE,52.0,1.2258809135198612
2020-10-13,60,MODERATE,56.0,1.2727408289301758
2020-10-14,60,MODERATE,53.0,1.1352102463486065
2020-10-15,60,MODERATE,56.0,1.0821495271121409
2020-10-16,60,MODERATE,52.0,1.1926732161391929
2020-10-19,60,MODERATE,55.0,1.2051781143851688
2020-10-20,60,MODERATE,56.0,1.1282767888076115
2020-10-21,60,MODERATE,61.0,1.0341618811378201
2020-10-22,60,MODERATE,73.0,1.0085546765956854
2020-10-23,60,MODERATE,74.0,0.8686795162327037
2020-10-26,60,MODERATE,75.0,0.9259611629126393
2020-10-27,60,MODERATE,61.0,0.8630720785442498
2020-10-28,60,MODERATE,70.0,0.8977843114233892
2020-10-29,60,MODERATE,67.0,0.8174348627403334
2020-10-30,60,MODERATE,74.0,0.9044030467041947
2020-11-02,60,MODERATE,71.0,0.9292003327280247
2020-11-03,60,MODERATE,71.0,0.8771534789401725
2020-11-04,60,MODERATE,74.0,0.9212599731238742
2020-11-05,60,MODERATE,72.0,0.877618060121169
2020-11-06,60,EXTREME_GREED,90.0,0.8638363137253939
2020-11-09,60,EXTREME_GREED,90.0,0.9114138410435795
2020-11-10,60,EXTREME_GREED,90.0,1.105645243139044
2020-11-11,60,EXTREME_GREED,86.0,1.08529984693268
2020-11-12,60,EXTREME_GREED,87.0,1.015129942611789
2020-11-13,60,EXTREME_GREED,89.0,1.077053245464467
2020-11-16,60,EXTREME_GREED,90.0,1.0444588394452752
2020-11-17,60,EXTREME_GREED,86.0,1.0254155230674913
2020-11-18,60,EXTREME_GREED,91.0,1.0746816753606514
2020-11-19,60,EXTREME_GREED,94.0,1.064908828754464
2020-11-20,60,EXTREME_GREED,86.0,1.0990452014932026
2020-11-23,60,EXTREME_GREED,90.0,1.0824171399931375
2020-11-24,60,EXTREME_GREED,88.0,0.9381516277265669
2020-11-25,60,EXTREME_GREED,94.0,0.9758724558393254
2020-11-27,60,EXTREME_GREED,86.0,1.0125727444670878
2020-11-30,60,EXTREME_GREED,88.0,0.8591535186673687
2020-12-01,60,EXTREME_GREED,95.0,0.9706041905501862
2020-12-02,60,EXTREME_GREED,92.0,0.9240984512043865
2020-12-03,60,EXTREME_GREED,92.0,0.9551198628521074
2020-12-04,60,EXTREME_GREED,92.0,0.9543132081772122
2020-12-07,60,EXTREME_GREED,94.0,0.9358613274492913
2020-12-08,60,EXTREME_GREED,95.0,1.047917519842142
2020-12-09,60,EXTREME_GREED,86.0,1.0834493190657988
2020-12-10,60,EXTREME_GREED,94.0,1.1205181390846324
2020-12-11,60,EXTREME_GREED,89.0,1.1634384960050812
2020-12-14,60,EXTREME_GREED,95.0,1.091523763663243
2020-12-15,60,EXTREME_GREED,91.0,1.057540265371642
2020-12-16,60,EXTREME_GREED,92.0,0.9804181393424728
2020-12-17,60,EXTREME_GREED,92.0,0.9483598993120816
2020-12-18,60,EXTREME_GREED,95.0,0.9165330666701443
2020-12-21,60,EXTREME_GREED,92.0,0.9395062814518281
2020-12-22,60,EXTREME_GREED,88.0,0.829763049196395
2020-12-23,60,EXTREME_GREED,93.0,0.8566426012923486
2020-12-24,60,EXTREME_GREED,86.0,0.7990329348642975
2020-12-28,60,EXTREME_GREED,92.0,0.6465652433038633
2020-12-29,60,EXTREME_GREED,91.0,0.700655486137481
2020-12-30,60,EXTREME_GREED,91.0,0.6943304384835667
2020-12-31,60,EXTREME_GREED,95.0,0.708786246174498
2021-01-04,60,EXTREME_GREED,94.0,0.6113029365774818
2021-01-05,60,EXTREME_GREED,93.0,0.553022157742965
2021-01-06,60,EXTREME_GREED,95.0,0.4723582896467957
2021-01-07,60,EXTREME_GREED,91.0,0.39072346783864664
2021-01-08,60,EXTREME_GREED,93.0,0.31760170710603375
2021-01-11,60,EXTREME_GREED,90.0,0.49460429199136646
2021-01-12,60,EXTREME_GREED,84.0,0.5405662200140804
2021-01-13,60,MODERATE,78.0,0.4731353827637488
2021-01-14,60,EXTREME_GREED,83.0,0.4827409134351639
2021-01-15,60,EXTREME_GREED,88.0,0.5386874742583008
2021-01-19,60,EXTREME_GREED,80.0,0.5626505787391995
2021-01-20,60,MODERATE,78.0,0.549343173839969
2021-01-21,60,MODERATE,75.0,0.5920669683410078
2021-01-22,60,MODERATE,40.0,0.5370810574246716
2021-01-25,60,MODERATE,74.0,0.5101228372885802
2021-01-26,60,MODERATE,71.0,0.4632745700810892
2021-01-27,60,MODERATE,78.0,0.5181476126202942
2021-01-28,60,MODERATE,55.0,0.47885389941600165
2021-01-29,60,MODERATE,77.0,0.4723121477168375
2021-02-01,60,MODERATE,77.0,0.49148633097757854
2021-02-02,60,MODERATE,76.0,0.410888718273025
2021-02-03,60,MODERATE,78.0,0.4325300081924479
2021-02-04,60,EXTREME_GREED,80.0,0.43764131187176103
2021-02-05,60,EXTREME_GREED,81.0,0.33518882233955116
2021-02-08,60,EXTREME_GREED,83.0,0.21755919382817823
2021-02-09,60,EXTREME_GREED,95.0,0.19336148088508498
2021-02-10,60,EXTREME_GREED,92.0,0.2444417810961479
2021-02-11,60,EXTREME_GREED,93.0,0.1535346155468007
2021-02-12,60,EXTREME_GREED,92.0,0.1770230375490145
2021-02-16,60,EXTREME_GREED,95.0,-0.001003268690377146
2021-02-17,60,EXTREME_GREED,95.0,-0.04777449274980605
2021-02-18,60,EXTREME_GREED,91.0,-0.035436079400735565
2021-02-19,60,EXTREME_GREED,93.0,-0.24972915960965048
2021-02-22,60,EXTREME_GREED,94.0,-0.2337249896699365
2021-02-23,60,EXTREME_GREED,94.0,-0.27724682152081415
2021-02-24,60,MODERATE,76.0,-0.19785330113497457
2021-02-25,60,MODERATE,79.0,-0.2330233587197148
2021-02-26,60,MODERATE,55.0,-0.18000625479727428
2021-03-01,60,MODERATE,38.0,-0.25650517865868694
2021-03-02,60,MODERATE,78.0,-0.2079886876374275
2021-03-03,60,MODERATE,78.0,-0.2737105964028639
2021-03-04,60,EXTREME_GREED,84.0,-0.3077405857051785
2021-03-05,60,MODERATE,77.0,-0.2879696896855326
2021-03-08,60,EXTREME_GREED,81.0,-0.3296296338198246
2021-03-09,60,EXTREME_GREED,81.0,-0.33522985712168984
2021-03-10,60,MODERATE,68.0,-0.41744442418684335
2021-03-11,60,MODERATE,73.0,-0.5437214229370717
2021-03-12,60,MODERATE,70.0,-0.5381323251474139
2021-03-15,60,MODERATE,76.0,-0.40349088295087876
2021-03-16,60,MODERATE,71.0,-0.436775097491616
2021-03-17,60,MODERATE,71.0,-0.4554317061559876
2021-03-18,60,MODERATE,72.0,-0.3636811600188017
2021-03-19,60,MODERATE,71.0,-0.3674170257418543
2021-03-22,60,MODERATE,70.0,-0.3520573930283437
2021-03-23,60,MODERATE,66.0,-0.36358226924895654
2021-03-24,60,MODERATE,65.0,-0.3884321028630353
2021-03-25,60,MODERATE,60.0,-0.4899570602996597
2021-03-26,60,MODERATE,54.0,-0.5284124320101602
2021-03-29,60,MODERATE,72.0,-0.5379458910899841
2021-03-30,60,MODERATE,72.0,-0.5304848011523251
2021-03-31,60,MODERATE,76.0,-0.6218088145741811
2021-04-01,60,MODERATE,74.0,-0.5401057970283927
2021-04-05,60,MODERATE,71.0,-0.4986786360389641
2021-04-06,60,MODERATE,75.0,-0.5072399414551949
2021-04-07,60,MODERATE,72.0,-0.5125293162029052
2021-04-08,60,MODERATE,73.0,-0.5426849709936923
2021-04-09,60,MODERATE,70.0,-0.5314041013075201
2021-04-12,60,MODERATE,74.0,-0.5704708114437456
2021-04-13,60,MODERATE,74.0,-0.6583097334319774
2021-04-14,60,MODERATE,75.0,-0.6244724318349333
2021-04-15,60,MODERATE,79.0,-0.6468875578594595
2021-04-16,60,MODERATE,78.0,-0.6327830224106916
2021-04-19,60,MODERATE,74.0,-0.5293060862569396
2021-04-20,60,MODERATE,73.0,-0.5749030551727481
2021-04-21,60,MODERATE,73.0,-0.539749840489407
2021-04-22,60,MODERATE,65.0,-0.518568087400789
2021-04-23,60,MODERATE,55.0,-0.538905340449797
2021-04-26,60,MODERATE,27.0,-0.5201977144357421
2021-04-27,60,MODERATE,50.0,-0.5324622447022263
2021-04-28,60,MODERATE,59.0,-0.4901640470565851
2021-04-29,60,MODERATE,52.0,-0.3607120803855115
2021-04-30,60,MODERATE,51.0,-0.3821844146184372
2021-05-03,60,MODERATE,61.0,-0.3577819150774717
2021-05-04,60,MODERATE,68.0,-0.28747540515309833
2021-05-05,60,MODERATE,48.0,-0.3072002609749567
2021-05-06,60,MODERATE,65.0,-0.36368100601298803
2021-05-07,60,MODERATE,64.0,-0.4076805939995549
2021-05-10,60,MODERATE,72.0,-0.34029787987012505
2021-05-11,60,MODERATE,61.0,-0.32746947984316765
2021-05-12,60,MODERATE,68.0,-0.13796419244371427
2021-05-13,60,MODERATE,31.0,-0.06977712090705235
2021-05-14,60,MODERATE,26.0,-0.09005144905942664
2021-05-17,60,MODERATE,27.0,0.04614525628489785
2021-05-18,60,MODERATE,21.0,0.03478543682532553
2021-05-19,60,MODERATE,23.0,0.25590199289612947
2021-05-20,60,EXTREME_FEAR,11.0,0.12047996760660529
2021-05-21,60,EXTREME_FEAR,19.0,0.18075058540880984
2021-05-24,60,EXTREME_FEAR,10.0,0.14624052359326867
2021-05-25,60,MODERATE,22.0,0.19600515950664232
2021-05-26,60,MODERATE,22.0,0.22764150067772704
2021-05-27,60,MODERATE,27.0,0.2538848025943401
2021-05-28,60,MODERATE,21.0,0.28997601976483267
2021-06-01,60,EXTREME_FEAR,20.0,0.2886538255190805
2021-06-02,60,MODERATE,23.0,0.2225737393643914
2021-06-03,60,MODERATE,24.0,0.2241165527152882
2021-06-04,60,MODERATE,27.0,0.2432568508381563
2021-06-07,60,EXTREME_FEAR,15.0,0.340331921056819
2021-06-08,60,EXTREME_FEAR,13.0,0.377965349908294
2021-06-09,60,EXTREME_FEAR,14.0,0.278283972314328
2021-06-10,60,MODERATE,21.0,0.3096828433136438
2021-06-11,60,MODERATE,21.0,0.22620586000051923
2021-06-14,60,MODERATE,28.0,0.1362996722069556
2021-06-15,60,MODERATE,38.0,0.13812960941338126
2021-06-16,60,MODERATE,33.0,0.15740145436505948
2021-06-17,60,MODERATE,26.0,0.16684841303920472
2021-06-18,60,MODERATE,25.0,0.27452201120885045
2021-06-21,60,MODERATE,23.0,0.4192870028755402
2021-06-22,60,EXTREME_FEAR,10.0,0.3852632158302085
2021-06-23,60,EXTREME_FEAR,14.0,0.337642460965317
2021-06-24,60,MODERATE,22.0,0.21190435418917786
2021-06-25,60,MODERATE,27.0,0.2517207403001136
2021-06-28,60,MODERATE,25.0,0.23541809187242002
2021-06-29,60,MODERATE,25.0,0.2244892797715048
2021-06-30,60,MODERATE,28.0,0.20095228744748184
2021-07-01,60,MODERATE,28.0,0.2295706795248751
2021-07-02,60,MODERATE,21.0,0.19108632566369343
2021-07-06,60,EXTREME_FEAR,20.0,0.19398893062820832
2021-07-07,60,MODERATE,28.0,0.25732951739667365
2021-07-08,60,EXTREME_FEAR,20.0,0.38084971486591757
2021-07-09,60,EXTREME_FEAR,20.0,0.3737198012694669
2021-07-12,60,MODERATE,25.0,0.44065028671170103
2021-07-13,60,EXTREME_FEAR,20.0,0.5264464745148125
2021-07-14,60,MODERATE,21.0,0.49427508034503553
2021-07-15,60,EXTREME_FEAR,20.0,0.5295283094460457
2021-07-16,60,MODERATE,22.0,0.6040267596060453
2021-07-19,60,MODERATE,24.0,0.597991126758149
2021-07-20,60,EXTREME_FEAR,19.0,0.6553084973088448
2021-07-21,60,EXTREME_FEAR,10.0,0.5794870792500146
2021-07-22,60,MODERATE,21.0,0.6450907487424238
2021-07-23,60,MODERATE,23.0,0.6135780792547618
2021-07-26,60,MODERATE,26.0,0.5429692300693212
2021-07-27,60,MODERATE,32.0,0.5156042111233206
2021-07-28,60,MODERATE,50.0,0.44174141621613594
2021-07-29,60,MODERATE,50.0,0.4167262914328347
2021-07-30,60,MODERATE,53.0,0.4005044476579094
2021-08-02,60,MODERATE,48.0,0.4316631001525202
2021-08-03,60,MODERATE,48.0,0.4271217474939695
2021-08-04,60,MODERATE,42.0,0.4221130744435173
2021-08-05,60,MODERATE,50.0,0.42041909257742427
2021-08-06,60,MODERATE,52.0,0.35402255285614004
2021-08-09,60,MODERATE,65.0,0.3101684305578587
2021-08-10,60,MODERATE,71.0,0.3230797663333167
2021-08-11,60,MODERATE,70.0,0.2984919715063665
2021-08-12,60,MODERATE,70.0,0.31905559586259913
2021-08-13,60,MODERATE,70.0,0.34623126708597285
2021-08-16,60,MODERATE,72.0,0.37553317706933576
2021-08-17,60,MODERATE,72.0,0.3744442106834778
2021-08-18,60,MODERATE,73.0,0.37138249592618333
2021-08-19,60,MODERATE,70.0,0.3171962050751209
2021-08-20,60,MODERATE,70.0,0.25323244059089656
2021-08-23,60,MODERATE,79.0,0.19412386549423477
2021-08-24,60,MODERATE,79.0,0.23539972474741822
2021-08-25,60,MODERATE,73.0,0.15101585239367976
2021-08-26,60,MODERATE,75.0,0.21358512289236065
2021-08-27,60,MODERATE,71.0,0.13748738209183164
2021-08-30,60,MODERATE,73.0,0.20166871933930208
2021-08-31,60,MODERATE,73.0,0.17665892751593137
2021-09-01,60,MODERATE,71.0,0.09229131086741238
2021-09-02,60,MODERATE,74.0,0.15861612618277543
2021-09-03,60,MODERATE,74.0,0.13061607575551282
2021-09-07,60,MODERATE,79.0,0.2009542613874944
2021-09-08,60,MODERATE,47.0,0.20322175285174238
2021-09-09,60,MODERATE,45.0,0.14440177665244724
2021-09-10,60,MODERATE,46.0,0.11952875576562527
2021-09-13,60,MODERATE,44.0,0.12008602561601567
2021-09-14,60,MODERATE,30.0,0.06995473261671958
2021-09-15,60,MODERATE,49.0,-0.01052142450626592
2021-09-16,60,MODERATE,53.0,-0.011366504491942653
2021-09-17,60,MODERATE,48.0,-0.011276946535950128
2021-09-20,60,MODERATE,50.0,0.08431063276211925
2021-09-21,60,MODERATE,27.0,0.18363767872542724
2021-09-22,60,MODERATE,21.0,0.08973401253018531
2021-09-23,60,MODERATE,27.0,0.02869761025092088
2021-09-24,60,MODERATE,33.0,0.09013065139196041
2021-09-27,60,MODERATE,26.0,0.1472592978029088
2021-09-28,60,MODERATE,25.0,0.16979579634416164
2021-09-29,60,MODERATE,24.0,0.20034881085917555
2021-09-30,60,EXTREME_FEAR,20.0,0.14532412317271648
2021-10-01,60,MODERATE,27.0,-0.011035722270539727
2021-10-04,60,MODERATE,54.0,-0.055859184078304036
2021-10-05,60,MODERATE,59.0,-0.08793905589985607
2021-10-06,60,MODERATE,68.0,-0.17860233003403203
2021-10-07,60,MODERATE,76.0,-0.14683349364870146
2021-10-08,60,MODERATE,74.0,-0.1619761890567304
2021-10-11,60,MODERATE,71.0,-0.27717439681305645
2021-10-12,60,MODERATE,78.0,-0.261148930610561
2021-10-13,60,MODERATE,70.0,-0.32297573407741953
2021-10-14,60,MODERATE,70.0,-0.3152713166030132
2021-10-15,60,MODERATE,71.0,-0.3655253643401526
2021-10-18,60,MODERATE,78.0,-0.34452272987248356
2021-10-19,60,MODERATE,75.0,-0.4113120014850533
2021-10-20,60,EXTREME_GREED,82.0,-0.4260301713312662
2021-10-21,60,EXTREME_GREED,84.0,-0.3839450221251659
2021-10-22,60,MODERATE,75.0,-0.37425268148533175
2021-10-25,60,MODERATE,72.0,-0.43801981145862867
2021-10-26,60,MODERATE,76.0,-0.5042473082730063
2021-10-27,60,MODERATE,73.0,-0.4671941123610899
2021-10-28,60,MODERATE,66.0,-0.494986117122163
2021-10-29,60,MODERATE,70.0,-0.5238913170768822
2021-11-01,60,MODERATE,74.0,-0.49629908009122836
2021-11-02,60,MODERATE,73.0,-0.5148274523492866
2021-11-03,60,MODERATE,76.0,-0.49243933338368917
2021-11-04,60,MODERATE,73.0,-0.46130298062644615
2021-11-05,60,MODERATE,73.0,-0.5032855913976011
2021-11-08,60,MODERATE,75.0,-0.5980295265079005
2021-11-09,60,EXTREME_GREED,84.0,-0.4785575438682521
2021-11-10,60,MODERATE,75.0,-0.39376074270442585
2021-11-11,60,MODERATE,77.0,-0.386739185631805
2021-11-12,60,MODERATE,74.0,-0.36945663443109455
2021-11-15,60,MODERATE,72.0,-0.3776941707121124
2021-11-16,60,MODERATE,71.0,-0.34969284251570065
2021-11-17,60,MODERATE,52.0,-0.34891224116571196
2021-11-18,60,MODERATE,54.0,-0.24485788627516225
2021-11-19,60,MODERATE,34.0,-0.27918015437136656
2021-11-22,60,MODERATE,50.0,-0.3282641745922088
2021-11-23,60,MODERATE,33.0,-0.3633319491191822
2021-11-24,60,MODERATE,42.0,-0.3852617893160242
2021-11-26,60,MODERATE,47.0,-0.3620834610709427
2021-11-29,60,MODERATE,33.0,-0.4108014212229274
2021-11-30,60,MODERATE,40.0,-0.3741070482065465
2021-12-01,60,MODERATE,34.0,-0.28139136188857194
2021-12-02,60,MODERATE,32.0,-0.2416306794473042
2021-12-03,60,MODERATE,31.0,-0.1990528097173696
2021-12-06,60,EXTREME_FEAR,16.0,-0.17523908083849515
2021-12-07,60,MODERATE,25.0,-0.2588438241405975
2021-12-08,60,MODERATE,28.0,-0.2828508840136692
2021-12-09,60,MODERATE,29.0,-0.20754458998923164
2021-12-10,60,MODERATE,24.0,-0.11804793755375775
2021-12-13,60,MODERATE,28.0,-0.16983027260100214
2021-12-14,60,MODERATE,21.0,-0.1835809272712221
2021-12-15,60,MODERATE,28.0,-0.20919696913198638
2021-12-16,60,MODERATE,29.0,-0.19199537683170553
2021-12-17,60,MODERATE,23.0,-0.11594981590146536
2021-12-20,60,MODERATE,25.0,-0.13521157863042377
2021-12-21,60,MODERATE,27.0,-0.15760185354295464
2021-12-22,60,MODERATE,45.0,-0.16873741647788632
2021-12-23,60,MODERATE,34.0,-0.18141556449749885
2021-12-27,60,MODERATE,40.0,-0.16604239083857175
2021-12-28,60,MODERATE,41.0,-0.07929723836081015
2021-12-29,60,MODERATE,27.0,-0.04617850999680262
2021-12-30,60,MODERATE,22.0,-0.001062944668610566
2021-12-31,60,MODERATE,28.0,0.02472682782744484
2022-01-03,60,MODERATE,29.0,0.012928790540730262
2022-01-04,60,MODERATE,23.0,-0.00785028433799173
2022-01-05,60,MODERATE,24.0,0.06039945812683878
2022-01-06,60,EXTREME_FEAR,15.0,0.07715134687893799
2022-01-07,60,EXTREME_FEAR,18.0,0.09185447492341692
2022-01-10,60,MODERATE,23.0,0.03259159805033374
2022-01-11,60,MODERATE,21.0,0.017811111644427058
2022-01-12,60,MODERATE,22.0,-0.038536767866421906
2022-01-13,60,MODERATE,21.0,-0.07480134575658548
2022-01-14,60,MODERATE,21.0,-0.07146201865064716
2022-01-18,60,MODERATE,24.0,-0.028943081970527862
2022-01-19,60,MODERATE,24.0,-0.04429754488219806
2022-01-20,60,MODERATE,24.0,0.0035775500832733176
2022-01-21,60,EXTREME_FEAR,19.0,0.12961752733794873
2022-01-24,60,EXTREME_FEAR,13.0,0.12113030744350417
2022-01-25,60,EXTREME_FEAR,12.0,0.09230338090823365
2022-01-26,60,MODERATE,23.0,0.07545312010588034
2022-01-27,60,EXTREME_FEAR,20.0,0.08562501138026724
2022-01-28,60,MODERATE,24.0,0.00877794930130471
2022-01-31,60,EXTREME_FEAR,20.0,0.019505370947377587
2022-02-01,60,MODERATE,26.0,0.026251959166268435
2022-02-02,60,MODERATE,28.0,0.0438603454645623
2022-02-03,60,EXTREME_FEAR,20.0,0.03633209288087014
2022-02-04,60,EXTREME_FEAR,20.0,-0.09471703241747709
2022-02-07,60,MODERATE,45.0,-0.09924299062786646
2022-02-08,60,MODERATE,48.0,-0.1875091643222817
2022-02-09,60,MODERATE,54.0,-0.20720505811191625
2022-02-10,60,MODERATE,50.0,-0.36320952543261487
2022-02-11,60,MODERATE,50.0,-0.31260970699096013
2022-02-14,60,MODERATE,46.0,-0.3864483369497036
2022-02-15,60,MODERATE,46.0,-0.42823662579643207
2022-02-16,60,MODERATE,51.0,-0.4063117477532483
2022-02-17,60,MODERATE,52.0,-0.30562258590034186
2022-02-18,60,MODERATE,30.0,-0.2743607485047135
2022-02-22,60,EXTREME_FEAR,20.0,-0.28748181137718665
2022-02-23,60,MODERATE,25.0,-0.2072807042508702
2022-02-24,60,MODERATE,23.0,-0.27210689420202216
2022-02-25,60,MODERATE,27.0,-0.2983386824416827
2022-02-28,60,EXTREME_FEAR,20.0,-0.37603336772743123
2022-03-01,60,MODERATE,51.0,-0.4057152761901155
2022-03-02,60,MODERATE,52.0,-0.4059952597995804
2022-03-03,60,MODERATE,39.0,-0.3939986701697309
2022-03-04,60,MODERATE,33.0,-0.20785932763069392
2022-03-07,60,MODERATE,23.0,-0.2447399122070706
2022-03-08,60,MODERATE,21.0,-0.24014201651204714
2022-03-09,60,MODERATE,22.0,-0.34596813923609715
2022-03-10,60,MODERATE,28.0,-0.22884271008060963
2022-03-11,60,MODERATE,22.0,-0.21930056244883311
2022-03-14,60,MODERATE,23.0,-0.2721962456714808
2022-03-15,60,MODERATE,21.0,-0.26728723331909765
2022-03-16,60,MODERATE,24.0,-0.346894920231098
2022-03-17,60,MODERATE,27.0,-0.5994308340590959
2022-03-18,60,MODERATE,25.0,-0.6325257689750895
2022-03-21,60,MODERATE,30.0,-0.5987251965498053
2022-03-22,60,MODERATE,26.0,-0.7315413891898825
2022-03-23,60,MODERATE,31.0,-0.7396748243979523
2022-03-24,60,MODERATE,40.0,-0.7526558333238821
2022-03-25,60,MODERATE,47.0,-0.7970005550561795
2022-03-28,60,MODERATE,60.0,-0.8042639094449517
2022-03-29,60,MODERATE,56.0,-0.8045146995703802
2022-03-30,60,MODERATE,55.0,-0.8196338205011195
2022-03-31,60,MODERATE,52.0,-0.8088955037539559
2022-04-01,60,MODERATE,50.0,-0.833825470023862
2022-04-04,60,MODERATE,52.0,-0.8571767732286534
2022-04-05,60,MODERATE,53.0,-0.8604255242907193
2022-04-06,60,MODERATE,48.0,-0.7608033220133035
2022-04-07,60,MODERATE,34.0,-0.7500737969869522
2022-04-08,60,MODERATE,37.0,-0.6700634313393976
2022-04-11,60,MODERATE,32.0,-0.5981098027847406
2022-04-12,60,EXTREME_FEAR,20.0,-0.6977949788701401
2022-04-13,60,MODERATE,25.0,-0.7562870177546503
2022-04-14,60,MODERATE,28.0,-0.6809858844552877
2022-04-18,60,MODERATE,24.0,-0.6854945850619136
2022-04-19,60,MODERATE,27.0,-0.6890616823582563
2022-04-20,60,MODERATE,27.0,-0.609782739699694
2022-04-21,60,MODERATE,27.0,-0.5496930179879567
2022-04-22,60,MODERATE,26.0,-0.5368471763724071
2022-04-25,60,MODERATE,23.0,-0.557645527307628
2022-04-26,60,MODERATE,27.0,-0.5176479160839623
2022-04-27,60,MODERATE,21.0,-0.6081255506674458
2022-04-28,60,MODERATE,24.0,-0.627334501215812
2022-04-29,60,MODERATE,23.0,-0.5210367260056219
2022-05-02,60,MODERATE,28.0,-0.4798918583619072
2022-05-03,60,MODERATE,27.0,-0.4611172612124472
2022-05-04,60,MODERATE,21.0,-0.5322475729795187
2022-05-05,60,MODERATE,27.0,-0.46482645533305533
2022-05-06,60,MODERATE,22.0,-0.45585673693295925
2022-05-09,60,EXTREME_FEAR,11.0,-0.2917284013993927
2022-05-10,60,EXTREME_FEAR,10.0,-0.28673119469771513
2022-05-11,60,EXTREME_FEAR,12.0,-0.19501469274962502
2022-05-12,60,EXTREME_FEAR,12.0,-0.22632800188651248
2022-05-13,60,EXTREME_FEAR,10.0,-0.20114078982591588
2022-05-16,60,EXTREME_FEAR,14.0,-0.22033485889235005
2022-05-17,60,EXTREME_FEAR,8.0,-0.2205941878073192
2022-05-18,60,EXTREME_FEAR,12.0,-0.173858396906293
2022-05-19,60,EXTREME_FEAR,13.0,-0.23844157569132463
2022-05-20,60,EXTREME_FEAR,13.0,-0.22419691057558722
2022-05-23,60,EXTREME_FEAR,10.0,-0.22599952996201145
2022-05-24,60,EXTREME_FEAR,12.0,-0.35097595363076683
2022-05-25,60,EXTREME_FEAR,11.0,-0.3231620732570123
2022-05-26,60,EXTREME_FEAR,12.0,-0.3071097798574769
2022-05-27,60,EXTREME_FEAR,12.0,-0.2912122241134423
2022-05-31,60,EXTREME_FEAR,16.0,-0.38648927443428804
2022-06-01,60,EXTREME_FEAR,17.0,-0.3858280603231161
2022-06-02,60,EXTREME_FEAR,13.0,-0.40613808672529994
2022-06-03,60,EXTREME_FEAR,10.0,-0.4057741247986755
2022-06-06,60,EXTREME_FEAR,13.0,-0.4476560729848388
2022-06-07,60,EXTREME_FEAR,15.0,-0.4369209209624342
2022-06-08,60,EXTREME_FEAR,17.0,-0.4140974536701626
2022-06-09,60,EXTREME_FEAR,11.0,-0.46906521790612776
2022-06-10,60,EXTREME_FEAR,13.0,-0.4105778449191919
2022-06-13,60,EXTREME_FEAR,11.0,-0.15130494390986315
2022-06-14,60,EXTREME_FEAR,8.0,-0.03788842930091507
2022-06-15,60,EXTREME_FEAR,7.0,-0.009006550136670177
2022-06-16,60,EXTREME_FEAR,7.0,-0.004176347729990648
2022-06-17,60,EXTREME_FEAR,9.0,-0.011318127287926805
2022-06-21,60,EXTREME_FEAR,9.0,-0.0499654305690439
2022-06-22,60,EXTREME_FEAR,11.0,-0.010787197070979526
2022-06-23,60,EXTREME_FEAR,11.0,-0.07592854803238214
2022-06-24,60,EXTREME_FEAR,11.0,-0.11681883519323133
2022-06-27,60,EXTREME_FEAR,12.0,-0.11151653254298566
2022-06-28,60,EXTREME_FEAR,10.0,-0.043695162198437165
2022-06-29,60,EXTREME_FEAR,13.0,-0.04093722623525997
2022-06-30,60,EXTREME_FEAR,11.0,-0.02881984506809987
2022-07-01,60,EXTREME_FEAR,11.0,-0.008276267570307194
2022-07-05,60,EXTREME_FEAR,19.0,-0.03854366558995792
2022-07-06,60,EXTREME_FEAR,18.0,-0.04862192909275043
2022-07-07,60,EXTREME_FEAR,18.0,-0.1075216459731193
2022-07-08,60,EXTREME_FEAR,20.0,-0.10201329682102511
2022-07-11,60,MODERATE,22.0,0.01817518316539135
2022-07-12,60,EXTREME_FEAR,16.0,0.042392598479386034
2022-07-13,60,EXTREME_FEAR,15.0,-0.012778203224030782
2022-07-14,60,EXTREME_FEAR,18.0,-0.05101568255474831
2022-07-15,60,EXTREME_FEAR,15.0,-0.08484007117274939
2022-07-18,60,EXTREME_FEAR,20.0,-0.16573754969780563
2022-07-19,60,MODERATE,30.0,-0.19959293532675249
2022-07-20,60,MODERATE,31.0,-0.18112766516808543
2022-07-21,60,MODERATE,34.0,-0.18846356962740884
2022-07-22,60,MODERATE,33.0,-0.15001050491983436
2022-07-25,60,MODERATE,30.0,-0.09971293268019965
2022-07-26,60,MODERATE,26.0,-0.10411851074929912
2022-07-27,60,MODERATE,28.0,-0.18520661145779083
2022-07-28,60,MODERATE,32.0,-0.21805253169641148
2022-07-29,60,MODERATE,39.0,-0.20741664791201464
2022-08-01,60,MODERATE,33.0,-0.14854888807807176
2022-08-02,60,MODERATE,31.0,-0.10101144663651096
2022-08-03,60,MODERATE,34.0,-0.11887536925059139
2022-08-04,60,MODERATE,30.0,-0.09425335110265254
2022-08-05,60,MODERATE,31.0,-0.12777595711007195
2022-08-08,60,MODERATE,30.0,-0.15037782738743555
2022-08-09,60,MODERATE,42.0,-0.13893725790691536
2022-08-10,60,MODERATE,31.0,-0.16969293647000983
2022-08-11,60,MODERATE,41.0,-0.12477370028970702
2022-08-12,60,MODERATE,42.0,-0.16927084696017436
2022-08-15,60,MODERATE,45.0,-0.2637456616387077
2022-08-16,60,MODERATE,44.0,-0.4080695035347194
2022-08-17,60,MODERATE,41.0,-0.28285014963957045
2022-08-18,60,MODERATE,30.0,-0.30947264621009274
2022-08-19,60,MODERATE,33.0,-0.22817611663588722
2022-08-22,60,MODERATE,29.0,-0.23693715169996676
2022-08-23,60,MODERATE,28.0,-0.255781425925368
2022-08-24,60,MODERATE,25.0,-0.24849717322618936
2022-08-25,60,MODERATE,25.0,-0.25745956203344267
2022-08-26,60,MODERATE,27.0,-0.24944464559559465
2022-08-29,60,MODERATE,24.0,-0.22614253802400353
2022-08-30,60,MODERATE,27.0,-0.17547325325469898
2022-08-31,60,MODERATE,23.0,-0.1935341159508529
2022-09-01,60,EXTREME_FEAR,20.0,-0.21598923748156307
2022-09-02,60,MODERATE,25.0,-0.19419929368005773
2022-09-06,60,MODERATE,22.0,-0.09277830331435377
2022-09-07,60,MODERATE,24.0,-0.12832552565885702
2022-09-08,60,EXTREME_FEAR,20.0,-0.12323460991658852
2022-09-09,60,MODERATE,22.0,-0.23077836920606398
2022-09-12,60,MODERATE,25.0,-0.26927638820335287
2022-09-13,60,MODERATE,34.0,-0.18621916711236652
2022-09-14,60,MODERATE,27.0,-0.16086099835595313
2022-09-15,60,MODERATE,28.0,-0.1396647826205799
2022-09-16,60,EXTREME_FEAR,20.0,-0.13901274388441154
2022-09-19,60,MODERATE,21.0,-0.09452655384483244
2022-09-20,60,MODERATE,23.0,-0.058597145655573724
2022-09-21,60,MODERATE,23.0,-0.06588071316137434
2022-09-22,60,MODERATE,22.0,-0.15371219969200278
2022-09-23,60,EXTREME_FEAR,20.0,-0.16028483410861238
2022-09-26,60,MODERATE,21.0,-0.1284037984370181
2022-09-27,60,EXTREME_FEAR,20.0,-0.12781827368702536
2022-09-28,60,EXTREME_FEAR,20.0,-0.14346615743313695
2022-09-29,60,MODERATE,22.0,-0.15295615161705045
2022-09-30,60,MODERATE,21.0,-0.15047377252825211
2022-10-03,60,MODERATE,24.0,-0.1701903946930201
2022-10-04,60,EXTREME_FEAR,20.0,-0.20048404557027866
2022-10-05,60,MODERATE,25.0,-0.19417753537401317
2022-10-06,60,MODERATE,26.0,-0.1793001071681929
2022-10-07,60,MODERATE,23.0,-0.14767812513868173
2022-10-10,60,MODERATE,22.0,-0.12829475128201207
2022-10-11,60,MODERATE,24.0,-0.11675755533375409
2022-10-12,60,EXTREME_FEAR,20.0,-0.10798237434359392
2022-10-13,60,EXTREME_FEAR,20.0,-0.10526426699500424
2022-10-14,60,MODERATE,24.0,-0.06741459026790153
2022-10-17,60,EXTREME_FEAR,20.0,-0.03546252872040656
2022-10-18,60,MODERATE,22.0,0.029314011432590603
2022-10-19,60,MODERATE,23.0,0.100428316684952
2022-10-20,60,MODERATE,23.0,0.08232816469078186
2022-10-21,60,MODERATE,23.0,0.09517158814028626
2022-10-24,60,MODERATE,22.0,0.1588679016583774
2022-10-25,60,EXTREME_FEAR,20.0,0.13212565102110485
2022-10-26,60,MODERATE,33.0,0.08603137746125133
2022-10-27,60,MODERATE,32.0,0.1306825464841963
2022-10-28,60,MODERATE,30.0,0.11185290531093373
2022-10-31,60,MODERATE,31.0,0.11869265870435775
2022-11-01,60,MODERATE,30.0,0.10881319712615123
2022-11-02,60,MODERATE,30.0,0.13785590968152028
2022-11-03,60,MODERATE,30.0,0.160300527780737
2022-11-04,60,MODERATE,30.0,0.10429377965569808
2022-11-07,60,MODERATE,33.0,0.1294138080215952
2022-11-08,60,MODERATE,31.0,0.2050102764376306
2022-11-09,60,MODERATE,29.0,0.3818100203227106
2022-11-10,60,MODERATE,22.0,0.2657088888274204
2022-11-11,60,MODERATE,25.0,0.24755439450760441
2022-11-14,60,MODERATE,24.0,0.2645616891101805
2022-11-15,60,MODERATE,22.0,0.25587878158378397
2022-11-16,60,MODERATE,23.0,0.28745192800465824
2022-11-17,60,EXTREME_FEAR,20.0,0.376138016447205
2022-11-18,60,MODERATE,23.0,0.346965287119937
2022-11-21,60,MODERATE,21.0,0.44214233666785296
2022-11-22,60,MODERATE,22.0,0.411692389348428
2022-11-23,60,MODERATE,22.0,0.3758440354816873
2022-11-25,60,EXTREME_FEAR,20.0,0.37118035724702914
2022-11-28,60,MODERATE,28.0,0.35799159400776104
2022-11-29,60,MODERATE,26.0,0.357952775156425
2022-11-30,60,MODERATE,29.0,0.29880027769737816
2022-12-01,60,MODERATE,27.0,0.3319391512319092
2022-12-02,60,MODERATE,27.0,0.31754081497662234
2022-12-05,60,MODERATE,26.0,0.27566205086843576
2022-12-06,60,MODERATE,25.0,0.27192408259262846
2022-12-07,60,MODERATE,29.0,0.27674292145902457
2022-12-08,60,MODERATE,25.0,0.23129140631685285
2022-12-09,60,MODERATE,26.0,0.17270526349420812
2022-12-12,60,MODERATE,27.0,0.15976733970149326
2022-12-13,60,MODERATE,27.0,0.30810231842869074
2022-12-14,60,MODERATE,30.0,0.3285895525840252
2022-12-15,60,MODERATE,31.0,0.33914851377943167
2022-12-16,60,MODERATE,29.0,0.4087260447305817
2022-12-19,60,MODERATE,29.0,0.5117180727986895
2022-12-20,60,MODERATE,29.0,0.4961701655211589
2022-12-21,60,MODERATE,26.0,0.5160419343986463
2022-12-22,60,MODERATE,28.0,0.4839757842015424
2022-12-23,60,MODERATE,27.0,0.5228640235518058
2022-12-27,60,MODERATE,27.0,0.4975052347692034
2022-12-28,60,MODERATE,28.0,0.4944630387531592
2022-12-29,60,MODERATE,28.0,0.493768494021554
2022-12-30,60,MODERATE,28.0,0.5350135892130052
2023-01-03,60,MODERATE,26.0,0.5192006040244469
2023-01-04,60,MODERATE,29.0,0.5240128649508652
2023-01-05,60,MODERATE,29.0,0.5011210002525327
2023-01-06,60,MODERATE,26.0,0.5078057938916173
2023-01-09,60,MODERATE,25.0,0.49383192223169203
2023-01-10,60,MODERATE,26.0,0.4746525310142252
2023-01-11,60,MODERATE,26.0,0.5028143028461547
2023-01-12,60,MODERATE,30.0,0.47145061192029925
2023-01-13,60,MODERATE,31.0,0.4146210313004962
2023-01-17,60,MODERATE,51.0,0.3622274817123571
2023-01-18,60,MODERATE,52.0,0.38766611082767577
2023-01-19,60,MODERATE,45.0,0.333878723158049
2023-01-20,60,MODERATE,51.0,0.29303063154481757
2023-01-23,60,MODERATE,50.0,0.22852321995355473
2023-01-24,60,MODERATE,52.0,0.22138917253517976
2023-01-25,60,MODERATE,51.0,0.16543511056214388
2023-01-26,60,MODERATE,54.0,0.17818872592543678
2023-01-27,60,MODERATE,55.0,0.20421888722522563
2023-01-30,60,MODERATE,61.0,0.21866870668780736
2023-01-31,60,MODERATE,51.0,0.2419695510105878
2023-02-01,60,MODERATE,56.0,0.212483213530832
2023-02-02,60,MODERATE,60.0,0.1796667434582987
2023-02-03,60,MODERATE,60.0,0.20137714999709078
2023-02-06,60,MODERATE,56.0,0.24250392921754516
2023-02-07,60,MODERATE,54.0,0.21511103567723677
2023-02-08,60,MODERATE,58.0,0.25269928179659507
2023-02-09,60,MODERATE,55.0,0.23844271657598348
2023-02-10,60,MODERATE,48.0,0.24488292918724242
2023-02-13,60,MODERATE,48.0,0.23632218592256937
2023-02-14,60,MODERATE,50.0,0.19483709199962918
2023-02-15,60,MODERATE,53.0,0.09778906698050771
2023-02-16,60,MODERATE,62.0,0.14070740622548716
2023-02-17,60,MODERATE,61.0,0.09584621349269395
2023-02-21,60,MODERATE,60.0,0.11442739493019749
2023-02-22,60,MODERATE,59.0,0.10371146887270821
2023-02-23,60,MODERATE,56.0,0.11589565606489582
2023-02-24,60,MODERATE,53.0,0.1462418525133793
2023-02-27,60,MODERATE,50.0,0.1461891698977954
2023-02-28,60,MODERATE,53.0,0.12901150058500233
2023-03-01,60,MODERATE,50.0,0.11302922185097619
2023-03-02,60,MODERATE,51.0,0.12942990472251537
2023-03-03,60,MODERATE,50.0,0.2141237490213691
2023-03-06,60,MODERATE,48.0,0.19355088932309195
2023-03-07,60,MODERATE,49.0,0.1881644462979455
2023-03-08,60,MODERATE,50.0,0.22689337242487384
2023-03-09,60,MODERATE,44.0,0.23510610859539582
2023-03-10,60,MODERATE,34.0,0.2995908840408458
2023-03-13,60,MODERATE,49.0,0.08506569246211049
2023-03-14,60,MODERATE,56.0,0.06878789372830918
2023-03-15,60,MODERATE,50.0,0.08280645341618698
2023-03-16,60,MODERATE,52.0,0.03335432799035365
2023-03-17,60,MODERATE,51.0,-0.05645016240845946
2023-03-20,60,MODERATE,66.0,-0.10000631424602124
2023-03-21,60,MODERATE,68.0,-0.09679419829321567
2023-03-22,60,MODERATE,62.0,-0.03654649024181822
2023-03-23,60,MODERATE,57.0,-0.00022888132148501938
2023-03-24,60,MODERATE,61.0,0.08816506507089183
2023-03-27,60,MODERATE,64.0,0.09726458780749114
2023-03-28,60,MODERATE,59.0,0.1183963934817307
2023-03-29,60,MODERATE,57.0,0.06562242960594
2023-03-30,60,MODERATE,60.0,0.09047459176251604
2023-03-31,60,MODERATE,63.0,0.054919258961024786
2023-04-03,60,MODERATE,63.0,0.091249138915527
2023-04-04,60,MODERATE,62.0,0.07879079632005404
2023-04-05,60,MODERATE,62.0,0.10047997076553061
2023-04-06,60,MODERATE,63.0,0.08441131554037318
2023-04-10,60,MODERATE,62.0,0.008608093570766195
2023-04-11,60,MODERATE,68.0,0.0035395139867320236
2023-04-12,60,MODERATE,65.0,0.00909674127498672
2023-04-13,60,MODERATE,61.0,0.007272555872289699
2023-04-14,60,MODERATE,68.0,-0.003089911628696207
2023-04-17,60,MODERATE,69.0,0.06670125993749831
2023-04-18,60,MODERATE,58.0,-0.0020906538300800026
2023-04-19,60,MODERATE,63.0,0.04488598503213437
2023-04-20,60,MODERATE,52.0,0.05545322515650519
2023-04-21,60,MODERATE,50.0,0.09228348937850095
2023-04-24,60,MODERATE,53.0,0.07913339630140648
2023-04-25,60,MODERATE,53.0,0.0550206467806198
2023-04-26,60,MODERATE,56.0,0.02618968631144014
2023-04-27,60,MODERATE,59.0,-0.008394991070613811
2023-04-28,60,MODERATE,64.0,0.0005012651526026257
2023-05-01,60,MODERATE,63.0,0.03906524651821086
2023-05-02,60,MODERATE,55.0,0.02202542043162392
2023-05-03,60,MODERATE,64.0,0.00768604376578641
2023-05-04,60,MODERATE,64.0,0.02829897541725024
2023-05-05,60,MODERATE,61.0,-0.013033055735011345
2023-05-08,60,MODERATE,60.0,0.0522126381858925
2023-05-09,60,MODERATE,51.0,0.04990440975324195
2023-05-10,60,MODERATE,52.0,0.0548996372827224
2023-05-11,60,MODERATE,52.0,0.09748365213457988
2023-05-12,60,MODERATE,49.0,0.09788456787344346
2023-05-15,60,MODERATE,50.0,0.07905238112070156
2023-05-16,60,MODERATE,54.0,0.08372357750558757
2023-05-17,60,MODERATE,50.0,0.07078250559452548
2023-05-18,60,MODERATE,51.0,0.08354970841426401
2023-05-19,60,MODERATE,48.0,0.06519985314539078
2023-05-22,60,MODERATE,49.0,-0.006978395992710995
2023-05-23,60,MODERATE,50.0,-0.044161607289948446
2023-05-24,60,MODERATE,50.0,-0.00803214059576196
2023-05-25,60,MODERATE,51.0,-0.016933136320151698
2023-05-26,60,MODERATE,49.0,-0.010824013433048396
2023-05-30,60,MODERATE,51.0,-0.057194997763255984
2023-05-31,60,MODERATE,51.0,-0.044011197476930386
2023-06-01,60,MODERATE,52.0,-0.026975924606073676
2023-06-02,60,MODERATE,50.0,0.017382356898981044
2023-06-05,60,MODERATE,53.0,0.057959844685669504
2023-06-06,60,MODERATE,44.0,-0.04918441932625606
2023-06-07,60,MODERATE,53.0,-0.020913809506120318
2023-06-08,60,MODERATE,50.0,-0.027856437078124685
2023-06-09,60,MODERATE,50.0,-0.02784359074197784
2023-06-12,60,MODERATE,47.0,0.012952918216155407
2023-06-13,60,MODERATE,45.0,-0.0005045586003273872
2023-06-14,60,MODERATE,46.0,0.0015104608968761202
2023-06-15,60,MODERATE,41.0,0.00999621343967716
2023-06-16,60,MODERATE,47.0,-0.0037727068670092567
2023-06-20,60,MODERATE,49.0,-0.06519191157781234
2023-06-21,60,MODERATE,59.0,-0.12086888337531443
2023-06-22,60,MODERATE,65.0,-0.11157463294663628
2023-06-23,60,MODERATE,65.0,-0.12048943605235762
2023-06-26,60,MODERATE,55.0,-0.10948035038865034
2023-06-27,60,MODERATE,59.0,-0.1441833815205913
2023-06-28,60,MODERATE,62.0,-0.12392531306669818
2023-06-29,60,MODERATE,54.0,-0.1464221637955434
2023-06-30,60,MODERATE,56.0,-0.15056297667023344
2023-07-03,60,MODERATE,62.0,-0.1674495739676265
2023-07-05,60,MODERATE,61.0,-0.12155645516093005
2023-07-06,60,MODERATE,56.0,-0.10560883009128119
2023-07-07,60,MODERATE,55.0,-0.09723680688302716
2023-07-10,60,MODERATE,56.0,-0.10328198342109207
2023-07-11,60,MODERATE,57.0,-0.09667021248419361
2023-07-12,60,MODERATE,64.0,-0.1030442052010685
2023-07-13,60,MODERATE,57.0,-0.11893143941237816
2023-07-14,60,MODERATE,60.0,-0.0950472378334224
2023-07-17,60,MODERATE,54.0,-0.09583334607955596
2023-07-18,60,MODERATE,56.0,-0.10527068042691745
2023-07-19,60,MODERATE,50.0,-0.11153544902437873
2023-07-20,60,MODERATE,56.0,-0.10351381693350192
2023-07-21,60,MODERATE,50.0,-0.04756398420776131
2023-07-24,60,MODERATE,55.0,-0.0264343490399368
2023-07-25,60,MODERATE,50.0,-0.031243524269864986
2023-07-26,60,MODERATE,51.0,-0.02187494644185639
2023-07-27,60,MODERATE,51.0,0.0160380611249884
2023-07-28,60,MODERATE,52.0,0.12087315232092966
2023-07-31,60,MODERATE,50.0,0.14826067994951186
2023-08-01,60,MODERATE,53.0,0.15071144724855046
2023-08-02,60,MODERATE,53.0,0.15843513633152728
2023-08-03,60,MODERATE,52.0,0.15026578629578013
2023-08-04,60,MODERATE,54.0,0.17118036124509328
2023-08-07,60,MODERATE,49.0,0.17230740612885986
2023-08-08,60,MODERATE,54.0,0.17441389477049585
2023-08-09,60,MODERATE,50.0,0.16710935314941855
2023-08-10,60,MODERATE,53.0,0.16567009518360143
2023-08-11,60,MODERATE,51.0,0.17549829246958937
2023-08-14,60,MODERATE,50.0,0.18665982048578122
2023-08-15,60,MODERATE,53.0,0.20074446589801043
2023-08-16,60,MODERATE,52.0,0.24563029056118002
2023-08-17,60,MODERATE,50.0,0.33603275670757604
2023-08-18,60,MODERATE,37.0,0.33737604339586813
2023-08-21,60,MODERATE,38.0,0.3077326190497831
2023-08-22,60,MODERATE,37.0,0.37512528784531374
2023-08-23,60,MODERATE,37.0,0.3132470761054875
2023-08-24,60,MODERATE,41.0,0.33563538883329214
2023-08-25,60,MODERATE,39.0,0.36379802210106704
2023-08-28,60,MODERATE,39.0,0.3161627092994501
2023-08-29,60,MODERATE,39.0,0.3001142061964355
2023-08-30,60,MODERATE,49.0,0.3234113770759568
2023-08-31,60,MODERATE,52.0,0.36230643887613345
2023-09-01,60,MODERATE,40.0,0.38272856678804046
2023-09-05,60,MODERATE,40.0,0.38425700332483514
2023-09-06,60,MODERATE,42.0,0.381437828127956
2023-09-07,60,MODERATE,41.0,0.3882564527406338
2023-09-08,60,MODERATE,46.0,0.4827343831469162
2023-09-11,60,MODERATE,40.0,0.5606599522420628
2023-09-12,60,MODERATE,30.0,0.5267443085857468
2023-09-13,60,MODERATE,41.0,0.5011432955900745
2023-09-14,60,MODERATE,45.0,0.5093281436939032
2023-09-15,60,MODERATE,45.0,0.43826359466944176
2023-09-18,60,MODERATE,46.0,0.437798745984751
2023-09-19,60,MODERATE,46.0,0.45503039289335545
2023-09-20,60,MODERATE,47.0,0.4610433329519512
2023-09-21,60,MODERATE,47.0,0.4563021218590646
2023-09-22,60,MODERATE,43.0,0.472263846970685
2023-09-25,60,MODERATE,47.0,0.4745789294431839
2023-09-26,60,MODERATE,46.0,0.5098372362834596
2023-09-27,60,MODERATE,44.0,0.5096400190707187
2023-09-28,60,MODERATE,46.0,0.4875073786229538
2023-09-29,60,MODERATE,48.0,0.45742211030493474
2023-10-02,60,MODERATE,50.0,0.45614156832072283
2023-10-03,60,MODERATE,50.0,0.44087140212363374
2023-10-04,60,MODERATE,49.0,0.41501930346914184
2023-10-05,60,MODERATE,48.0,0.49460444676465487
2023-10-06,60,MODERATE,50.0,0.42736760939774343
2023-10-09,60,MODERATE,50.0,0.4710462183068356
2023-10-10,60,MODERATE,50.0,0.4776651414742745
2023-10-11,60,MODERATE,47.0,0.558385843744134
2023-10-12,60,MODERATE,45.0,0.5448858082848738
2023-10-13,60,MODERATE,44.0,0.5514698352535916
2023-10-16,60,MODERATE,47.0,0.48603530312716114
2023-10-17,60,MODERATE,52.0,0.41083607372694186
2023-10-18,60,MODERATE,50.0,0.42093423800931107
2023-10-19,60,MODERATE,52.0,0.39761029402197634
2023-10-20,60,MODERATE,53.0,0.3293706190350445
2023-10-23,60,MODERATE,53.0,0.2294252113726436
2023-10-24,60,MODERATE,66.0,0.15302709783260493
2023-10-25,60,MODERATE,72.0,0.14396968096540008
2023-10-26,60,MODERATE,71.0,0.15984720512731831
2023-10-27,60,MODERATE,70.0,0.16351921709439732
2023-10-30,60,MODERATE,68.0,0.19227205018619742
2023-10-31,60,MODERATE,66.0,0.2220703839595084
2023-11-01,60,MODERATE,66.0,0.19233376334888308
2023-11-02,60,MODERATE,72.0,0.1978638535779751
2023-11-03,60,MODERATE,65.0,0.21528995082736002
2023-11-06,60,MODERATE,74.0,0.20909787499342292
2023-11-07,60,MODERATE,68.0,0.18528884550057412
2023-11-08,60,MODERATE,66.0,0.18927012491579798
2023-11-09,60,MODERATE,69.0,0.18880653130161296
2023-11-10,60,MODERATE,70.0,0.19397385653339372
2023-11-13,60,MODERATE,72.0,0.25589781390732447
2023-11-14,60,MODERATE,69.0,0.34059467523241826
2023-11-15,60,MODERATE,60.0,0.2724198871960224
2023-11-16,60,MODERATE,70.0,0.3600964928970969
2023-11-17,60,MODERATE,63.0,0.35010375515952585
2023-11-20,60,MODERATE,69.0,0.330593546938452
2023-11-21,60,MODERATE,71.0,0.37837348928659864
2023-11-22,60,MODERATE,62.0,0.32561119550353235
2023-11-24,60,MODERATE,66.0,0.30758976635531954
2023-11-27,60,MODERATE,66.0,0.30879204388921977
2023-11-28,60,MODERATE,68.0,0.36548052543338594
2023-11-29,60,MODERATE,72.0,0.41069256684536426
2023-11-30,60,MODERATE,74.0,0.5052450488208795
2023-12-01,60,MODERATE,71.0,0.4585719044362315
2023-12-04,60,MODERATE,74.0,0.39702058967888254
2023-12-05,60,MODERATE,75.0,0.4383340933150808
2023-12-06,60,MODERATE,72.0,0.3773616272035589
2023-12-07,60,MODERATE,72.0,0.4232884874414118
2023-12-08,60,MODERATE,72.0,0.4156109442591269
2023-12-11,60,MODERATE,74.0,0.5044095641112574
2023-12-12,60,MODERATE,67.0,0.5538923068189374
2023-12-13,60,MODERATE,65.0,0.5107797211985527
2023-12-14,60,MODERATE,72.0,0.5298451591034243
2023-12-15,60,MODERATE,70.0,0.5322543764546268
2023-12-18,60,MODERATE,65.0,0.4875345775101503
2023-12-19,60,MODERATE,73.0,0.4687571561727104
2023-12-20,60,MODERATE,74.0,0.3494716870709518
2023-12-21,60,MODERATE,70.0,0.4370259743996774
2023-12-22,60,MODERATE,74.0,0.39777673438626926
2023-12-26,60,MODERATE,71.0,0.4054362306224264
2023-12-27,60,MODERATE,73.0,0.47646026892904536
2023-12-28,60,MODERATE,73.0,0.4958135307986433
2023-12-29,60,MODERATE,65.0,0.5006504656077007
2024-01-02,60,MODERATE,71.0,0.4533531745399111
2024-01-03,60,MODERATE,70.0,0.4865680694208243
2024-01-04,60,MODERATE,68.0,0.39296980733265263
2024-01-05,60,MODERATE,72.0,0.40148363325112535
2024-01-08,60,MODERATE,71.0,0.3774430145353991
2024-01-09,60,MODERATE,76.0,0.3854428012235487
2024-01-10,60,MODERATE,73.0,0.42933651429481334
2024-01-11,60,MODERATE,76.0,0.39949699423854734
2024-01-12,60,MODERATE,71.0,0.49907892431407586
2024-01-16,60,MODERATE,64.0,0.4845636971968821
2024-01-17,60,MODERATE,60.0,0.452414439841309
2024-01-18,60,MODERATE,63.0,0.4299337981289051
2024-01-19,60,MODERATE,51.0,0.4273965905680601
2024-01-22,60,MODERATE,55.0,0.4389123669703805
2024-01-23,60,MODERATE,50.0,0.466229984798606
2024-01-24,60,MODERATE,48.0,0.4656314219475324
2024-01-25,60,MODERATE,52.0,0.515043690406239
2024-01-26,60,MODERATE,49.0,0.4625067174215074
2024-01-29,60,MODERATE,55.0,0.39531914353023145
2024-01-30,60,MODERATE,61.0,0.406284171289359
2024-01-31,60,MODERATE,60.0,0.40360678887938994
2024-02-01,60,MODERATE,63.0,0.39343677612619565
2024-02-02,60,MODERATE,63.0,0.3393897718794092
2024-02-05,60,MODERATE,60.0,0.31158247258800076
2024-02-06,60,MODERATE,64.0,0.3164600604289993
2024-02-07,60,MODERATE,62.0,0.3499886207169667
2024-02-08,60,MODERATE,66.0,0.33236044011714005
2024-02-09,60,MODERATE,72.0,0.2792455147130819
2024-02-12,60,MODERATE,70.0,0.20276302496928889
2024-02-13,60,MODERATE,79.0,0.23706892233358534
2024-02-14,60,MODERATE,74.0,0.15956561818768744
2024-02-15,60,MODERATE,72.0,0.19150782421600643
2024-02-16,60,MODERATE,72.0,0.16557535349466534
2024-02-20,60,MODERATE,72.0,0.2369923307299655
2024-02-21,60,MODERATE,78.0,0.22979751064804432
2024-02-22,60,MODERATE,74.0,0.26767889319310645
2024-02-23,60,MODERATE,76.0,0.34241677177540675
2024-02-26,60,MODERATE,72.0,0.25183211943771155
2024-02-27,60,MODERATE,79.0,0.19133003348705357
2024-02-28,60,EXTREME_GREED,82.0,0.08322814392225308
2024-02-29,60,EXTREME_GREED,80.0,0.11309395286032076
2024-03-01,60,EXTREME_GREED,80.0,0.08963817234708826
2024-03-04,60,EXTREME_GREED,82.0,-0.011071094942687765
2024-03-05,60,EXTREME_GREED,90.0,0.06908889677850483
2024-03-06,60,MODERATE,75.0,0.020728703806832893
2024-03-07,60,EXTREME_GREED,82.0,0.02769341047782503
2024-03-08,60,EXTREME_GREED,81.0,0.03266232348976228
2024-03-11,60,EXTREME_GREED,82.0,-0.014539879565607094
2024-03-12,60,EXTREME_GREED,81.0,-0.010181933788276698
2024-03-13,60,EXTREME_GREED,81.0,-0.05254338993224428
2024-03-14,60,EXTREME_GREED,88.0,-0.0267467160322008
2024-03-15,60,EXTREME_GREED,83.0,-0.030305167658079668
2024-03-18,60,MODERATE,77.0,0.010201058572276489
2024-03-19,60,MODERATE,79.0,0.07532363500812278
2024-03-20,60,MODERATE,74.0,-0.02841455236603907
2024-03-21,60,MODERATE,78.0,0.015137332199126163
2024-03-22,60,MODERATE,75.0,0.021130006968133497
2024-03-25,60,MODERATE,75.0,-0.07615894433586456
2024-03-26,60,EXTREME_GREED,81.0,-0.08793638701841977
2024-03-27,60,EXTREME_GREED,83.0,-0.14172653601080265
2024-03-28,60,EXTREME_GREED,80.0,-0.13510274739282568
2024-04-01,60,MODERATE,79.0,-0.13645588695904398
2024-04-02,60,MODERATE,79.0,-0.06050043472570055
2024-04-03,60,MODERATE,71.0,-0.08969798980763244
2024-04-04,60,MODERATE,70.0,-0.08618039719617232
2024-04-05,60,MODERATE,79.0,-0.08951494283417438
2024-04-08,60,MODERATE,76.0,-0.17429389116400396
2024-04-09,60,EXTREME_GREED,80.0,-0.19900878675531608
2024-04-10,60,MODERATE,78.0,-0.2189943857714285
2024-04-11,60,MODERATE,76.0,-0.18875863907476753
2024-04-12,60,MODERATE,79.0,-0.15161834226317983
2024-04-15,60,MODERATE,74.0,-0.1007930405246642
2024-04-16,60,MODERATE,65.0,-0.09723097614378906
2024-04-17,60,MODERATE,67.0,0.056988083106723986
2024-04-18,60,MODERATE,57.0,0.024640010803249623
2024-04-19,60,MODERATE,66.0,0.004301625471514248
2024-04-22,60,MODERATE,73.0,-0.04378919985805174
2024-04-23,60,MODERATE,71.0,0.0045506187414983135
2024-04-24,60,MODERATE,72.0,0.05018947508613314
2024-04-25,60,MODERATE,72.0,0.022176688770656705
2024-04-26,60,MODERATE,70.0,0.025043427432096754
2024-04-29,60,MODERATE,67.0,0.029876163570997205
2024-04-30,60,MODERATE,67.0,0.11331078548073625
2024-05-01,60,MODERATE,54.0,0.13718819004083915
2024-05-02,60,MODERATE,43.0,0.11306845126046805
2024-05-03,60,MODERATE,48.0,0.02712779418473321
2024-05-06,60,MODERATE,71.0,0.03417014961348808
2024-05-07,60,MODERATE,68.0,-0.014864934255736761
2024-05-08,60,MODERATE,64.0,-0.12512430333473823
2024-05-09,60,MODERATE,55.0,-0.11796314683980036
2024-05-10,60,MODERATE,66.0,-0.09963863782573523
2024-05-13,60,MODERATE,57.0,-0.019120995650204753
2024-05-14,60,MODERATE,66.0,-0.010988591091292799
2024-05-15,60,MODERATE,64.0,-0.11017126020600143
2024-05-16,60,MODERATE,70.0,-0.07349099653173519
2024-05-17,60,MODERATE,74.0,-0.1323921328284472
2024-05-20,60,MODERATE,70.0,-0.216143067392371
2024-05-21,60,MODERATE,76.0,-0.17470278010873308
2024-05-22,60,MODERATE,76.0,-0.15001164433175163
2024-05-23,60,MODERATE,76.0,-0.1407170723487512
2024-05-24,60,MODERATE,74.0,-0.11347297924204724
2024-05-28,60,MODERATE,72.0,-0.12316477862278297
2024-05-29,60,MODERATE,72.0,-0.05292757173900986
2024-05-30,60,MODERATE,73.0,-0.08362223675078773
2024-05-31,60,MODERATE,73.0,-0.12595462154089
2024-06-03,60,MODERATE,73.0,-0.15326768277366432
2024-06-04,60,MODERATE,73.0,-0.17247825127985061
2024-06-05,60,MODERATE,75.0,-0.1842852577164813
2024-06-06,60,MODERATE,78.0,-0.2086691549058226
2024-06-07,60,MODERATE,77.0,-0.179107048859094
2024-06-10,60,MODERATE,72.0,-0.21328999144624694
2024-06-11,60,MODERATE,74.0,-0.2216014764339076
2024-06-12,60,MODERATE,72.0,-0.1796543736908891
2024-06-13,60,MODERATE,70.0,-0.14668226311033328
2024-06-14,60,MODERATE,74.0,-0.1407690391283265
2024-06-17,60,MODERATE,71.0,-0.13442555183787763
2024-06-18,60,MODERATE,74.0,-0.07272905704747523
2024-06-20,60,MODERATE,60.0,-0.10799111697857722
2024-06-21,60,MODERATE,63.0,-0.060911364241878596
2024-06-24,60,MODERATE,51.0,0.022510559861850687
2024-06-25,60,MODERATE,30.0,0.018210700325909324
2024-06-26,60,MODERATE,46.0,0.038417910237375175
2024-06-27,60,MODERATE,40.0,0.02761620253534547
2024-06-28,60,MODERATE,47.0,0.06392425871614393
2024-07-01,60,MODERATE,53.0,0.004621838833933634
2024-07-02,60,MODERATE,51.0,0.0495660455458482
2024-07-03,60,MODERATE,50.0,0.08923887770114303
2024-07-05,60,MODERATE,29.0,0.11124084512482302
2024-07-08,60,MODERATE,28.0,0.07033417248115059
2024-07-09,60,MODERATE,27.0,0.04423367940306355
2024-07-10,60,MODERATE,28.0,0.05092843814668635
2024-07-11,60,MODERATE,29.0,0.07913796768434223
2024-07-12,60,MODERATE,25.0,0.07223607593318437
2024-07-15,60,MODERATE,52.0,-0.043126964505003196
2024-07-16,60,MODERATE,65.0,-0.07188124975614074
2024-07-17,60,MODERATE,69.0,-0.06182837427727028
2024-07-18,60,MODERATE,61.0,-0.024190180756470614
2024-07-19,60,MODERATE,60.0,-0.010003847374917996
2024-07-22,60,MODERATE,70.0,-0.00808375998124089
2024-07-23,60,MODERATE,71.0,0.025237852112492964
2024-07-24,60,MODERATE,69.0,0.030546519882841627
2024-07-25,60,MODERATE,68.0,0.039373803252561235
2024-07-26,60,MODERATE,68.0,-0.008045745401526805
2024-07-29,60,MODERATE,74.0,0.008071095525849614
2024-07-30,60,MODERATE,67.0,0.0034860035428239122
2024-07-31,60,MODERATE,61.0,0.05336100208776373
2024-08-01,60,MODERATE,52.0,0.01946902250392557
2024-08-02,60,MODERATE,57.0,0.12952144126217058
2024-08-05,60,MODERATE,26.0,0.297797387177428
2024-08-06,60,EXTREME_FEAR,17.0,0.25540655866012396
2024-08-07,60,MODERATE,29.0,0.24373228338462272
2024-08-08,60,EXTREME_FEAR,20.0,0.11862626471488635
2024-08-09,60,MODERATE,48.0,0.10782533800950911
2024-08-12,60,MODERATE,25.0,0.15577582195365114
2024-08-13,60,MODERATE,31.0,0.22152031394499994
2024-08-14,60,MODERATE,30.0,0.256406265024143
2024-08-15,60,MODERATE,29.0,0.2850554504605953
2024-08-16,60,MODERATE,27.0,0.40953561523739435
2024-08-19,60,MODERATE,28.0,0.3909682827014911
2024-08-20,60,MODERATE,30.0,0.4285251577940097
2024-08-21,60,MODERATE,26.0,0.35504074770044625
2024-08-22,60,MODERATE,39.0,0.4108949800974162
2024-08-23,60,MODERATE,34.0,0.3454646050291297
2024-08-26,60,MODERATE,55.0,0.38427980331828704
2024-08-27,60,MODERATE,48.0,0.46085412587762753
2024-08-28,60,MODERATE,30.0,0.512098977769107
2024-08-29,60,MODERATE,29.0,0.5110010431214289
2024-08-30,60,MODERATE,34.0,0.4541384322448512
2024-09-03,60,MODERATE,26.0,0.4710443671719291
2024-09-04,60,MODERATE,27.0,0.5040056315100496
2024-09-05,60,MODERATE,29.0,0.5512442145596159
2024-09-06,60,MODERATE,22.0,0.574909535821988
2024-09-09,60,MODERATE,26.0,0.5209768023732289
2024-09-10,60,MODERATE,33.0,0.5384111580858411
2024-09-11,60,MODERATE,37.0,0.521458403197
2024-09-12,60,MODERATE,31.0,0.5417465073354086
2024-09-13,60,MODERATE,32.0,0.4753408792665086
2024-09-16,60,MODERATE,39.0,0.5076026674366614
2024-09-17,60,MODERATE,33.0,0.5173585283467168
2024-09-18,60,MODERATE,45.0,0.48413205962871775
2024-09-19,60,MODERATE,49.0,0.47746816404709835
2024-09-20,60,MODERATE,54.0,0.5175262557458347
2024-09-23,60,MODERATE,50.0,0.5164086402174428
2024-09-24,60,MODERATE,54.0,0.44199524139148605
2024-09-25,60,MODERATE,59.0,0.4343553008252321
2024-09-26,60,MODERATE,50.0,0.4053055437227915
2024-09-27,60,MODERATE,61.0,0.3640907670708573
2024-09-30,60,MODERATE,61.0,0.4434914505105576
2024-10-01,60,MODERATE,50.0,0.45401758919374124
2024-10-02,60,MODERATE,42.0,0.44021131329472407
2024-10-03,60,MODERATE,37.0,0.42183383226753035
2024-10-04,60,MODERATE,41.0,0.40898183876101557
2024-10-07,60,MODERATE,50.0,0.4425998431045619
2024-10-08,60,MODERATE,49.0,0.4568024483956734
2024-10-09,60,MODERATE,49.0,0.5217385731127864
2024-10-10,60,MODERATE,39.0,0.4750046571100437
2024-10-11,60,MODERATE,32.0,0.4200473200530306
2024-10-14,60,MODERATE,48.0,0.36037598301196616
2024-10-15,60,MODERATE,65.0,0.34346866641212914
2024-10-16,60,MODERATE,73.0,0.35609965093623974
2024-10-17,60,MODERATE,71.0,0.3995598411296939
2024-10-18,60,MODERATE,73.0,0.3770888081590287
2024-10-21,60,MODERATE,72.0,0.4386558185068776
2024-10-22,60,MODERATE,70.0,0.45474576101168185
2024-10-23,60,MODERATE,71.0,0.4448676522323385
2024-10-24,60,MODERATE,69.0,0.42213450694910115
2024-10-25,60,MODERATE,72.0,0.45289845158467745
2024-10-28,60,MODERATE,72.0,0.3786554978189276
2024-10-29,60,MODERATE,72.0,0.3317837396257697
2024-10-30,60,MODERATE,77.0,0.3601622237904869
2024-10-31,60,MODERATE,77.0,0.39987162579513846
2024-11-01,60,MODERATE,75.0,0.38786129585960794
2024-11-04,60,MODERATE,70.0,0.4023946476039222
2024-11-05,60,MODERATE,70.0,0.34435464177237085
2024-11-06,60,MODERATE,70.0,0.24476556175015363
2024-11-07,60,MODERATE,77.0,0.24102864254467837
2024-11-08,60,MODERATE,75.0,0.23195934253170014
2024-11-11,60,MODERATE,76.0,0.09393508411938623
2024-11-12,60,EXTREME_GREED,80.0,0.08487922601911002
2024-11-13,60,EXTREME_GREED,84.0,0.07752269145069635
2024-11-14,60,EXTREME_GREED,88.0,0.10204329717998784
2024-11-15,60,EXTREME_GREED,80.0,0.06835975680579054
2024-11-18,60,EXTREME_GREED,83.0,0.05371935830409891
2024-11-19,60,EXTREME_GREED,90.0,0.04542885031037214
2024-11-20,60,EXTREME_GREED,83.0,0.04146931666997178
2024-11-21,60,EXTREME_GREED,82.0,-0.024449415416486264
2024-11-22,60,EXTREME_GREED,94.0,-0.07965197881618336
2024-11-25,60,EXTREME_GREED,82.0,-0.04803124867457509
2024-11-26,60,MODERATE,79.0,-0.08668948236126495
2024-11-27,60,MODERATE,75.0,-0.12479231500527099
2024-11-29,60,MODERATE,78.0,-0.14421013090324264
2024-12-02,60,EXTREME_GREED,80.0,-0.10783349877024984
2024-12-03,60,MODERATE,76.0,-0.09591190160443785
2024-12-04,60,MODERATE,78.0,-0.08606479342340778
2024-12-05,60,EXTREME_GREED,84.0,-0.07112785962651147
2024-12-06,60,MODERATE,72.0,-0.14143103966363135
2024-12-09,60,MODERATE,78.0,-0.2156558906609125
2024-12-10,60,MODERATE,78.0,-0.15418016304179982
2024-12-11,60,MODERATE,74.0,-0.18932615279674758
2024-12-12,60,EXTREME_GREED,83.0,-0.21032778240805472
2024-12-13,60,MODERATE,76.0,-0.18920842440442698
2024-12-16,60,EXTREME_GREED,83.0,-0.2320019855674067
2024-12-17,60,EXTREME_GREED,87.0,-0.24932136788263737
2024-12-18,60,EXTREME_GREED,81.0,-0.1413543337758063
2024-12-19,60,MODERATE,75.0,-0.14695434426897425
2024-12-20,60,MODERATE,74.0,-0.15114240445844773
2024-12-23,60,MODERATE,70.0,-0.07894232921480615
2024-12-24,60,MODERATE,73.0,-0.12052735765167588
2024-12-26,60,MODERATE,79.0,-0.09744768295447859
2024-12-27,60,MODERATE,74.0,-0.07710536958628689
2024-12-30,60,MODERATE,65.0,-0.09374353943319802
2024-12-31,60,MODERATE,64.0,-0.12381294828229494
2025-01-02,60,MODERATE,70.0,-0.1289045249012193
2025-01-03,60,MODERATE,74.0,-0.17343802197769653
2025-01-06,60,MODERATE,76.0,-0.2056593347343041
2025-01-07,60,MODERATE,78.0,-0.1449581859491027
2025-01-08,60,MODERATE,70.0,-0.18191256798590727
2025-01-10,60,MODERATE,50.0,-0.21642406069778053
2025-01-13,60,MODERATE,61.0,-0.13508037707760234
2025-01-14,60,MODERATE,63.0,-0.19255332472656672
2025-01-15,60,MODERATE,70.0,-0.18649613233751916
2025-01-16,60,MODERATE,75.0,-0.1654832161893789
2025-01-17,60,MODERATE,75.0,-0.22195529770211175
2025-01-21,60,MODERATE,76.0,-0.23359810896951316
2025-01-22,60,EXTREME_GREED,84.0,-0.1996254271963167
2025-01-23,60,MODERATE,75.0,-0.17215302159995982
2025-01-24,60,MODERATE,75.0,-0.11489992176724506
2025-01-27,60,MODERATE,71.0,-0.0857434412126028
2025-01-28,60,MODERATE,72.0,-0.07571025985896718
2025-01-29,60,MODERATE,72.0,-0.09060262863559032
2025-01-30,60,MODERATE,70.0,-0.09778307721232604
2025-01-31,60,MODERATE,76.0,-0.08261589546546189
2025-02-03,60,MODERATE,44.0,-0.07362875393725421
2025-02-04,60,MODERATE,72.0,-0.01419508170044681
2025-02-05,60,MODERATE,54.0,0.0030448204896305064
2025-02-06,60,MODERATE,49.0,-0.019288035533754577
2025-02-07,60,MODERATE,44.0,0.0028282066693794405
2025-02-10,60,MODERATE,43.0,-0.00416758597222433
2025-02-11,60,MODERATE,47.0,0.07535674193090403
2025-02-12,60,MODERATE,46.0,0.05064385401527183
2025-02-13,60,MODERATE,50.0,0.06208556520931374
2025-02-14,60,MODERATE,48.0,0.06607801909960864
2025-02-18,60,MODERATE,47.0,0.08041208724025495
2025-02-19,60,MODERATE,44.0,0.07098520078745274
2025-02-20,60,MODERATE,49.0,0.05109890831076935
2025-02-21,60,MODERATE,55.0,0.09406177231155244
2025-02-24,60,MODERATE,49.0,0.15543018232626515
2025-02-25,60,MODERATE,25.0,0.2118819061781383
2025-02-26,60,MODERATE,21.0,0.28063795634147315
2025-02-27,60,EXTREME_FEAR,10.0,0.23634941334152737
2025-02-28,60,EXTREME_FEAR,16.0,0.2560511746395111
2025-03-03,60,MODERATE,33.0,0.2251886236558942
2025-03-04,60,EXTREME_FEAR,15.0,0.19159489501226723
2025-03-05,60,EXTREME_FEAR,20.0,0.13766290107161927
2025-03-06,60,MODERATE,25.0,0.16293651991651625
2025-03-07,60,MODERATE,34.0,0.19512470012989658
2025-03-10,60,EXTREME_FEAR,20.0,0.28789837210079705
2025-03-11,60,MODERATE,24.0,0.20362770618863513
2025-03-12,60,MODERATE,34.0,0.22063109943727843
2025-03-13,60,MODERATE,45.0,0.30787813735841896
2025-03-14,60,MODERATE,27.0,0.2723672374555699
2025-03-17,60,MODERATE,32.0,0.25675130666268187
2025-03-18,60,MODERATE,34.0,0.2473262974995447
2025-03-19,60,MODERATE,32.0,0.20006576524087416
2025-03-20,60,MODERATE,49.0,0.23812232753625873
2025-03-21,60,MODERATE,31.0,0.21882277781073523
2025-03-24,60,MODERATE,45.0,0.1812221890742114
2025-03-25,60,MODERATE,46.0,0.16641497193259136
2025-03-26,60,MODERATE,47.0,0.19467967914002404
2025-03-27,60,MODERATE,40.0,0.19592780003537502
2025-03-28,60,MODERATE,44.0,0.2411872548242564
2025-03-31,60,MODERATE,34.0,0.2590639174201943
2025-04-01,60,MODERATE,34.0,0.22901540291622657
2025-04-02,60,MODERATE,44.0,0.26146777951231037
2025-04-03,60,MODERATE,25.0,0.24050989802653833
2025-04-04,60,MODERATE,28.0,0.26110080942138936
2025-04-07,60,MODERATE,23.0,0.324852660944003
2025-04-08,60,MODERATE,24.0,0.35059849950646704
2025-04-09,60,EXTREME_FEAR,18.0,0.2771972778117746
2025-04-10,60,MODERATE,39.0,0.33512537766406103
2025-04-11,60,MODERATE,25.0,0.32977357458721324
2025-04-14,60,MODERATE,31.0,0.3293298647173719
2025-04-15,60,MODERATE,38.0,0.35937003867555406
2025-04-16,60,MODERATE,29.0,0.3375746995735369
2025-04-17,60,MODERATE,30.0,0.3354996287443326
2025-04-21,60,MODERATE,39.0,0.3097013520077456
2025-04-22,60,MODERATE,47.0,0.2333722153942639
2025-04-23,60,MODERATE,72.0,0.2258349558521373
2025-04-24,60,MODERATE,63.0,0.24475682803788423
2025-04-25,60,MODERATE,60.0,0.22613176851995442
2025-04-28,60,MODERATE,54.0,0.22014523328107316
2025-04-29,60,MODERATE,60.0,0.22127424193617617
2025-04-30,60,MODERATE,56.0,0.22454658447022657
2025-05-01,60,MODERATE,53.0,0.20056106287049058
2025-05-02,60,MODERATE,67.0,0.19546954746253897
2025-05-05,60,MODERATE,52.0,0.2002822470365513
2025-05-06,60,MODERATE,59.0,0.1575438550447008
2025-05-07,60,MODERATE,67.0,0.1705128789216106
2025-05-08,60,MODERATE,65.0,0.1003679020210444
2025-05-09,60,MODERATE,73.0,0.11072962334780856
2025-05-12,60,MODERATE,70.0,0.13350058871441872
2025-05-13,60,MODERATE,70.0,0.11348755271016131
2025-05-14,60,MODERATE,73.0,0.1369118282935191
2025-05-15,60,MODERATE,70.0,0.1469990899693583
2025-05-16,60,MODERATE,71.0,0.1755095863983107
2025-05-19,60,MODERATE,74.0,0.1140103738601046
2025-05-20,60,MODERATE,71.0,0.0946984080521216
2025-05-21,60,MODERATE,70.0,0.0582134242078407
2025-05-22,60,MODERATE,72.0,0.010315240060257302
2025-05-23,60,MODERATE,78.0,0.06309065400612157
2025-05-27,60,MODERATE,74.0,0.03093452785552797
2025-05-28,60,MODERATE,71.0,0.08079791177409845
2025-05-29,60,MODERATE,74.0,0.041556469104475635
2025-05-30,60,MODERATE,60.0,0.0723581673316156
2025-06-02,60,MODERATE,64.0,0.04920792653277495
2025-06-03,60,MODERATE,64.0,0.06528076492202262
2025-06-04,60,MODERATE,62.0,0.03452348939539007
2025-06-05,60,MODERATE,57.0,0.0905288257344612
2025-06-06,60,MODERATE,45.0,0.06788730324640779
2025-06-09,60,MODERATE,62.0,0.0038865713884104203
2025-06-10,60,MODERATE,71.0,0.003564832664085138
2025-06-11,60,MODERATE,72.0,0.03066769159804794
2025-06-12,60,MODERATE,71.0,0.0515289417506799
2025-06-13,60,MODERATE,61.0,0.07150986544810989
2025-06-16,60,MODERATE,61.0,0.07840823259560814
2025-06-17,60,MODERATE,68.0,0.10431124927677127
2025-06-18,60,MODERATE,52.0,0.09594457165721604
2025-06-20,60,MODERATE,54.0,0.12310243790810738
2025-06-23,60,MODERATE,47.0,0.09817304695009188
2025-06-24,60,MODERATE,65.0,0.09947642432662684
2025-06-25,60,MODERATE,66.0,0.07470495167589464
2025-06-26,60,MODERATE,74.0,0.05270481102258939
2025-06-27,60,MODERATE,65.0,0.04497338837974496
2025-06-30,60,MODERATE,66.0,0.056198995803769414
2025-07-01,60,MODERATE,64.0,0.031211341153884575
2025-07-02,60,MODERATE,63.0,0.007809889383086244
2025-07-03,60,MODERATE,73.0,0.042429404111955726
2025-07-07,60,MODERATE,73.0,0.05178652592700139
2025-07-08,60,MODERATE,65.0,0.08527739094710762
2025-07-09,60,MODERATE,66.0,0.08068502053082094
2025-07-10,60,MODERATE,71.0,0.05272347702882074
2025-07-11,60,MODERATE,71.0,0.059749087516673516
2025-07-14,60,MODERATE,74.0,0.01327555741906794
2025-07-15,60,MODERATE,73.0,0.0462707025822473
2025-07-16,60,MODERATE,70.0,0.02468123626424701
2025-07-17,60,MODERATE,74.0,-0.05227311712672922
2025-07-18,60,MODERATE,73.0,-0.02342541223196193
2025-07-21,60,MODERATE,71.0,-0.037486247817695606
2025-07-22,60,MODERATE,72.0,-0.07987871203258079
2025-07-23,60,MODERATE,74.0,-0.09320988926773754
2025-07-24,60,MODERATE,71.0,-0.10595592636519591
2025-07-25,60,MODERATE,70.0,-0.0617741240425409
2025-07-28,60,MODERATE,75.0,-0.0835072297645647
2025-07-29,60,MODERATE,73.0,-0.09078104933183528
2025-07-30,60,MODERATE,74.0,-0.06813894293542999
2025-07-31,60,MODERATE,72.0,-0.041667802682798794
2025-08-01,60,MODERATE,65.0,0.007028205561619316
2025-08-04,60,MODERATE,64.0,-0.018557186226326294
2025-08-05,60,MODERATE,60.0,-0.03645541832527188
2025-08-06,60,MODERATE,54.0,-0.06021920661037106
2025-08-07,60,MODERATE,62.0,-0.06997460538521771
2025-08-08,60,MODERATE,74.0,-0.09091881768368149
2025-08-11,60,MODERATE,70.0,-0.15591392316524066
2025-08-12,60,MODERATE,68.0,-0.1455812722564538
2025-08-13,60,MODERATE,73.0,-0.19687857005860598
2025-08-14,60,MODERATE,75.0,-0.13538920084820338
2025-08-15,60,MODERATE,60.0,-0.10216590692835448
2025-08-18,60,MODERATE,60.0,-0.1210585240577915
2025-08-19,60,MODERATE,56.0,-0.1042274504952494
2025-08-20,60,MODERATE,44.0,-0.13646504507870416
2025-08-21,60,MODERATE,50.0,-0.17471558836878875
2025-08-22,60,MODERATE,50.0,-0.23828872947308577
2025-08-25,60,MODERATE,47.0,-0.169560585230903
2025-08-26,60,MODERATE,48.0,-0.20076808627024034
2025-08-27,60,MODERATE,51.0,-0.24986067593258232
2025-08-28,60,MODERATE,48.0,-0.27963380673818916
2025-08-29,60,MODERATE,50.0,-0.205521375027367
2025-09-02,60,MODERATE,49.0,-0.24150545647615518
2025-09-03,60,MODERATE,55.0,-0.21047169913922392
2025-09-04,60,MODERATE,51.0,-0.19706509810737982
2025-09-05,60,MODERATE,48.0,-0.2483014502102856
2025-09-08,60,MODERATE,51.0,-0.2044359266642184
2025-09-09,60,MODERATE,48.0,-0.1760397479596869
2025-09-10,60,MODERATE,49.0,-0.21247999171743936
2025-09-11,60,MODERATE,54.0,-0.25635206551768697
2025-09-12,60,MODERATE,57.0,-0.24756762369376517
2025-09-15,60,MODERATE,53.0,-0.21951409287987422
2025-09-16,60,MODERATE,52.0,-0.23881654046719136
2025-09-17,60,MODERATE,53.0,-0.2302897295715911
2025-09-18,60,MODERATE,52.0,-0.26053615779886075
2025-09-19,60,MODERATE,53.0,-0.2916877414120522
2025-09-22,60,MODERATE,45.0,-0.24959740762338223
2025-09-23,60,MODERATE,43.0,-0.2626108240489926
2025-09-24,60,MODERATE,44.0,-0.282214078243884
2025-09-25,60,MODERATE,44.0,-0.2132890436318604
2025-09-26,60,MODERATE,28.0,-0.21497657083223043
2025-09-29,60,MODERATE,50.0,-0.2690489723032967
2025-09-30,60,MODERATE,50.0,-0.2637727803149943
2025-10-01,60,MODERATE,49.0,-0.3068021226570927
2025-10-02,60,MODERATE,64.0,-0.32565815427348177
2025-10-03,60,MODERATE,63.0,-0.3239905636811171
2025-10-06,60,MODERATE,71.0,-0.3545923438755687
2025-10-07,60,MODERATE,70.0,-0.3003190563196254
2025-10-08,60,MODERATE,60.0,-0.273020717668893
2025-10-09,60,MODERATE,70.0,-0.26119692501334235
2025-10-10,60,MODERATE,64.0,-0.21504407041650353
2025-10-13,60,MODERATE,38.0,-0.23612901658604057
2025-10-14,60,MODERATE,38.0,-0.2229427832899531
2025-10-15,60,MODERATE,34.0,-0.19459675979477886
2025-10-16,60,MODERATE,28.0,-0.12659398998012117
2025-10-17,60,MODERATE,22.0,-0.09386035235289336
2025-10-20,60,MODERATE,29.0,-0.1461578921799629
2025-10-21,60,MODERATE,34.0,-0.12714794055835643
2025-10-22,60,MODERATE,25.0,-0.19837998482007224
2025-10-23,60,MODERATE,27.0,-0.20825110148470127
2025-10-24,60,MODERATE,30.0,-0.21601673800086063
2025-10-27,60,MODERATE,51.0,-0.24296271845197825
2025-10-28,60,MODERATE,50.0,-0.24663190979920602
2025-10-29,60,MODERATE,51.0,-0.21119482776885867
2025-10-30,60,MODERATE,34.0,-0.1942483243136972
2025-10-31,60,MODERATE,29.0,-0.25895723501406565
2025-11-03,60,MODERATE,42.0,-0.23624386594841873
2025-11-04,60,MODERATE,21.0,-0.25544986167218653
2025-11-05,60,MODERATE,23.0,-0.31745039236891204
2025-11-06,60,MODERATE,27.0,-0.32736982581882
2025-11-07,60,MODERATE,24.0,-0.4999431598180015
2025-11-10,60,MODERATE,29.0,-0.4070088752064671
2025-11-11,60,MODERATE,26.0,-0.384485211079598
2025-11-12,60,MODERATE,24.0,-0.39054930202681826
2025-11-13,60,EXTREME_FEAR,15.0,-0.39756778026260764
2025-11-14,60,EXTREME_FEAR,16.0,-0.3545072774008513
2025-11-17,60,EXTREME_FEAR,14.0,-0.29076429336417675
2025-11-18,60,EXTREME_FEAR,11.0,-0.32000766475054876
2025-11-19,60,EXTREME_FEAR,15.0,-0.3198889193109544
2025-11-20,60,EXTREME_FEAR,11.0,-0.25760965018463833
2025-11-21,60,EXTREME_FEAR,14.0,-0.22413016405571673
2025-11-24,60,EXTREME_FEAR,19.0,-0.31193318775816525
2025-11-25,60,EXTREME_FEAR,20.0,-0.3096972212401554
2025-11-26,60,EXTREME_FEAR,15.0,-0.28663164634261884
2025-11-28,60,MODERATE,25.0,-0.29852939648909516
2025-12-01,60,MODERATE,24.0,-0.27021733263469816
2025-12-02,60,MODERATE,23.0,-0.2838478178170032
2025-12-03,60,MODERATE,28.0,-0.3144420012300895
2025-12-04,60,MODERATE,26.0,-0.23683991782053448
2025-12-05,60,MODERATE,28.0,-0.23254404193554734
2025-12-08,60,EXTREME_FEAR,20.0,-0.2853849263086725
2025-12-09,60,MODERATE,22.0,-0.30387138996203333
2025-12-10,60,MODERATE,26.0,-0.2745654940617146
2025-12-11,60,MODERATE,29.0,-0.27591332333883845
2025-12-12,60,MODERATE,29.0,-0.24728981337633238
2025-12-15,60,EXTREME_FEAR,16.0,-0.19698378516241766
2025-12-16,60,EXTREME_FEAR,11.0,-0.15992812757683472
2025-12-17,60,EXTREME_FEAR,16.0,-0.15300057309925963
2025-12-18,60,EXTREME_FEAR,17.0,-0.181945018834909
2025-12-19,60,EXTREME_FEAR,16.0,-0.23126233485094438
2025-12-22,60,MODERATE,25.0,-0.2269567014336844
2025-12-23,60,MODERATE,24.0,-0.20917545916313607
2025-12-24,60,MODERATE,24.0,-0.2170515267988944
2025-12-26,60,EXTREME_FEAR,20.0,-0.2023319127437775
2025-12-29,60,MODERATE,24.0,-0.23641267479339945
2025-12-30,60,MODERATE,23.0,-0.28744424228739773
2025-12-31,60,MODERATE,21.0,-0.27166299261972826
2026-01-02,60,MODERATE,28.0,-0.2762620862478937
2026-01-05,60,MODERATE,26.0,-0.3213823284580335
2026-01-06,60,MODERATE,44.0,-0.3373798679754094
2026-01-07,60,MODERATE,42.0,-0.28216604401571077
2026-01-08,60,MODERATE,28.0,-0.23531532703430535
2026-01-09,60,MODERATE,27.0,-0.2410787834777004
2026-01-12,60,MODERATE,27.0,-0.23954175469406236
2026-01-13,60,MODERATE,26.0,-0.26708596827201214
2026-01-14,60,MODERATE,48.0,-0.2633891989089765
2026-01-15,60,MODERATE,61.0,-0.2531458312932173
2026-01-16,60,MODERATE,49.0,-0.24450344805759805
2026-01-20,60,MODERATE,32.0,-0.16134911703799304
2026-01-21,60,MODERATE,24.0,-0.14741114821973866
2026-01-22,60,EXTREME_FEAR,20.0,-0.1647644102880097
2026-01-23,60,MODERATE,24.0,-0.1589175641169871
2026-01-26,60,EXTREME_FEAR,20.0,-0.12105859630960403
2026-01-27,60,MODERATE,29.0,-0.12963716901186517
2026-01-28,60,MODERATE,29.0,-0.14100688891310842
2026-01-29,60,MODERATE,26.0,-0.08892461050877687
2026-01-30,60,EXTREME_FEAR,16.0,-0.09701041756996398
2026-02-02,60,EXTREME_FEAR,14.0,-0.037717023350329004
2026-02-03,60,EXTREME_FEAR,17.0,0.00882963289978278
2026-02-04,60,EXTREME_FEAR,14.0,0.06827175873557723
2026-02-05,60,EXTREME_FEAR,12.0,0.24147824318325029
2026-02-06,60,EXTREME_FEAR,9.0,0.1371501055562958
2026-02-09,60,EXTREME_FEAR,14.0,0.14949423596354272
2026-02-10,60,EXTREME_FEAR,9.0,0.1510355652025379
2026-02-11,60,EXTREME_FEAR,11.0,0.17978574130793246
2026-02-12,60,EXTREME_FEAR,5.0,0.21038991835125898
2026-02-13,60,EXTREME_FEAR,9.0,0.15593340128843547
2026-02-17,60,EXTREME_FEAR,10.0,0.16090758088026647
2026-02-18,60,EXTREME_FEAR,8.0,0.19900335683930304
2026-02-19,60,EXTREME_FEAR,9.0,0.166220455707631
2026-02-20,60,EXTREME_FEAR,7.0,0.12362263876144919
2026-02-23,60,EXTREME_FEAR,5.0,0.17209171046802618
2026-02-24,60,EXTREME_FEAR,8.0,0.1895999556903858
2026-02-25,60,EXTREME_FEAR,11.0,0.13186211609483767
2026-02-26,60,EXTREME_FEAR,11.0,0.11253438620461598
2026-02-27,60,EXTREME_FEAR,13.0,0.1405755587508506
2026-03-02,60,EXTREME_FEAR,10.0,0.0778597393387428
2026-03-03,60,EXTREME_FEAR,14.0,0.07396585807811018
2026-03-04,60,EXTREME_FEAR,10.0,0.009062647711677752
2026-03-05,60,MODERATE,22.0,0.006733922639497791
2026-03-06,60,EXTREME_FEAR,18.0,-0.02125316365590635
2026-03-09,60,EXTREME_FEAR,8.0,-0.0663001149909348
2026-03-10,60,EXTREME_FEAR,13.0,-0.09167285919405477
2026-03-11,60,EXTREME_FEAR,15.0,-0.14181254265029164
2026-03-12,60,EXTREME_FEAR,18.0,-0.11094832527469656
2026-03-13,60,EXTREME_FEAR,15.0,-0.14086046143021225
2026-03-16,60,MODERATE,23.0,-0.1974219420362795
2026-03-17,60,MODERATE,28.0,-0.15101599494893536
2026-03-18,60,MODERATE,26.0,-0.11441277856419241
2026-03-19,60,MODERATE,23.0,-0.053217081162659996
2026-03-20,60,EXTREME_FEAR,11.0,-0.07234756489182392
2026-03-23,60,EXTREME_FEAR,8.0,-0.09607998374028304
2026-03-24,60,EXTREME_FEAR,11.0,-0.11437591866813057
2026-03-25,60,EXTREME_FEAR,14.0,-0.10890047553217985
2026-03-26,60,EXTREME_FEAR,10.0,-0.09323074568503609
2026-03-27,60,EXTREME_FEAR,13.0,-0.08397446716236612
2026-03-30,60,EXTREME_FEAR,8.0,-0.11038165559720547
2026-03-31,60,EXTREME_FEAR,11.0,-0.12831454581119983
2026-04-01,60,EXTREME_FEAR,8.0,-0.12401403255650911
2026-04-02,60,EXTREME_FEAR,12.0,-0.13299571361389528
2026-04-06,60,EXTREME_FEAR,13.0,-0.1376657714316285
2026-04-07,60,EXTREME_FEAR,11.0,-0.15704407743188797
2026-04-08,60,EXTREME_FEAR,17.0,-0.10561062592919579
2026-04-09,60,EXTREME_FEAR,14.0,-0.12559213172528683
2026-04-10,60,EXTREME_FEAR,16.0,-0.1588921686981637
2026-04-13,60,EXTREME_FEAR,12.0,-0.16439705354609213
2026-04-14,60,MODERATE,21.0,-0.14564858236393907
2026-04-15,60,MODERATE,23.0,-0.18390201352165647
2026-04-16,60,MODERATE,23.0,-0.1458026349644661
2026-04-17,60,MODERATE,21.0,-0.17549934250765942
2026-04-20,60,MODERATE,29.0,-0.17346943806366721
2026-04-21,60,MODERATE,33.0,-0.1780534310009183
2026-04-22,60,MODERATE,32.0,-0.18138940369159684
2026-04-23,60,MODERATE,46.0,-0.16287200019020243
2026-04-24,60,MODERATE,39.0,-0.15852035476837045
2026-04-27,60,MODERATE,47.0,-0.17347903062152814
2026-04-28,60,MODERATE,33.0,-0.17491592978501846
2026-04-29,60,MODERATE,26.0,-0.17320801602004354
2026-04-30,60,MODERATE,29.0,-0.17785844742232104
2026-05-01,60,MODERATE,26.0,-0.20155389183610706
2026-05-04,60,MODERATE,40.0,-0.20972085231137583
2026-05-05,60,MODERATE,50.0,-0.2533742531465357
2026-05-06,60,MODERATE,46.0,-0.24928949397387057
2026-05-07,60,MODERATE,47.0,-0.22239456022948478
2026-05-08,60,MODERATE,38.0,-0.21618277376170214
2026-05-11,60,MODERATE,48.0,-0.24043005331407263
2026-05-12,60,MODERATE,49.0,-0.21543518521303762
2026-05-13,60,MODERATE,42.0,-0.21546451515625753
2026-05-14,60,MODERATE,34.0,-0.24322516911389314
2026-05-15,60,MODERATE,43.0,-0.22077665003847824
2026-05-18,60,MODERATE,28.0,-0.19371195665499386
2026-05-19,60,MODERATE,25.0,-0.19781794367637584
2026-05-20,60,MODERATE,27.0,-0.1829707501105471
2026-05-21,60,MODERATE,29.0,-0.1813202259530713
2026-05-22,60,MODERATE,28.0,-0.08602003924774815
2026-05-26,60,MODERATE,34.0,-0.03752966100446109
2026-05-27,60,MODERATE,25.0,0.05228446747481108
2026-05-28,60,MODERATE,22.0,0.07121556123703687
2026-05-29,60,MODERATE,23.0,0.06837648387301565
2026-06-01,60,MODERATE,29.0,0.1026212882929376
2026-06-02,60,MODERATE,23.0,0.18498093454060127
2026-06-03,60,EXTREME_FEAR,11.0,0.19542312951770024
2026-06-04,60,EXTREME_FEAR,12.0,0.2079400949136525
2026-06-05,60,EXTREME_FEAR,12.0,0.2394282924280926
2026-06-08,60,EXTREME_FEAR,8.0,0.20312849309570646
2026-06-09,60,EXTREME_FEAR,10.0,0.27642602890104184
2026-06-10,60,EXTREME_FEAR,9.0,0.2597055478163255
2026-06-11,60,EXTREME_FEAR,12.0,0.21031493914771637
2026-06-12,60,EXTREME_FEAR,12.0,0.20831055003117216
2026-06-15,60,EXTREME_FEAR,20.0,0.14414935381898286
2026-06-16,60,MODERATE,23.0,0.16247451917018352
2026-06-17,60,MODERATE,22.0,0.19340127741173996
2026-06-18,60,EXTREME_FEAR,15.0,0.18413163321893866
2026-06-22,60,EXTREME_FEAR,20.0,0.17457483451478661
2026-06-23,60,MODERATE,23.0,0.1981808233025517
