date,Open,High,Low,Close,Volume
2018-02-01,7377.169921875,7441.08984375,7362.27978515625,7385.85986328125,2311180000
2018-02-02,7347.58984375,7364.43017578125,7238.18017578125,7240.9501953125,2607160000
2018-02-05,7165.9599609375,7277.35986328125,6967.52978515625,6967.52978515625,3143210000
2018-02-06,6837.56005859375,7126.5498046875,6824.81982421875,7115.8798828125,3148270000
2018-02-07,7086.2001953125,7170.33984375,7051.52978515625,7051.97998046875,2380020000
2018-02-08,7067.2998046875,7073.990234375,6776.77001953125,6777.16015625,2730740000
2018-02-09,6863.33984375,6917.009765625,6630.669921875,6874.490234375,3165330000
2018-02-12,6936.68017578125,7023.6201171875,6879.68994140625,6981.9599609375,2250650000
2018-02-13,6942.16015625,7025.68017578125,6938.16015625,7013.509765625,1830320000
2018-02-14,6979.240234375,7152.0498046875,6977.06982421875,7143.6201171875,2217630000
2018-02-15,7200.75,7256.93017578125,7130.39013671875,7256.43017578125,2124060000
2018-02-16,7236.509765625,7303.259765625,7226.3798828125,7239.47021484375,2037710000
2018-02-20,7209.02978515625,7295.9501953125,7206.0,7234.31005859375,1921870000
2018-02-21,7258.47998046875,7338.64013671875,7218.10986328125,7218.22998046875,1956120000
2018-02-22,7252.4599609375,7280.93017578125,7194.83984375,7210.08984375,1927580000
2018-02-23,7261.35009765625,7337.830078125,7232.5,7337.39013671875,1887540000
2018-02-26,7373.2998046875,7421.85009765625,7360.25,7421.4599609375,1876560000
2018-02-27,7416.169921875,7438.08984375,7330.35009765625,7330.35009765625,2162250000
2018-02-28,7371.41015625,7386.7998046875,7273.009765625,7273.009765625,2384940000
2018-03-01,7274.75,7307.85009765625,7117.66015625,7180.56005859375,2499010000
2018-03-02,7099.5400390625,7267.18994140625,7084.830078125,7257.8701171875,2291480000
2018-03-05,7222.89013671875,7350.06982421875,7205.31005859375,7330.7099609375,2076870000
2018-03-06,7366.60986328125,7378.02978515625,7319.68017578125,7372.009765625,2132920000
2018-03-07,7311.740234375,7403.7900390625,7311.740234375,7396.64990234375,2198610000
2018-03-08,7422.77001953125,7435.009765625,7391.5,7427.9501953125,2277740000
2018-03-09,7475.97998046875,7560.81005859375,7469.02978515625,7560.81005859375,2310050000
2018-03-12,7581.0400390625,7609.10009765625,7563.43994140625,7588.31982421875,2314480000
2018-03-13,7627.52001953125,7637.27001953125,7492.97998046875,7511.009765625,2459220000
2018-03-14,7539.77978515625,7544.89013671875,7473.89990234375,7496.81005859375,2112950000
2018-03-15,7509.240234375,7525.43994140625,7463.18994140625,7481.740234375,2008290000
2018-03-16,7504.3701171875,7514.2099609375,7473.68017578125,7481.990234375,3089970000
2018-03-19,7419.2001953125,7421.22998046875,7285.27001953125,7344.240234375,2352810000
2018-03-20,7353.25,7380.740234375,7331.240234375,7364.2998046875,1976000000
2018-03-21,7347.5,7415.66015625,7325.35009765625,7345.2900390625,1999230000
2018-03-22,7257.5498046875,7303.18994140625,7164.3798828125,7166.68017578125,2370970000
2018-03-23,7170.68017578125,7194.31005859375,6992.669921875,6992.669921875,2455760000
2018-03-26,7125.2001953125,7225.830078125,7022.33984375,7220.5400390625,2341370000
2018-03-27,7255.47021484375,7255.5400390625,6963.68017578125,7008.81005859375,2347480000
2018-03-28,6978.2998046875,7036.08984375,6901.06982421875,6949.22998046875,2551950000
2018-03-29,6984.66015625,7120.4599609375,6935.77978515625,7063.4501953125,2593390000
2018-04-02,7016.169921875,7044.7099609375,6805.9599609375,6870.1201171875,2402670000
2018-04-03,6924.35009765625,6963.7099609375,6835.22998046875,6941.27978515625,2330900000
2018-04-04,6811.77001953125,7059.2900390625,6811.77001953125,7042.10986328125,2261580000
2018-04-05,7099.25,7112.3798828125,7036.6201171875,7076.5498046875,2153030000
2018-04-06,6999.56982421875,7066.64013671875,6877.759765625,6915.10986328125,2359780000
2018-04-09,6971.4501953125,7074.9501953125,6944.9599609375,6950.33984375,2089220000
2018-04-10,7060.990234375,7117.97998046875,7014.8798828125,7094.2998046875,2252020000
2018-04-11,7055.0,7128.5400390625,7055.0,7069.02978515625,1882090000
2018-04-12,7112.02001953125,7166.0,7105.08984375,7140.25,2027080000
2018-04-13,7179.6201171875,7183.6201171875,7078.14013671875,7106.64990234375,1768160000
2018-04-16,7153.8701171875,7178.509765625,7115.85009765625,7156.27978515625,1800450000
2018-04-17,7215.1201171875,7298.58984375,7206.5498046875,7281.10009765625,1935380000
2018-04-18,7292.3798828125,7319.580078125,7259.89990234375,7295.240234375,1908700000
2018-04-19,7258.60986328125,7277.4501953125,7215.169921875,7238.06005859375,1982090000
2018-04-20,7220.64013671875,7222.990234375,7123.490234375,7146.1298828125,1935160000
2018-04-23,7173.990234375,7195.72021484375,7094.43017578125,7128.60009765625,1744480000
2018-04-24,7160.77001953125,7171.669921875,6961.52001953125,7007.35009765625,2154270000
2018-04-25,7009.990234375,7030.740234375,6926.97021484375,7003.740234375,2055840000
2018-04-26,7080.490234375,7143.93994140625,7055.66015625,7118.68017578125,2141220000
2018-04-27,7195.52001953125,7197.14990234375,7083.9501953125,7119.7998046875,2050350000
2018-04-30,7133.9501953125,7169.7998046875,7065.41015625,7066.27001953125,1998570000
2018-05-01,7053.64990234375,7133.27001953125,7036.18017578125,7130.7001953125,1932660000
2018-05-02,7138.4501953125,7169.4599609375,7094.72021484375,7100.89990234375,2157860000
2018-05-03,7065.02978515625,7112.58984375,6991.14013671875,7088.14990234375,2355780000
2018-05-04,7065.669921875,7228.259765625,7057.89013671875,7209.6201171875,2040520000
2018-05-07,7241.81982421875,7291.740234375,7235.759765625,7265.2099609375,1950650000
2018-05-08,7255.33984375,7278.81005859375,7224.7001953125,7266.89990234375,2070970000
2018-05-09,7281.52978515625,7344.7998046875,7259.0498046875,7339.91015625,2250260000
2018-05-10,7355.89990234375,7414.14990234375,7353.6298828125,7404.97021484375,2250450000
2018-05-11,7393.97021484375,7417.669921875,7372.259765625,7402.8798828125,2085350000
2018-05-14,7429.4501953125,7458.419921875,7401.89013671875,7411.31982421875,2085850000
2018-05-15,7361.2998046875,7363.52001953125,7320.97021484375,7351.6298828125,2120380000
2018-05-16,7356.22021484375,7413.31982421875,7356.16015625,7398.2998046875,2103060000
2018-05-17,7379.580078125,7425.39013671875,7350.4599609375,7382.47021484375,1958970000
2018-05-18,7364.33984375,7381.16015625,7343.97021484375,7354.33984375,1982190000
2018-05-21,7406.33984375,7431.830078125,7368.2099609375,7394.0400390625,1997220000
2018-05-22,7420.85009765625,7432.52978515625,7370.330078125,7378.4599609375,1927420000
2018-05-23,7335.02978515625,7426.77978515625,7334.6201171875,7425.9599609375,1997090000
2018-05-24,7421.990234375,7435.3798828125,7357.5,7424.43017578125,2035460000
2018-05-25,7422.2001953125,7452.85009765625,7415.580078125,7433.85009765625,1771950000
2018-05-29,7398.509765625,7435.1298828125,7354.2900390625,7396.58984375,2095380000
2018-05-30,7428.41015625,7473.81005859375,7423.669921875,7462.4501953125,2058300000
2018-05-31,7455.580078125,7492.419921875,7431.41015625,7442.1201171875,2533360000
2018-06-01,7487.66015625,7557.3798828125,7487.22998046875,7554.330078125,2212330000
2018-06-04,7570.080078125,7607.169921875,7561.2001953125,7606.4599609375,2152170000
2018-06-05,7621.35986328125,7644.47998046875,7602.3798828125,7637.85986328125,2063270000
2018-06-06,7652.7998046875,7691.64990234375,7622.31005859375,7689.240234375,2198100000
2018-06-07,7697.41015625,7697.41015625,7597.66015625,7635.06982421875,2339720000
2018-06-08,7607.740234375,7653.580078125,7595.14013671875,7645.509765625,1949810000
2018-06-11,7647.240234375,7677.2900390625,7642.8701171875,7659.93017578125,1959360000
2018-06-12,7673.8701171875,7708.25,7669.52978515625,7703.7900390625,2019890000
2018-06-13,7713.89990234375,7748.9599609375,7686.64990234375,7695.7001953125,2197830000
2018-06-14,7723.52978515625,7768.60009765625,7723.52978515625,7761.0400390625,2193630000
2018-06-15,7725.02978515625,7755.72021484375,7704.33984375,7746.3798828125,3049870000
2018-06-18,7692.9599609375,7749.35986328125,7676.830078125,7747.02978515625,2102660000
2018-06-19,7658.47021484375,7727.41015625,7635.72998046875,7725.58984375,2283340000
2018-06-20,7764.14990234375,7806.60009765625,7755.47998046875,7781.509765625,2316420000
2018-06-21,7800.2998046875,7803.4501953125,7699.2001953125,7712.9501953125,2349640000
2018-06-22,7739.68994140625,7739.7099609375,7679.1201171875,7692.81982421875,3956300000
2018-06-25,7631.1201171875,7639.72998046875,7477.72998046875,7532.009765625,2423190000
2018-06-26,7553.740234375,7597.490234375,7527.0,7561.6298828125,2068870000
2018-06-27,7586.330078125,7610.669921875,7444.169921875,7445.080078125,2319650000
2018-06-28,7438.10986328125,7526.06982421875,7419.56005859375,7503.68017578125,2208870000
2018-06-29,7544.1298828125,7573.58984375,7502.9501953125,7510.2998046875,2208820000
2018-07-02,7451.89990234375,7568.10009765625,7443.10009765625,7567.68994140625,1777880000
2018-07-03,7593.6298828125,7594.330078125,7498.5,7502.669921875,1171420000
2018-07-05,7550.66015625,7589.18994140625,7511.43017578125,7586.43017578125,1754690000
2018-07-06,7595.93017578125,7695.81005859375,7588.64990234375,7688.39013671875,1718600000
2018-07-09,7731.740234375,7757.27978515625,7702.06005859375,7756.2001953125,1844440000
2018-07-10,7770.6298828125,7777.47998046875,7731.97998046875,7759.2001953125,1735230000
2018-07-11,7698.509765625,7748.16015625,7696.580078125,7716.60986328125,1768480000
2018-07-12,7752.7099609375,7825.669921875,7746.759765625,7823.919921875,1930830000
2018-07-13,7827.6201171875,7843.52001953125,7803.33984375,7825.97998046875,1727500000
2018-07-16,7831.740234375,7838.81982421875,7791.97998046875,7805.72021484375,1739360000
2018-07-17,7751.97021484375,7867.14990234375,7749.60986328125,7855.1201171875,1752210000
2018-07-18,7859.43017578125,7863.77001953125,7822.830078125,7854.43994140625,1881110000
2018-07-19,7829.7998046875,7849.85009765625,7811.14990234375,7825.2998046875,1886300000
2018-07-20,7843.080078125,7860.25,7815.85986328125,7820.2001953125,1796530000
2018-07-23,7806.93017578125,7846.759765625,7776.5498046875,7841.8701171875,1668270000
2018-07-24,7914.35009765625,7928.7900390625,7814.330078125,7840.77001953125,2021890000
2018-07-25,7839.08984375,7933.31005859375,7838.759765625,7932.240234375,1943820000
2018-07-26,7848.0400390625,7881.2998046875,7834.080078125,7852.18017578125,2289370000
2018-07-27,7889.75,7889.75,7698.9599609375,7737.419921875,2193410000
2018-07-30,7735.27001953125,7740.259765625,7604.240234375,7630.0,2154140000
2018-07-31,7654.58984375,7709.490234375,7614.83984375,7671.7900390625,2208610000
2018-08-01,7701.81982421875,7732.68017578125,7670.7099609375,7707.2900390625,2228950000
2018-08-02,7659.52001953125,7808.85009765625,7659.52001953125,7802.68994140625,2115490000
2018-08-03,7819.22998046875,7824.06005859375,7783.2998046875,7812.009765625,2035870000
2018-08-06,7809.5400390625,7859.68017578125,7801.8798828125,7859.68017578125,2245300000
2018-08-07,7878.6201171875,7898.2001953125,7868.64990234375,7883.66015625,2206400000
2018-08-08,7880.0,7901.68994140625,7864.4599609375,7888.330078125,2098100000
2018-08-09,7886.52001953125,7923.35009765625,7881.06005859375,7891.77978515625,2048170000
2018-08-10,7834.7099609375,7866.18994140625,7818.3701171875,7839.10986328125,2107530000
2018-08-13,7848.0,7888.66015625,7814.27001953125,7819.7099609375,1934100000
2018-08-14,7847.8798828125,7878.22998046875,7815.5,7870.89013671875,1938840000
2018-08-15,7810.02001953125,7832.66015625,7732.68994140625,7774.1201171875,2294100000
2018-08-16,7826.9501953125,7849.669921875,7795.740234375,7806.52001953125,1991410000
2018-08-17,7786.64013671875,7830.77978515625,7752.68017578125,7816.330078125,1850770000
2018-08-20,7834.3701171875,7837.14013671875,7787.89990234375,7821.009765625,1709500000
2018-08-21,7840.08984375,7897.68017578125,7836.7900390625,7859.169921875,1788860000
2018-08-22,7844.0400390625,7897.6298828125,7840.83984375,7889.10009765625,1669240000
2018-08-23,7886.47021484375,7926.31982421875,7866.52978515625,7878.4599609375,1888600000
2018-08-24,7907.81005859375,7949.7099609375,7907.10009765625,7945.97998046875,1892990000
2018-08-27,7989.64013671875,8024.93994140625,7976.60009765625,8017.89990234375,2333790000
2018-08-28,8039.009765625,8046.31005859375,8009.58984375,8030.0400390625,1980270000
2018-08-29,8044.33984375,8113.56005859375,8042.10009765625,8109.68994140625,1909880000
2018-08-30,8094.2001953125,8133.2998046875,8069.56982421875,8088.35986328125,2022720000
2018-08-31,8079.31005859375,8119.81982421875,8079.31005859375,8109.5400390625,1906900000
2018-09-04,8087.9501953125,8104.06982421875,8042.14013671875,8091.25,2238710000
2018-09-05,8073.52978515625,8077.83984375,7962.35009765625,7995.169921875,2602810000
2018-09-06,7998.27001953125,8001.97021484375,7885.490234375,7922.72998046875,2375380000
2018-09-07,7878.7900390625,7962.52978515625,7873.93017578125,7902.5400390625,2158930000
2018-09-10,7939.56982421875,7945.02978515625,7890.39013671875,7924.16015625,2055430000
2018-09-11,7894.8701171875,7986.31982421875,7880.919921875,7972.47021484375,2345080000
2018-09-12,7958.8701171875,7965.39013671875,7884.0498046875,7954.22998046875,2372320000
2018-09-13,7999.93017578125,8037.509765625,7989.85009765625,8013.7099609375,2332930000
2018-09-14,8026.16015625,8040.830078125,7979.77978515625,8010.0400390625,2069380000
2018-09-17,7992.2099609375,8002.77978515625,7890.06982421875,7895.7900390625,2303600000
2018-09-18,7903.56982421875,7986.10009765625,7901.009765625,7956.10986328125,2328260000
2018-09-19,7962.5498046875,7976.1201171875,7917.72998046875,7950.0400390625,2167720000
2018-09-20,7993.52978515625,8039.06005859375,7986.41015625,8028.22998046875,2306580000
2018-09-21,8041.68994140625,8057.259765625,7979.669921875,7986.9599609375,3729890000
2018-09-24,7939.3798828125,7997.89990234375,7912.47021484375,7993.25,2433260000
2018-09-25,8001.58984375,8014.1201171875,7979.2900390625,8007.47021484375,2328660000
2018-09-26,8011.68017578125,8067.02978515625,7982.759765625,7990.3701171875,2342370000
2018-09-27,8021.22021484375,8071.56005859375,8017.91015625,8041.97021484375,2073930000
2018-09-28,8024.5,8065.06005859375,8015.8701171875,8046.35009765625,2342120000
2018-10-01,8091.5,8107.3798828125,8019.77001953125,8037.2998046875,2299520000
2018-10-02,8024.47021484375,8054.14990234375,7983.990234375,7999.5498046875,2416800000
2018-10-03,8034.64990234375,8053.93017578125,8012.02978515625,8025.08984375,3095630000
2018-10-04,7993.330078125,7997.169921875,7833.16015625,7879.509765625,3302690000
2018-10-05,7874.759765625,7902.669921875,7715.97021484375,7788.4501953125,2699370000
2018-10-08,7747.10009765625,7797.31982421875,7654.83984375,7735.9501953125,2259300000
2018-10-09,7728.509765625,7799.75,7718.9501953125,7738.02001953125,2466440000
2018-10-10,7694.080078125,7701.2001953125,7420.56005859375,7422.0498046875,3111680000
2018-10-11,7388.06982421875,7493.2099609375,7274.0400390625,7329.06005859375,3154520000
2018-10-12,7507.83984375,7516.68994140625,7368.330078125,7496.89013671875,2674210000
2018-10-15,7473.330078125,7500.93017578125,7400.06982421875,7430.740234375,2167000000
2018-10-16,7501.77978515625,7658.14013671875,7493.43994140625,7645.490234375,2639760000
2018-10-17,7669.259765625,7670.490234375,7563.08984375,7642.7001953125,2385070000
2018-10-18,7616.47021484375,7616.85986328125,7452.4599609375,7485.14013671875,2567980000
2018-10-19,7530.16015625,7582.89013671875,7428.2998046875,7449.02978515625,2547790000
2018-10-22,7486.740234375,7520.5400390625,7424.740234375,7468.6298828125,2301010000
2018-10-23,7328.5498046875,7472.580078125,7260.1298828125,7437.5400390625,2752010000
2018-10-24,7423.2099609375,7435.68994140625,7099.0,7108.39990234375,2959560000
2018-10-25,7197.490234375,7364.81982421875,7178.5400390625,7318.33984375,2788090000
2018-10-26,7125.18017578125,7283.31982421875,7057.0,7167.2099609375,2971530000
2018-10-29,7272.419921875,7295.60986328125,6922.830078125,7050.2900390625,2711900000
2018-10-30,7017.8701171875,7166.83984375,7001.47998046875,7161.64990234375,2699220000
2018-10-31,7276.6201171875,7368.490234375,7270.6298828125,7305.89990234375,2918880000
2018-11-01,7327.81982421875,7435.8798828125,7286.5,7434.06005859375,2728760000
2018-11-02,7424.02001953125,7466.52978515625,7298.68017578125,7356.990234375,2899670000
2018-11-05,7344.080078125,7349.22998046875,7255.8798828125,7328.85009765625,2186310000
2018-11-06,7326.06982421875,7400.64013671875,7320.89013671875,7375.9599609375,2300920000
2018-11-07,7446.08984375,7572.93017578125,7435.8701171875,7570.75,2687410000
2018-11-08,7544.169921875,7566.93017578125,7499.7099609375,7530.8798828125,2475160000
2018-11-09,7468.509765625,7474.33984375,7349.47998046875,7406.89990234375,2426750000
2018-11-12,7364.0498046875,7371.08984375,7193.77001953125,7200.8701171875,2305340000
2018-11-13,7230.68994140625,7319.1201171875,7182.85986328125,7200.8701171875,2361240000
2018-11-14,7265.39013671875,7285.56982421875,7101.169921875,7136.39013671875,2566210000
2018-11-15,7112.830078125,7274.259765625,7072.35986328125,7259.02978515625,2523500000
2018-11-16,7193.60009765625,7274.85986328125,7171.7001953125,7247.8701171875,2466980000
2018-11-19,7217.240234375,7224.1201171875,7011.39990234375,7028.47998046875,2381430000
2018-11-20,6867.43017578125,6994.75,6830.759765625,6908.81982421875,2672250000
2018-11-21,6985.509765625,7029.93017578125,6951.6201171875,6972.25,1867840000
2018-11-23,6919.52001953125,6987.89013671875,6919.16015625,6938.97998046875,958950000
2018-11-26,7026.5,7083.93017578125,7003.1201171875,7081.85009765625,2036910000
2018-11-27,7041.22998046875,7105.14013671875,7014.35986328125,7082.7001953125,2076790000
2018-11-28,7135.080078125,7292.7099609375,7090.97998046875,7291.58984375,2413120000
2018-11-29,7267.3701171875,7319.9599609375,7217.68994140625,7273.080078125,2018190000
2018-11-30,7279.2998046875,7332.7900390625,7255.68017578125,7330.5400390625,2547970000
2018-12-03,7486.1298828125,7486.509765625,7392.22021484375,7441.509765625,2643150000
2018-12-04,7407.9501953125,7421.10986328125,7150.10986328125,7158.43017578125,2655720000
2018-12-06,7017.0498046875,7189.52001953125,6984.33984375,7188.259765625,2857650000
2018-12-07,7163.490234375,7205.3701171875,6945.27001953125,6969.25,2504680000
2018-12-10,6959.6298828125,7047.6201171875,6878.990234375,7020.52001953125,2380270000
2018-12-11,7121.66015625,7129.830078125,6983.009765625,7031.830078125,2286810000
2018-12-12,7127.0,7197.2900390625,7096.56005859375,7098.31005859375,2427080000
2018-12-13,7135.27978515625,7154.64013671875,7034.81982421875,7070.330078125,2162210000
2018-12-14,6986.3701171875,7027.169921875,6898.990234375,6910.66015625,2218330000
2018-12-17,6886.4599609375,6931.81005859375,6710.009765625,6753.72998046875,2697400000
2018-12-18,6809.81982421875,6847.27001953125,6733.7099609375,6783.91015625,2623270000
2018-12-19,6777.58984375,6868.85986328125,6586.5,6636.830078125,2919140000
2018-12-20,6607.759765625,6666.2001953125,6447.91015625,6528.41015625,3282440000
2018-12-21,6573.490234375,6586.68017578125,6304.6298828125,6332.990234375,4571670000
2018-12-24,6278.490234375,6355.18017578125,6190.169921875,6192.919921875,1647440000
2018-12-26,6257.85986328125,6555.52978515625,6214.33984375,6554.35986328125,2572890000
2018-12-27,6457.18994140625,6583.009765625,6336.97021484375,6579.490234375,2449110000
2018-12-28,6616.7900390625,6684.18017578125,6529.22021484375,6584.52001953125,2216250000
2018-12-31,6649.52001953125,6659.9599609375,6570.06005859375,6635.27978515625,2109320000
2019-01-02,6506.91015625,6693.7099609375,6506.8798828125,6665.93994140625,2261800000
2019-01-03,6584.77001953125,6600.2099609375,6457.1298828125,6463.5,2631550000
2019-01-04,6567.14013671875,6760.68994140625,6554.240234375,6738.85986328125,2596150000
2019-01-07,6757.52978515625,6855.60009765625,6741.39990234375,6823.47021484375,2523450000
2019-01-08,6893.43994140625,6909.580078125,6795.85986328125,6897.0,2407340000
2019-01-09,6923.06005859375,6985.22021484375,6899.56005859375,6957.080078125,2434500000
2019-01-10,6908.64990234375,6991.3701171875,6877.080078125,6986.06982421875,2190110000
2019-01-11,6947.4599609375,6975.64990234375,6933.60009765625,6971.47998046875,2074310000
2019-01-14,6908.02978515625,6936.22021484375,6887.47998046875,6905.919921875,1960780000
2019-01-15,6931.39013671875,7025.85009765625,6928.1201171875,7023.830078125,2066090000
2019-01-16,7033.75,7079.6298828125,7028.1201171875,7034.68994140625,2163730000
2019-01-17,7010.1298828125,7113.9501953125,7003.6201171875,7084.4599609375,2149280000
2019-01-18,7134.10009765625,7185.3798828125,7096.6201171875,7157.22998046875,2459920000
2019-01-22,7109.56982421875,7110.16015625,6979.81005859375,7020.35986328125,2397660000
2019-01-23,7061.64990234375,7084.85009765625,6953.22998046875,7025.77001953125,2288090000
2019-01-24,7042.25,7078.9599609375,7029.9501953125,7073.4599609375,2419110000
2019-01-25,7128.18017578125,7174.56005859375,7111.08984375,7164.85986328125,2446550000
2019-01-28,7075.009765625,7086.2998046875,7034.25,7085.68017578125,2448790000
2019-01-29,7087.490234375,7092.2900390625,7011.47021484375,7028.2900390625,2106370000
2019-01-30,7094.7900390625,7201.31005859375,7065.56982421875,7183.080078125,2569410000
2019-01-31,7208.169921875,7303.1201171875,7205.9501953125,7281.740234375,2947490000
2019-02-01,7256.3701171875,7299.93994140625,7243.41015625,7263.8701171875,2398800000
2019-02-04,7266.27978515625,7348.22998046875,7261.06982421875,7347.5400390625,2106030000
2019-02-05,7356.33984375,7408.68017578125,7355.35986328125,7402.080078125,2284960000
2019-02-06,7400.43994140625,7410.77001953125,7346.72021484375,7375.27978515625,2179400000
2019-02-07,7316.5,7336.740234375,7235.0498046875,7288.35009765625,2310700000
2019-02-08,7232.2998046875,7299.43994140625,7225.14013671875,7298.2001953125,2102520000
2019-02-11,7327.3701171875,7343.56005859375,7290.02978515625,7307.89990234375,1908490000
2019-02-12,7358.85009765625,7419.43017578125,7349.7998046875,7414.6201171875,2140130000
2019-02-13,7437.4599609375,7461.66015625,7413.83984375,7420.3798828125,2103840000
2019-02-14,7390.25,7454.419921875,7375.7099609375,7426.9501953125,2117500000
2019-02-15,7468.56982421875,7477.27978515625,7440.259765625,7472.41015625,2263640000
2019-02-19,7450.75,7507.7900390625,7450.27001953125,7486.77001953125,2124140000
2019-02-20,7490.31005859375,7513.7001953125,7455.25,7489.06982421875,2202670000
2019-02-21,7475.41015625,7485.75,7430.89013671875,7459.7099609375,2144680000
2019-02-22,7481.6298828125,7527.5400390625,7479.009765625,7527.5400390625,2428560000
2019-02-25,7585.2998046875,7602.68994140625,7551.60986328125,7554.4599609375,2399410000
2019-02-26,7535.2900390625,7573.22021484375,7524.31005859375,7549.2998046875,2305760000
2019-02-27,7526.419921875,7562.2900390625,7485.39013671875,7554.509765625,2430790000
2019-02-28,7533.31005859375,7561.89990234375,7516.47998046875,7532.52978515625,2676790000
2019-03-01,7587.4501953125,7603.0400390625,7540.75,7595.35009765625,2490920000
2019-03-04,7636.6201171875,7643.66015625,7501.56005859375,7577.56982421875,2582090000
2019-03-05,7582.2900390625,7598.66015625,7543.5400390625,7576.35986328125,2166670000
2019-03-06,7575.3798828125,7579.02001953125,7499.8701171875,7505.919921875,2256550000
2019-03-07,7483.7900390625,7489.080078125,7397.18994140625,7421.4599609375,2462690000
2019-03-08,7334.35009765625,7411.52001953125,7332.919921875,7408.14013671875,2260950000
2019-03-11,7442.56005859375,7558.22998046875,7442.39990234375,7558.06005859375,2248460000
2019-03-12,7571.85009765625,7611.1298828125,7560.4599609375,7591.02978515625,2171620000
2019-03-13,7621.3798828125,7677.06982421875,7619.4599609375,7643.41015625,2379260000
2019-03-14,7644.7900390625,7653.10009765625,7627.02001953125,7630.91015625,2198900000
2019-03-15,7658.41015625,7714.9599609375,7652.0400390625,7688.52978515625,3451860000
2019-03-18,7696.3798828125,7737.669921875,7677.740234375,7714.47998046875,2302140000
2019-03-19,7747.39990234375,7767.89013671875,7699.14990234375,7723.9501953125,2457920000
2019-03-20,7721.9501953125,7779.240234375,7674.0400390625,7728.97021484375,2464230000
2019-03-21,7705.43017578125,7850.10986328125,7705.43017578125,7838.9599609375,2502810000
2019-03-22,7800.25,7817.830078125,7642.56982421875,7642.669921875,2504740000
2019-03-25,7618.97998046875,7662.3798828125,7579.2900390625,7637.5400390625,2162490000
2019-03-26,7700.0,7738.169921875,7649.2099609375,7691.52001953125,2080350000
2019-03-27,7702.0498046875,7712.83984375,7582.08984375,7643.3798828125,2244070000
2019-03-28,7660.06982421875,7689.16015625,7619.81982421875,7669.169921875,1922150000
2019-03-29,7726.7099609375,7733.6201171875,7688.509765625,7729.31982421875,2311790000
2019-04-01,7800.240234375,7831.4501953125,7777.08984375,7828.91015625,2230050000
2019-04-02,7824.60986328125,7854.919921875,7811.27978515625,7848.68994140625,2123250000
2019-04-03,7891.18017578125,7938.259765625,7870.89990234375,7895.5498046875,2509630000
2019-04-04,7894.259765625,7917.64990234375,7844.9599609375,7891.77978515625,2152640000
2019-04-05,7914.509765625,7940.4501953125,7909.14013671875,7938.68994140625,2157050000
2019-04-08,7924.89013671875,7955.89990234375,7891.85009765625,7953.8798828125,2075550000
2019-04-09,7924.77001953125,7945.5498046875,7897.60986328125,7909.27978515625,2078800000
2019-04-10,7922.72998046875,7965.330078125,7916.89990234375,7964.240234375,2012290000
2019-04-11,7975.2001953125,7975.2001953125,7933.41015625,7947.35986328125,1969480000
2019-04-12,7984.14990234375,7992.08984375,7952.60986328125,7984.16015625,1968900000
2019-04-15,7987.16015625,7993.330078125,7933.56982421875,7976.009765625,1827710000
2019-04-16,8000.56982421875,8017.56005859375,7978.81005859375,8000.22998046875,2102740000
2019-04-17,8044.97021484375,8052.39990234375,7973.3798828125,7996.080078125,2317330000
2019-04-18,7998.4501953125,8002.31005859375,7950.97021484375,7998.06005859375,2124630000
2019-04-22,7969.3701171875,8017.14990234375,7965.89990234375,8015.27001953125,1790990000
2019-04-23,8026.75,8128.8701171875,8023.81005859375,8120.81982421875,2099410000
2019-04-24,8122.8798828125,8139.5498046875,8101.7001953125,8102.009765625,2043310000
2019-04-25,8150.85009765625,8151.83984375,8075.41015625,8118.68017578125,2073370000
2019-04-26,8100.27978515625,8146.419921875,8060.89013671875,8146.39990234375,1982560000
2019-04-29,8147.64990234375,8176.080078125,8136.41015625,8161.85009765625,1781860000
2019-04-30,8104.91015625,8124.60986328125,8050.5498046875,8095.39013671875,2131850000
2019-05-01,8132.93017578125,8146.0,8048.22998046875,8049.64013671875,2273540000
2019-05-02,8046.47998046875,8094.06005859375,7976.77001953125,8036.77001953125,2211530000
2019-05-03,8092.8798828125,8164.7099609375,8084.7998046875,8164.0,2081080000
2019-05-06,7981.85009765625,8135.5400390625,7981.85009765625,8123.2900390625,1979650000
2019-05-07,8043.52001953125,8070.97021484375,7899.02001953125,7963.759765625,2397600000
2019-05-08,7946.240234375,8004.490234375,7923.35009765625,7943.31982421875,2214680000
2019-05-09,7853.2099609375,7929.77978515625,7796.16015625,7910.58984375,2549500000
2019-05-10,7881.31005859375,7949.33984375,7759.33984375,7916.93994140625,2421470000
2019-05-13,7720.06982421875,7760.830078125,7627.22021484375,7647.02001953125,2484820000
2019-05-14,7689.66015625,7776.2001953125,7665.2998046875,7734.490234375,2103140000
2019-05-15,7682.7998046875,7838.72021484375,7682.240234375,7822.14990234375,2014080000
2019-05-16,7832.580078125,7946.22998046875,7826.669921875,7898.0498046875,2168720000
2019-05-17,7829.02978515625,7918.7099609375,7810.35009765625,7816.27978515625,2176380000
2019-05-20,7714.06005859375,7747.27001953125,7678.35009765625,7702.3798828125,2130700000
2019-05-21,7765.56982421875,7804.43994140625,7752.919921875,7785.72021484375,2000130000
2019-05-22,7749.7998046875,7786.330078125,7738.35009765625,7750.83984375,1884660000
2019-05-23,7660.72021484375,7665.14990234375,7585.31982421875,7628.27978515625,2270530000
2019-05-24,7675.56982421875,7694.14990234375,7631.25,7637.009765625,1685230000
2019-05-28,7655.66015625,7693.740234375,7603.759765625,7607.35009765625,2378470000
2019-05-29,7553.02001953125,7581.10986328125,7503.93994140625,7547.31005859375,2282120000
2019-05-30,7565.4599609375,7595.89990234375,7527.66015625,7567.72021484375,1875180000
2019-05-31,7470.9501953125,7506.85986328125,7448.22998046875,7453.14990234375,2239420000
2019-06-03,7441.2099609375,7457.66015625,7292.22021484375,7333.02001953125,2580670000
2019-06-04,7413.93994140625,7529.5,7385.02001953125,7527.1201171875,2374130000
2019-06-05,7585.68017578125,7589.47021484375,7498.169921875,7575.47998046875,2139290000
2019-06-06,7582.240234375,7634.1201171875,7546.22021484375,7615.5498046875,2093470000
2019-06-07,7652.97021484375,7767.02001953125,7647.91015625,7742.10009765625,2074120000
2019-06-10,7798.8701171875,7895.43994140625,7795.759765625,7823.169921875,2042340000
2019-06-11,7901.0400390625,7909.990234375,7798.6298828125,7822.56982421875,2121150000
2019-06-12,7803.1298828125,7819.16015625,7773.97021484375,7792.72021484375,1978930000
2019-06-13,7822.56005859375,7848.35986328125,7813.60009765625,7837.1298828125,1848360000
2019-06-14,7807.18994140625,7819.2099609375,7778.1201171875,7796.66015625,1808370000
2019-06-17,7819.43017578125,7865.97998046875,7812.60986328125,7845.02001953125,1950550000
2019-06-18,7920.97998046875,8005.2099609375,7911.669921875,7953.8798828125,2250550000
2019-06-19,7970.259765625,7998.58984375,7930.3798828125,7987.31982421875,2027520000
2019-06-20,8087.4501953125,8088.8798828125,7996.8701171875,8051.33984375,2108250000
2019-06-21,8028.68994140625,8073.02001953125,8011.2001953125,8031.7099609375,2909540000
2019-06-24,8040.580078125,8047.56005859375,8004.6298828125,8005.7001953125,2073470000
2019-06-25,8005.27001953125,8007.31005859375,7879.14990234375,7884.72021484375,2132550000
2019-06-26,7933.919921875,7974.27978515625,7903.06982421875,7909.97021484375,2122730000
2019-06-27,7939.35986328125,7976.580078125,7935.47021484375,7967.759765625,2083920000
2019-06-28,7988.759765625,8010.14990234375,7961.4599609375,8006.240234375,4101490000
2019-07-01,8145.85009765625,8150.4501953125,8059.2900390625,8091.16015625,2219030000
2019-07-02,8086.64990234375,8109.3701171875,8063.10986328125,8109.08984375,1956590000
2019-07-03,8129.56982421875,8170.22998046875,8122.33984375,8170.22998046875,1548240000
2019-07-05,8123.27978515625,8171.97021484375,8093.66015625,8161.7900390625,1690700000
2019-07-08,8112.91015625,8161.7900390625,8078.39013671875,8098.3798828125,1957160000
2019-07-09,8061.41015625,8146.97998046875,8061.31982421875,8141.72998046875,1871430000
2019-07-10,8183.18994140625,8228.599609375,8160.56005859375,8202.5302734375,2066640000
2019-07-11,8219.2802734375,8226.1796875,8171.6298828125,8196.0400390625,1970690000
2019-07-12,8209.2001953125,8245.66015625,8201.51953125,8244.1396484375,1835960000
2019-07-15,8263.1796875,8264.7802734375,8236.26953125,8258.1904296875,1790770000
2019-07-16,8251.66015625,8259.75,8204.23046875,8222.7998046875,1947010000
2019-07-17,8224.0,8230.669921875,8184.66015625,8185.2099609375,1887120000
2019-07-18,8151.759765625,8215.580078125,8135.1201171875,8207.240234375,2063790000
2019-07-19,8241.33984375,8245.7802734375,8144.6298828125,8146.490234375,1893050000
2019-07-22,8171.990234375,8218.419921875,8171.5400390625,8204.1396484375,1860440000
2019-07-23,8242.5,8251.830078125,8193.8896484375,8251.400390625,1845050000
2019-07-24,8227.3603515625,8321.8095703125,8226.5,8321.5,1953670000
2019-07-25,8294.6796875,8295.9501953125,8233.400390625,8238.5400390625,2058090000
2019-07-26,8294.2998046875,8339.6396484375,8291.1201171875,8330.2099609375,1975110000
2019-07-29,8325.099609375,8325.2802734375,8247.3701171875,8293.330078125,1882980000
2019-07-30,8231.76953125,8295.4599609375,8228.01953125,8273.6103515625,1893610000
2019-07-31,8290.7998046875,8299.830078125,8110.02001953125,8175.419921875,2679230000
2019-08-01,8190.56005859375,8311.0400390625,8080.52001953125,8111.1201171875,2815420000
2019-08-02,8056.419921875,8068.7998046875,7953.669921875,8004.06982421875,2262550000
2019-08-05,7823.330078125,7836.4501953125,7662.89990234375,7726.0400390625,2661780000
2019-08-06,7804.509765625,7845.009765625,7739.56982421875,7833.27001953125,2217620000
2019-08-07,7747.27001953125,7881.3798828125,7702.419921875,7862.830078125,2470170000
2019-08-08,7921.58984375,8041.1201171875,7896.14990234375,8039.16015625,2442950000
2019-08-09,7997.18994140625,8020.56005859375,7910.35009765625,7959.14013671875,2221180000
2019-08-12,7907.490234375,7924.990234375,7833.7900390625,7863.41015625,2068920000
2019-08-13,7852.3701171875,8065.240234375,7851.580078125,8016.35986328125,2353570000
2019-08-14,7877.330078125,7900.27978515625,7762.8701171875,7773.93994140625,2543670000
2019-08-15,7790.2001953125,7805.93017578125,7716.5498046875,7766.6201171875,2190810000
2019-08-16,7828.35009765625,7907.52001953125,7828.35009765625,7895.990234375,2018710000
2019-08-19,8006.18017578125,8026.75,7895.990234375,8002.81005859375,1946440000
2019-08-20,7989.35986328125,8010.580078125,7948.08984375,7948.56005859375,1750730000
2019-08-21,8017.06982421875,8036.93994140625,7998.5,8020.2099609375,1721410000
2019-08-22,8038.7900390625,8048.580078125,7937.1201171875,7991.39013671875,1780760000
2019-08-23,7943.64990234375,8005.33984375,7730.77001953125,7751.77001953125,2214370000
2019-08-26,7829.580078125,7856.0400390625,7789.0498046875,7853.740234375,1691990000
2019-08-27,7908.77978515625,7916.830078125,7795.18017578125,7826.9501953125,1914930000
2019-08-28,7798.35009765625,7866.8701171875,7766.669921875,7856.8798828125,1663450000
2019-08-29,7945.77978515625,7992.2900390625,7925.830078125,7973.39013671875,1703760000
2019-08-30,8015.16015625,8017.91015625,7914.740234375,7962.8798828125,1668110000
2019-09-03,7906.43994140625,7940.3701171875,7847.31982421875,7874.16015625,1938780000
2019-09-04,7949.81005859375,7981.41015625,7928.93994140625,7976.8798828125,1893740000
2019-09-05,8061.2900390625,8134.419921875,8061.2900390625,8116.830078125,2108700000
2019-09-06,8125.580078125,8134.39013671875,8098.52001953125,8103.06982421875,1878730000
2019-09-09,8130.91015625,8131.66015625,8052.33984375,8087.43994140625,2186660000
2019-09-10,8049.97998046875,8086.52978515625,8001.68017578125,8084.16015625,2366080000
2019-09-11,8091.68017578125,8169.68017578125,8081.56005859375,8169.68017578125,2322610000
2019-09-12,8206.580078125,8243.7998046875,8176.72998046875,8194.4697265625,2228100000
2019-09-13,8190.56982421875,8210.2001953125,8165.47021484375,8176.7099609375,1984570000
2019-09-16,8121.64013671875,8165.330078125,8121.25,8153.5400390625,1876540000
2019-09-17,8148.64990234375,8188.22998046875,8139.81982421875,8186.02001953125,1857350000
2019-09-18,8174.6201171875,8179.8701171875,8086.22021484375,8177.39013671875,2045590000
2019-09-19,8193.58984375,8237.4296875,8174.31982421875,8182.8798828125,1818430000
2019-09-20,8184.8798828125,8202.8203125,8086.16015625,8117.669921875,3363230000
2019-09-23,8106.490234375,8135.81005859375,8085.33984375,8112.4599609375,1781750000
2019-09-24,8147.22998046875,8158.830078125,7969.64990234375,7993.6298828125,2310940000
2019-09-25,7990.66015625,8095.0,7935.56982421875,8077.3798828125,2022080000
2019-09-26,8070.1201171875,8072.10986328125,7991.02001953125,8030.66015625,1886310000
2019-09-27,8047.10986328125,8051.830078125,7890.27978515625,7939.6298828125,2041250000
2019-09-30,7964.08984375,8012.16015625,7949.6298828125,7999.33984375,1809050000
2019-10-01,8026.830078125,8062.5,7906.2900390625,7908.68017578125,2250500000
2019-10-02,7851.1298828125,7852.7001953125,7744.9599609375,7785.25,2503630000
2019-10-03,7787.02001953125,7872.259765625,7700.0,7872.259765625,2157220000
2019-10-04,7908.43994140625,7986.6201171875,7899.39013671875,7982.47021484375,1748000000
2019-10-07,7956.41015625,8013.31005859375,7942.080078125,7956.2900390625,1759580000
2019-10-08,7898.27001953125,7921.8798828125,7823.72998046875,7823.77978515625,1943700000
2019-10-09,7895.9599609375,7930.919921875,7873.52001953125,7903.740234375,1563500000
2019-10-10,7904.56005859375,7982.83984375,7899.81005859375,7950.77978515625,1793470000
2019-10-11,8047.33984375,8115.7998046875,8046.7998046875,8057.0400390625,2184790000
2019-10-14,8044.35009765625,8069.85009765625,8036.41015625,8048.64990234375,1423700000
2019-10-15,8074.85009765625,8166.18017578125,8071.81005859375,8148.7099609375,1841660000
2019-10-16,8119.81005859375,8146.14990234375,8103.3798828125,8124.18017578125,1900010000
2019-10-17,8176.91015625,8183.64013671875,8131.25,8156.85009765625,1864020000
2019-10-18,8149.85009765625,8157.35986328125,8045.3701171875,8089.5400390625,2020020000
2019-10-21,8137.419921875,8164.14013671875,8117.259765625,8162.990234375,1756640000
2019-10-22,8188.1201171875,8194.6201171875,8101.97998046875,8104.2998046875,1850870000
2019-10-23,8090.240234375,8122.8798828125,8078.35009765625,8119.7900390625,1822180000
2019-10-24,8180.0400390625,8187.83984375,8137.66015625,8185.7998046875,1893620000
2019-10-25,8150.58984375,8249.9697265625,8150.58984375,8243.1201171875,1911580000
2019-10-28,8285.76953125,8335.5595703125,8285.26953125,8325.990234375,1959920000
2019-10-29,8313.349609375,8319.2900390625,8275.1396484375,8276.849609375,1842720000
2019-10-30,8284.2802734375,8315.5,8241.7001953125,8303.98046875,1936060000
2019-10-31,8314.3798828125,8321.7998046875,8248.8095703125,8292.3603515625,2276140000
2019-11-01,8335.0498046875,8386.75,8326.5595703125,8386.400390625,2071350000
2019-11-04,8445.5,8451.3701171875,8421.2998046875,8433.2001953125,2166830000
2019-11-05,8446.6201171875,8457.3896484375,8421.0498046875,8434.6796875,2327420000
2019-11-06,8426.5703125,8426.5703125,8379.330078125,8410.6298828125,2342570000
2019-11-07,8455.1103515625,8483.16015625,8415.8701171875,8434.51953125,2403680000
2019-11-08,8422.669921875,8475.5703125,8405.8896484375,8475.3095703125,1982140000
2019-11-11,8431.259765625,8467.2900390625,8425.48046875,8464.2802734375,1719300000
2019-11-12,8471.0703125,8514.83984375,8462.990234375,8486.08984375,2001440000
2019-11-13,8455.01953125,8496.900390625,8451.33984375,8482.099609375,2180010000
2019-11-14,8461.0595703125,8485.3603515625,8441.580078125,8479.01953125,2113840000
2019-11-15,8524.48046875,8540.830078125,8506.7998046875,8540.830078125,2199480000
2019-11-18,8529.16015625,8559.7802734375,8503.6201171875,8549.9404296875,2053260000
2019-11-19,8578.01953125,8589.759765625,8536.73046875,8570.66015625,2094030000
2019-11-20,8543.5703125,8578.26953125,8468.6298828125,8526.73046875,2608780000
2019-11-21,8527.8701171875,8530.73046875,8487.2900390625,8506.2099609375,2073720000
2019-11-22,8530.5400390625,8535.4599609375,8477.490234375,8519.8798828125,1885730000
2019-11-25,8559.650390625,8633.150390625,8559.650390625,8632.490234375,2262750000
2019-11-26,8635.400390625,8659.73046875,8625.6201171875,8647.9296875,2439370000
2019-11-27,8669.58984375,8705.91015625,8662.580078125,8705.1796875,1748520000
2019-11-29,8682.009765625,8697.3203125,8664.0400390625,8665.4697265625,1099090000
2019-12-02,8672.83984375,8672.83984375,8540.16015625,8567.990234375,2240300000
2019-12-03,8460.7197265625,8523.98046875,8435.400390625,8520.6396484375,2318760000
2019-12-04,8557.4501953125,8584.8798828125,8552.3798828125,8566.669921875,2158870000
2019-12-05,8587.9296875,8588.8896484375,8541.919921875,8570.7001953125,2133380000
2019-12-06,8634.25,8665.4404296875,8630.580078125,8656.5302734375,2057020000
2019-12-09,8650.8603515625,8678.849609375,8619.76953125,8621.830078125,2123870000
2019-12-10,8623.5595703125,8650.759765625,8600.8203125,8616.1796875,2058760000
2019-12-11,8631.1201171875,8658.48046875,8622.3603515625,8654.0498046875,1982080000
2019-12-12,8645.3603515625,8745.8203125,8633.599609375,8717.3203125,2396400000
2019-12-13,8713.91015625,8768.8701171875,8697.580078125,8734.8798828125,2219630000
2019-12-16,8791.3095703125,8833.4501953125,8789.76953125,8814.23046875,2368050000
2019-12-17,8829.4697265625,8831.990234375,8804.599609375,8823.3603515625,2382450000
2019-12-18,8834.650390625,8848.759765625,8820.419921875,8827.740234375,2742330000
2019-12-19,8838.9697265625,8888.1298828125,8838.9697265625,8887.2197265625,2446890000
2019-12-20,8911.83984375,8931.91015625,8901.8701171875,8924.9599609375,3830200000
2019-12-23,8950.2001953125,8956.6396484375,8934.5498046875,8945.650390625,2028670000
2019-12-24,8955.009765625,8957.1201171875,8934.3603515625,8952.8798828125,1014530000
2019-12-26,8970.2099609375,9022.4599609375,8968.4599609375,9022.3896484375,1639960000
2019-12-27,9049.4697265625,9052.0,8987.3203125,9006.6201171875,1833740000
2019-12-30,9004.4501953125,9006.3603515625,8909.1904296875,8945.990234375,2051320000
2019-12-31,8918.740234375,8975.3603515625,8912.76953125,8972.599609375,2186830000
2020-01-02,9039.4599609375,9093.4296875,9010.8896484375,9092.1904296875,2862700000
2020-01-03,8976.4296875,9065.759765625,8976.4296875,9020.76953125,2586520000
2020-01-06,8943.5,9072.41015625,8943.5,9071.4697265625,2810450000
2020-01-07,9076.6396484375,9091.9296875,9042.5498046875,9068.580078125,2381740000
2020-01-08,9068.0302734375,9168.8896484375,9059.3798828125,9129.240234375,2472620000
2020-01-09,9202.26953125,9215.9501953125,9158.5,9203.4296875,2540960000
2020-01-10,9232.9501953125,9235.2001953125,9164.66015625,9178.8603515625,2382900000
2020-01-13,9213.7197265625,9274.490234375,9193.0595703125,9273.9296875,2536820000
2020-01-14,9270.6103515625,9298.330078125,9226.490234375,9251.330078125,2553160000
2020-01-15,9253.759765625,9298.8203125,9231.1396484375,9258.7001953125,2443220000
2020-01-16,9313.4501953125,9357.919921875,9301.3203125,9357.1298828125,2312110000
2020-01-17,9392.3701171875,9393.48046875,9346.8095703125,9388.9404296875,2542540000
2020-01-21,9361.0703125,9397.580078125,9350.2001953125,9370.8095703125,2686610000
2020-01-22,9413.6103515625,9439.2900390625,9375.1298828125,9383.76953125,2454580000
2020-01-23,9377.7197265625,9409.2001953125,9334.1298828125,9402.48046875,2465850000
2020-01-24,9446.2099609375,9451.4296875,9273.23046875,9314.91015625,2622970000
2020-01-27,9092.4599609375,9185.4501953125,9088.0400390625,9139.3095703125,2593910000
2020-01-28,9201.8203125,9288.8701171875,9182.330078125,9269.6796875,2169020000
2020-01-29,9318.259765625,9329.1201171875,9249.0400390625,9275.16015625,2234620000
2020-01-30,9211.150390625,9303.0,9185.1796875,9298.9296875,2345370000
2020-01-31,9324.330078125,9324.7998046875,9123.2197265625,9150.9404296875,2696090000
2020-02-03,9190.7197265625,9299.849609375,9188.5498046875,9273.400390625,2427320000
2020-02-04,9398.3896484375,9485.3798828125,9374.0498046875,9467.9697265625,2447340000
2020-02-05,9574.099609375,9574.9404296875,9454.9296875,9508.6796875,2470240000
2020-02-06,9540.98046875,9575.66015625,9505.6796875,9572.150390625,2313860000
2020-02-07,9526.6396484375,9570.08984375,9496.5302734375,9520.509765625,2243720000
2020-02-10,9493.6298828125,9628.66015625,9493.6298828125,9628.3896484375,2187520000
2020-02-11,9680.8896484375,9714.740234375,9617.2099609375,9638.9404296875,2450070000
2020-02-12,9688.599609375,9728.76953125,9666.6904296875,9725.9599609375,2366510000
2020-02-13,9657.0400390625,9748.3203125,9650.01953125,9711.9697265625,2254870000
2020-02-14,9728.900390625,9746.3603515625,9693.0498046875,9731.1796875,2226720000
2020-02-18,9679.0400390625,9747.6796875,9675.7998046875,9732.740234375,2279420000
2020-02-19,9782.8095703125,9838.3701171875,9777.099609375,9817.1796875,2470860000
2020-02-20,9799.2001953125,9820.8603515625,9636.9404296875,9750.9697265625,2745730000
2020-02-21,9708.009765625,9715.9501953125,9542.330078125,9576.58984375,2750160000
2020-02-24,9188.4404296875,9322.8798828125,9166.009765625,9221.2802734375,3188590000
2020-02-25,9301.2001953125,9315.259765625,8940.490234375,8965.6103515625,3595520000
2020-02-26,9011.5498046875,9148.3203125,8927.7998046875,8980.7802734375,3587950000
2020-02-27,8744.0302734375,8904.1103515625,8562.0498046875,8566.48046875,4559900000
2020-02-28,8269.740234375,8591.8203125,8264.16015625,8567.3701171875,5320020000
2020-03-02,8667.1396484375,8952.8095703125,8543.349609375,8952.169921875,4249020000
2020-03-03,8965.099609375,9070.3203125,8602.8896484375,8684.08984375,4336700000
2020-03-04,8834.099609375,9019.9599609375,8757.66015625,9018.08984375,3634760000
2020-03-05,8790.08984375,8921.080078125,8677.3896484375,8738.58984375,3763860000
2020-03-06,8469.01953125,8612.3603515625,8375.1298828125,8575.6201171875,4292730000
2020-03-09,7957.93017578125,8243.3095703125,7943.16015625,7950.68017578125,4554110000
2020-03-10,8219.759765625,8347.400390625,7930.43017578125,8344.25,4447260000
2020-03-11,8136.25,8181.35986328125,7850.9501953125,7952.0498046875,4302610000
2020-03-12,7398.580078125,7712.330078125,7194.669921875,7201.7998046875,5099350000
2020-03-13,7610.39013671875,7875.93017578125,7219.08984375,7874.8798828125,4701070000
2020-03-16,7392.72998046875,7422.2001953125,6882.85986328125,6904.58984375,4618120000
2020-03-17,7072.0,7406.22998046875,6828.91015625,7334.77978515625,4920210000
2020-03-18,6902.31982421875,7182.830078125,6686.35986328125,6989.83984375,4935000000
2020-03-19,6996.4501953125,7341.3798828125,6858.3798828125,7150.580078125,4778490000
2020-03-20,7248.06982421875,7354.43994140625,6854.669921875,6879.52001953125,5260300000
2020-03-23,6847.27978515625,6984.93994140625,6631.419921875,6860.669921875,4348410000
2020-03-24,7196.14990234375,7418.3701171875,7169.85986328125,7417.85986328125,4441080000
2020-03-25,7421.35986328125,7671.2099609375,7276.39990234375,7384.2998046875,4683630000
2020-03-26,7462.2099609375,7809.830078125,7462.2099609375,7797.5400390625,4014670000
2020-03-27,7554.25,7716.240234375,7491.14013671875,7502.3798828125,3989120000
2020-03-30,7583.4599609375,7784.35009765625,7539.97021484375,7774.14990234375,3870770000
2020-03-31,7740.06005859375,7880.31005859375,7642.85986328125,7700.10009765625,4078960000
2020-04-01,7459.5,7566.3701171875,7301.97998046875,7360.580078125,3700040000
2020-04-02,7317.4501953125,7501.7001953125,7307.9501953125,7487.31005859375,3622170000
2020-04-03,7477.27001953125,7518.72021484375,7288.10986328125,7373.080078125,3294260000
2020-04-06,7660.169921875,7938.330078125,7617.7900390625,7913.240234375,3849130000
2020-04-07,8129.990234375,8146.43017578125,7881.22021484375,7887.259765625,4085960000
2020-04-08,7975.72021484375,8114.43017578125,7901.93994140625,8090.89990234375,3487440000
2020-04-09,8169.009765625,8227.91015625,8072.31982421875,8153.580078125,4145460000
2020-04-13,8127.68994140625,8200.4404296875,8035.9501953125,8192.419921875,3184660000
2020-04-14,8353.2099609375,8531.1103515625,8338.080078125,8515.740234375,3767410000
2020-04-15,8355.9599609375,8464.66015625,8308.7900390625,8393.1796875,3347920000
2020-04-16,8479.1103515625,8560.16015625,8393.26953125,8532.3603515625,4057800000
2020-04-17,8667.48046875,8670.2998046875,8531.6904296875,8650.1396484375,4348310000
2020-04-20,8553.3798828125,8684.91015625,8553.3798828125,8560.73046875,3827370000
2020-04-21,8460.6904296875,8480.2900390625,8215.6904296875,8263.23046875,3788180000
2020-04-22,8434.5498046875,8537.3095703125,8404.5400390625,8495.3798828125,3041520000
2020-04-23,8528.83984375,8635.23046875,8475.2001953125,8494.75,3759890000
2020-04-24,8530.080078125,8642.9296875,8464.419921875,8634.51953125,3696020000
2020-04-27,8717.98046875,8754.5703125,8697.3701171875,8730.16015625,3694980000
2020-04-28,8825.6904296875,8830.5703125,8600.7001953125,8607.73046875,3730350000
2020-04-29,8802.7001953125,8957.26953125,8765.009765625,8914.7099609375,4407140000
2020-04-30,8911.01953125,8926.1103515625,8825.830078125,8889.5498046875,4335660000
2020-05-01,8681.2900390625,8754.4599609375,8566.83984375,8604.9501953125,3741300000
2020-05-04,8555.3203125,8715.8203125,8537.830078125,8710.7099609375,3443140000
2020-05-05,8809.66015625,8909.9599609375,8781.3095703125,8809.1201171875,3933550000
2020-05-06,8874.7001953125,8933.25,8819.3701171875,8854.3896484375,3656750000
2020-05-07,8973.7802734375,9015.990234375,8932.8603515625,8979.66015625,3787220000
2020-05-08,9056.8896484375,9125.98046875,9018.2099609375,9121.3203125,3813630000
2020-05-11,9054.91015625,9241.919921875,9053.169921875,9192.33984375,3925450000
2020-05-12,9225.150390625,9250.9599609375,9000.0703125,9002.5498046875,4336510000
2020-05-13,9006.0498046875,9074.16015625,8752.6796875,8863.169921875,4273210000
2020-05-14,8788.0400390625,8945.7099609375,8705.25,8943.7197265625,3965970000
2020-05-15,8839.990234375,9018.400390625,8821.3798828125,9014.5595703125,4240690000
2020-05-18,9177.150390625,9267.2197265625,9154.349609375,9234.830078125,4341820000
2020-05-19,9227.4599609375,9317.25,9183.25,9185.099609375,4193550000
2020-05-20,9305.6201171875,9392.8203125,9304.2001953125,9375.7802734375,4315500000
2020-05-21,9375.1904296875,9405.25,9254.849609375,9284.8798828125,3745270000
2020-05-22,9278.5498046875,9328.2802734375,9239.41015625,9324.58984375,3668070000
2020-05-26,9501.2099609375,9501.2099609375,9333.16015625,9340.2197265625,4448950000
2020-05-27,9346.1201171875,9414.6201171875,9144.2802734375,9412.3603515625,4489110000
2020-05-28,9392.990234375,9523.6396484375,9345.2802734375,9368.990234375,4113660000
2020-05-29,9382.349609375,9505.5498046875,9324.73046875,9489.8701171875,4742290000
2020-06-01,9471.419921875,9571.2802734375,9462.3203125,9552.0498046875,3847770000
2020-06-02,9566.5302734375,9611.2197265625,9472.080078125,9608.3798828125,3990080000
2020-06-03,9651.8603515625,9707.7802734375,9627.169921875,9682.91015625,4679030000
2020-06-04,9649.650390625,9716.1396484375,9560.41015625,9615.8095703125,6141320000
2020-06-05,9703.5400390625,9845.6904296875,9685.349609375,9814.080078125,6607730000
2020-06-08,9823.4404296875,9927.1298828125,9780.6103515625,9924.75,6197330000
2020-06-09,9867.1904296875,10002.5,9863.26953125,9953.75,5319450000
2020-06-10,10012.3203125,10086.8896484375,9962.580078125,10020.349609375,5170860000
2020-06-11,9791.240234375,9868.080078125,9491.3095703125,9492.73046875,5300850000
2020-06-12,9715.8701171875,9768.6396484375,9413.6201171875,9588.8095703125,4388990000
2020-06-15,9426.900390625,9756.0703125,9403.0,9726.01953125,4476010000
2020-06-16,9949.7802734375,9963.6298828125,9748.3798828125,9895.8701171875,4669320000
2020-06-17,9943.3095703125,9991.2099609375,9891.8095703125,9910.5302734375,4279700000
2020-06-18,9892.48046875,9959.2001953125,9885.66015625,9943.0498046875,4335320000
2020-06-19,10042.1298828125,10053.91015625,9872.9404296875,9946.1201171875,6093830000
2020-06-22,9945.490234375,10059.6103515625,9916.599609375,10056.48046875,4506960000
2020-06-23,10130.830078125,10221.849609375,10112.4404296875,10131.3701171875,5755170000
2020-06-24,10092.919921875,10137.5,9842.2197265625,9909.169921875,5589130000
2020-06-25,9899.3603515625,10023.2802734375,9810.4697265625,10017.0,4779640000
2020-06-26,9995.1201171875,10000.669921875,9749.0703125,9757.2197265625,7309380000
2020-06-29,9771.7197265625,9877.33984375,9663.6103515625,9874.150390625,4336290000
2020-06-30,9875.2900390625,10085.58984375,9863.669921875,10058.76953125,4510190000
2020-07-01,10063.669921875,10197.1904296875,10048.0400390625,10154.6298828125,4624430000
2020-07-02,10268.669921875,10310.3603515625,10194.0595703125,10207.6298828125,4038920000
2020-07-06,10360.3798828125,10462.0498046875,10354.98046875,10433.650390625,4570260000
2020-07-07,10412.4599609375,10518.98046875,10337.98046875,10343.8896484375,4337130000
2020-07-08,10409.349609375,10494.6298828125,10350.9599609375,10492.5,4030210000
2020-07-09,10563.7197265625,10578.099609375,10379.91015625,10547.75,4013180000
2020-07-10,10545.91015625,10622.349609375,10447.009765625,10617.4404296875,3537510000
2020-07-13,10729.919921875,10824.7802734375,10368.0400390625,10390.83984375,4851880000
2020-07-14,10310.25,10497.830078125,10182.4599609375,10488.580078125,4461770000
2020-07-15,10576.7197265625,10604.669921875,10420.5400390625,10550.490234375,4647070000
2020-07-16,10443.8701171875,10499.7900390625,10364.3896484375,10473.830078125,4277760000
2020-07-17,10500.51953125,10532.6201171875,10421.2099609375,10503.1904296875,4361480000
2020-07-20,10526.01953125,10783.7998046875,10488.0400390625,10767.08984375,4314630000
2020-07-21,10837.8798828125,10839.9296875,10650.4599609375,10680.3603515625,5350750000
2020-07-22,10687.580078125,10745.3203125,10627.4501953125,10706.1298828125,4128960000
2020-07-23,10689.5,10728.1201171875,10407.8701171875,10461.419921875,4501540000
2020-07-24,10294.41015625,10418.75,10217.3095703125,10363.1796875,4233390000
2020-07-27,10421.7001953125,10546.4404296875,10399.8603515625,10536.26953125,4244570000
2020-07-28,10509.2001953125,10523.6396484375,10397.8701171875,10402.08984375,3894660000
2020-07-29,10474.7001953125,10567.91015625,10464.0,10542.9404296875,4009640000
2020-07-30,10450.1201171875,10609.58984375,10412.08984375,10587.8095703125,4185810000
2020-07-31,10741.4697265625,10747.7998046875,10557.7001953125,10745.26953125,4438730000
2020-08-03,10848.6396484375,10927.5595703125,10831.150390625,10902.7998046875,4203890000
2020-08-04,10897.8896484375,10941.91015625,10852.900390625,10941.169921875,4016520000
2020-08-05,10967.8701171875,11002.1103515625,10943.7197265625,10998.400390625,4160740000
2020-08-06,10989.98046875,11121.1904296875,10963.41015625,11108.0703125,4120000000
2020-08-07,11072.5302734375,11126.0400390625,10920.3701171875,11010.98046875,4263930000
2020-08-10,11033.73046875,11040.240234375,10849.4599609375,10968.3603515625,4048420000
2020-08-11,10942.66015625,10989.419921875,10762.7099609375,10782.8203125,4331770000
2020-08-12,10878.1201171875,11036.7197265625,10877.16015625,11012.240234375,3745230000
2020-08-13,11026.8603515625,11124.849609375,11007.5,11042.5,3480470000
2020-08-14,11042.240234375,11058.4404296875,10972.0595703125,11019.2998046875,3514260000
2020-08-17,11083.25,11144.5302734375,11080.2998046875,11129.73046875,3214870000
2020-08-18,11170.75,11230.6201171875,11103.830078125,11210.83984375,3228590000
2020-08-19,11214.7998046875,11257.419921875,11132.099609375,11146.4599609375,3496480000
2020-08-20,11096.400390625,11283.6201171875,11090.0302734375,11264.9501953125,4215130000
2020-08-21,11258.4404296875,11326.2099609375,11245.4404296875,11311.7998046875,3929290000
2020-08-24,11449.25,11462.0498046875,11297.5302734375,11379.7197265625,3907310000
2020-08-25,11370.23046875,11468.259765625,11343.0400390625,11466.4697265625,3475280000
2020-08-26,11516.6201171875,11672.0498046875,11507.4599609375,11665.0595703125,3471520000
2020-08-27,11688.1904296875,11730.009765625,11551.009765625,11625.33984375,3547400000
2020-08-28,11689.2802734375,11708.76953125,11634.76953125,11695.6298828125,3012980000
2020-08-31,11718.8095703125,11829.83984375,11697.419921875,11775.4599609375,3612050000
2020-09-01,11850.9599609375,11945.7197265625,11794.7802734375,11939.669921875,3511060000
2020-09-02,12047.259765625,12074.0595703125,11836.1796875,12056.4404296875,3982360000
2020-09-03,11861.900390625,11894.400390625,11361.3603515625,11458.099609375,4465010000
2020-09-04,11396.240234375,11531.1796875,10875.8701171875,11313.1298828125,4284440000
2020-09-08,10900.7001953125,11131.5,10837.2001953125,10847.6904296875,3905420000
2020-09-09,11064.759765625,11217.6904296875,10970.4501953125,11141.5595703125,3550660000
2020-09-10,11235.5302734375,11299.5302734375,10875.01953125,10919.58984375,3840010000
2020-09-11,11010.0703125,11033.0400390625,10728.0302734375,10853.5498046875,3630250000
2020-09-14,11010.1396484375,11118.2900390625,10982.259765625,11056.650390625,3737610000
2020-09-15,11193.9599609375,11244.4599609375,11127.98046875,11190.3203125,3786110000
2020-09-16,11222.080078125,11245.419921875,11046.4296875,11050.4697265625,3678020000
2020-09-17,10796.0498046875,10974.4501953125,10783.8095703125,10910.2802734375,3740110000
2020-09-18,10973.4501953125,10977.6796875,10639.9501953125,10793.2802734375,5759090000
2020-09-21,10610.1396484375,10782.740234375,10519.490234375,10778.7998046875,3900970000
2020-09-22,10873.2998046875,10979.650390625,10737.51953125,10963.6396484375,3515440000
2020-09-23,10950.8203125,10962.0302734375,10612.91015625,10632.990234375,4097320000
2020-09-24,10551.01953125,10799.5498046875,10520.2197265625,10672.26953125,4086360000
2020-09-25,10680.4599609375,10939.5498046875,10639.98046875,10913.5595703125,3785270000
2020-09-28,11084.3798828125,11120.7900390625,11019.1396484375,11117.5302734375,3591740000
2020-09-29,11109.0,11153.23046875,11065.6298828125,11085.25,3389040000
2020-09-30,11092.900390625,11277.9599609375,11092.900390625,11167.509765625,4260630000
2020-10-01,11291.990234375,11344.1298828125,11240.5302734375,11326.509765625,4005900000
2020-10-02,11082.5302734375,11244.8701171875,11033.6904296875,11075.01953125,3731510000
2020-10-05,11169.1103515625,11335.2099609375,11162.51953125,11332.490234375,3623920000
2020-10-06,11314.5302734375,11392.41015625,11124.4501953125,11154.599609375,4390960000
2020-10-07,11271.6796875,11380.5595703125,11258.349609375,11364.599609375,3910770000
2020-10-08,11443.349609375,11448.23046875,11384.330078125,11420.98046875,3507570000
2020-10-09,11487.599609375,11581.23046875,11476.66015625,11579.9404296875,3504230000
2020-10-12,11732.330078125,11965.5400390625,11704.1298828125,11876.259765625,3885030000
2020-10-13,11901.759765625,11946.98046875,11821.830078125,11863.900390625,3634130000
2020-10-14,11889.0703125,11939.919921875,11714.349609375,11768.73046875,3410410000
2020-10-15,11559.8798828125,11740.6796875,11559.099609375,11713.8701171875,3325270000
2020-10-16,11761.830078125,11827.419921875,11648.5302734375,11671.5595703125,3166980000
2020-10-19,11732.33984375,11778.1103515625,11454.5703125,11478.8798828125,3477410000
2020-10-20,11531.830078125,11632.8896484375,11471.23046875,11516.490234375,3510040000
2020-10-21,11530.3896484375,11613.7900390625,11476.080078125,11484.6904296875,3467310000
2020-10-22,11526.9697265625,11548.76953125,11369.2900390625,11506.009765625,3434040000
2020-10-23,11536.009765625,11548.849609375,11434.8603515625,11548.2802734375,3145570000
2020-10-26,11440.6396484375,11545.6298828125,11221.0595703125,11358.9404296875,3205100000
2020-10-27,11409.33984375,11465.0595703125,11361.8603515625,11431.349609375,3104770000
2020-10-28,11230.900390625,11249.9501953125,10999.0703125,11004.8701171875,3930690000
2020-10-29,11064.4697265625,11287.6298828125,11030.1904296875,11185.58984375,3244190000
2020-10-30,11103.4697265625,11129.8095703125,10822.5703125,10911.58984375,3671600000
2020-11-02,11010.4501953125,11071.080078125,10830.9501953125,10957.6103515625,3209000000
2020-11-03,11038.66015625,11213.919921875,11004.83984375,11160.5703125,3216580000
2020-11-04,11443.76953125,11663.3095703125,11394.2099609375,11590.7802734375,3620760000
2020-11-05,11816.330078125,11924.2802734375,11784.150390625,11890.9296875,3848160000
2020-11-06,11869.900390625,11920.5400390625,11737.1298828125,11895.23046875,4183220000
2020-11-09,12046.66015625,12108.0703125,11703.490234375,11713.7802734375,5863900000
2020-11-10,11622.4404296875,11665.8701171875,11424.6103515625,11553.8603515625,4736560000
2020-11-11,11656.650390625,11793.5703125,11638.900390625,11786.4296875,3854680000
2020-11-12,11802.5,11847.83984375,11666.3701171875,11709.58984375,3886670000
2020-11-13,11794.9404296875,11849.7900390625,11715.51953125,11829.2900390625,3654230000
2020-11-16,11847.1103515625,11937.7197265625,11814.8896484375,11924.1298828125,4172570000
2020-11-17,11913.349609375,11950.1796875,11852.41015625,11899.33984375,4145030000
2020-11-18,11896.0595703125,11942.490234375,11799.9599609375,11801.599609375,4731420000
2020-11-19,11779.0400390625,11912.6298828125,11760.98046875,11904.7099609375,5385190000
2020-11-20,11892.7001953125,11935.4697265625,11852.509765625,11854.9697265625,5350970000
2020-11-23,11916.759765625,11949.330078125,11796.5302734375,11880.6298828125,5473250000
2020-11-24,11939.330078125,12049.8798828125,11863.4501953125,12036.7900390625,6339580000
2020-11-25,12053.8896484375,12114.76953125,12020.9501953125,12094.400390625,4448640000
2020-11-27,12159.1796875,12236.23046875,12154.5703125,12205.849609375,3401830000
2020-11-30,12224.25,12244.650390625,12027.16015625,12198.740234375,7760390000
2020-12-01,12313.3603515625,12405.7900390625,12263.9296875,12355.1103515625,6512420000
2020-12-02,12285.75,12360.0595703125,12217.349609375,12349.3701171875,5194960000
2020-12-03,12369.259765625,12439.01953125,12356.990234375,12377.1796875,5209980000
2020-12-04,12399.3203125,12464.23046875,12376.4404296875,12464.23046875,5086900000
2020-12-07,12461.0,12536.23046875,12460.5498046875,12519.9501953125,4771820000
2020-12-08,12503.169921875,12594.5400390625,12453.2099609375,12582.76953125,4809480000
2020-12-09,12591.6904296875,12607.1396484375,12290.7802734375,12338.9501953125,5168450000
2020-12-10,12247.5498046875,12431.5595703125,12214.740234375,12405.8095703125,4518580000
2020-12-11,12336.7900390625,12383.5,12246.76953125,12377.8701171875,4292680000
2020-12-14,12447.4404296875,12543.0,12432.7099609375,12440.0400390625,4491930000
2020-12-15,12543.259765625,12596.1298828125,12465.419921875,12595.0595703125,4423650000
2020-12-16,12611.0400390625,12687.3203125,12566.3798828125,12658.1904296875,4592700000
2020-12-17,12730.7802734375,12765.25,12696.349609375,12764.75,5029830000
2020-12-18,12804.9296875,12809.599609375,12654.599609375,12755.6396484375,7125800000
2020-12-21,12596.1396484375,12751.26953125,12525.2197265625,12742.51953125,5192860000
2020-12-22,12785.2197265625,12840.5703125,12695.3095703125,12807.919921875,5811850000
2020-12-23,12834.9404296875,12841.919921875,12758.669921875,12771.1103515625,7100250000
2020-12-24,12791.5400390625,12833.5498046875,12767.6396484375,12804.73046875,3305960000
2020-12-28,12914.6396484375,12930.8896484375,12827.4501953125,12899.419921875,5109140000
2020-12-29,12965.3896484375,12973.330078125,12821.9599609375,12850.2197265625,4726920000
2020-12-30,12906.509765625,12924.9296875,12857.759765625,12870.0,5343010000
2020-12-31,12877.08984375,12902.0703125,12821.23046875,12888.2802734375,4815840000
2021-01-04,12958.51953125,12958.7197265625,12543.240234375,12698.4501953125,6636170000
2021-01-05,12665.650390625,12828.26953125,12665.650390625,12818.9599609375,6971860000
2021-01-06,12666.150390625,12909.6298828125,12649.990234375,12740.7900390625,7689880000
2021-01-07,12867.33984375,13090.91015625,12867.33984375,13067.48046875,6841480000
2021-01-08,13160.2197265625,13208.08984375,13036.5498046875,13201.98046875,7289390000
2021-01-11,13048.7802734375,13138.26953125,12999.509765625,13036.4296875,6960470000
2021-01-12,13062.0595703125,13105.0400390625,12963.919921875,13072.4296875,7264070000
2021-01-13,13088.009765625,13171.150390625,13051.0595703125,13128.9501953125,7104810000
2021-01-14,13174.75,13220.16015625,13098.41015625,13112.6396484375,6734100000
2021-01-15,13099.900390625,13139.830078125,12949.759765625,12998.5,6458360000
2021-01-19,13132.73046875,13206.8603515625,13078.7001953125,13197.1796875,6297860000
2021-01-20,13342.5498046875,13486.1298828125,13329.76953125,13457.25,6820990000
2021-01-21,13521.48046875,13560.349609375,13454.0703125,13530.91015625,7258640000
2021-01-22,13474.8095703125,13567.1396484375,13463.66015625,13543.0595703125,5972750000
2021-01-25,13681.2099609375,13728.98046875,13368.6796875,13635.990234375,7193710000
2021-01-26,13681.7197265625,13702.6904296875,13603.1904296875,13626.0595703125,6849600000
2021-01-27,13486.580078125,13538.419921875,13192.91015625,13270.599609375,11621190000
2021-01-28,13323.2900390625,13507.6396484375,13316.51953125,13337.16015625,9959270000
2021-01-29,13284.7197265625,13322.0,12985.0498046875,13070.6904296875,7872250000
2021-02-01,13226.1796875,13431.4599609375,13132.4697265625,13403.3896484375,7092520000
2021-02-02,13543.099609375,13652.7001953125,13535.8603515625,13612.7802734375,7325270000
2021-02-03,13718.3095703125,13723.830078125,13585.33984375,13610.5400390625,7546940000
2021-02-04,13674.0595703125,13778.419921875,13631.6201171875,13777.740234375,7295370000
2021-02-05,13824.8798828125,13878.16015625,13761.66015625,13856.2998046875,6792910000
2021-02-08,13937.0595703125,13987.740234375,13894.150390625,13987.6396484375,8564530000
2021-02-09,13966.8203125,14044.9501953125,13966.5498046875,14007.7001953125,8766770000
2021-02-10,14093.349609375,14109.1201171875,13845.4697265625,13972.5302734375,10785930000
2021-02-11,14045.2099609375,14058.91015625,13916.849609375,14025.76953125,10916780000
2021-02-12,13979.2099609375,14102.0400390625,13937.7099609375,14095.4697265625,7416940000
2021-02-16,14152.2099609375,14175.1201171875,13995.4501953125,14047.5,7722100000
2021-02-17,13911.650390625,13976.4296875,13804.259765625,13965.490234375,7280500000
2021-02-18,13814.669921875,13905.9599609375,13714.349609375,13865.3603515625,6499420000
2021-02-19,13929.2001953125,13985.580078125,13842.599609375,13874.4599609375,6737820000
2021-02-22,13714.2001953125,13757.0595703125,13530.9599609375,13533.0498046875,6483740000
2021-02-23,13262.6103515625,13526.08984375,13003.98046875,13465.2001953125,7516510000
2021-02-24,13400.25,13607.3603515625,13286.58984375,13597.9697265625,5886230000
2021-02-25,13512.6396484375,13602.8603515625,13066.3798828125,13119.4296875,6390380000
2021-02-26,13232.900390625,13368.0595703125,13024.5302734375,13192.349609375,5906110000
2021-03-01,13406.16015625,13596.58984375,13362.66015625,13588.830078125,5079530000
2021-03-02,13599.4501953125,13601.330078125,13352.0,13358.7900390625,4948140000
2021-03-03,13336.25,13372.51953125,12995.0703125,12997.75,5529980000
2021-03-04,12953.990234375,13068.7099609375,12553.9599609375,12723.4697265625,7864380000
2021-03-05,12860.0400390625,12941.2099609375,12397.0498046875,12920.150390625,7725200000
2021-03-08,12904.259765625,13001.0,12599.23046875,12609.16015625,6010230000
2021-03-09,12923.0703125,13151.5400390625,12882.490234375,13073.8203125,6345560000
2021-03-10,13234.73046875,13277.1103515625,13035.4404296875,13068.830078125,6023880000
2021-03-11,13273.3095703125,13433.6201171875,13246.330078125,13398.669921875,6008850000
2021-03-12,13222.8095703125,13324.6904296875,13158.7197265625,13319.8603515625,5497210000
2021-03-15,13323.4697265625,13460.349609375,13272.5,13459.7099609375,5972370000
2021-03-16,13523.169921875,13620.7099609375,13397.080078125,13471.5703125,5493890000
2021-03-17,13336.91015625,13595.0,13272.6904296875,13525.2001953125,5536110000
2021-03-18,13349.2001953125,13384.4599609375,13101.919921875,13116.169921875,5739720000
2021-03-19,13119.900390625,13252.3701171875,13039.4501953125,13215.240234375,7630590000
2021-03-22,13278.7802734375,13455.6396484375,13278.7802734375,13377.5400390625,5321760000
2021-03-23,13381.4296875,13405.150390625,13202.4296875,13227.7001953125,5675010000
2021-03-24,13289.240234375,13292.919921875,12961.349609375,12961.8896484375,6248650000
2021-03-25,12844.580078125,13021.8603515625,12786.8095703125,12977.6796875,5634290000
2021-03-26,12996.0302734375,13149.5498046875,12878.7197265625,13138.73046875,5224360000
2021-03-29,13103.9697265625,13143.41015625,12968.16015625,13059.650390625,4965090000
2021-03-30,13008.7998046875,13075.75,12922.5703125,13045.3896484375,4721950000
2021-03-31,13122.5703125,13325.5400390625,13118.3798828125,13246.8701171875,5004720000
2021-04-01,13414.3203125,13487.080078125,13404.1796875,13480.1103515625,4576480000
2021-04-05,13594.900390625,13720.580078125,13582.759765625,13705.58984375,4459000000
2021-04-06,13681.669921875,13776.7099609375,13674.2802734375,13698.3798828125,4073710000
2021-04-07,13675.2998046875,13733.0302734375,13653.58984375,13688.83984375,4098740000
2021-04-08,13796.8896484375,13830.1396484375,13758.7099609375,13829.3095703125,4153600000
2021-04-09,13787.01953125,13905.41015625,13748.349609375,13900.1904296875,3926110000
2021-04-12,13854.4404296875,13877.0,13783.9501953125,13850.0,4250900000
2021-04-13,13902.4501953125,14011.509765625,13902.4501953125,13996.099609375,4219360000
2021-04-14,14004.080078125,14033.6298828125,13839.0400390625,13857.83984375,4120770000
2021-04-15,13983.23046875,14049.1298828125,13970.419921875,14038.759765625,4406880000
2021-04-16,14059.1103515625,14062.5,13977.0498046875,14052.33984375,4427780000
2021-04-19,13984.580078125,14041.7900390625,13842.5703125,13914.76953125,4379610000
2021-04-20,13894.4599609375,13927.669921875,13698.669921875,13786.26953125,4245120000
2021-04-21,13745.76953125,13951.349609375,13706.8603515625,13950.2197265625,3999620000
2021-04-22,13952.5703125,14015.8701171875,13771.0400390625,13818.41015625,4420820000
2021-04-23,13861.3701171875,14062.740234375,13856.830078125,14016.8095703125,4355100000
2021-04-26,14052.3798828125,14154.0302734375,14019.5,14138.7802734375,4506210000
2021-04-27,14170.91015625,14171.240234375,14064.2802734375,14090.2197265625,4691460000
2021-04-28,14082.7802734375,14133.650390625,14034.7001953125,14051.0302734375,4559710000
2021-04-29,14204.509765625,14211.5703125,13952.7998046875,14082.5498046875,4928030000
2021-04-30,13970.73046875,14084.759765625,13941.6298828125,13962.6796875,4792460000
2021-05-03,14031.76953125,14042.1201171875,13881.509765625,13895.1201171875,4761430000
2021-05-04,13774.509765625,13795.5703125,13485.58984375,13633.5,5879730000
2021-05-05,13731.1298828125,13753.0498046875,13553.9296875,13582.419921875,4535690000
2021-05-06,13557.830078125,13635.73046875,13439.3896484375,13632.83984375,5021400000
2021-05-07,13723.08984375,13828.6201171875,13690.75,13752.240234375,4391100000
2021-05-10,13687.58984375,13687.9296875,13401.740234375,13401.8603515625,4818670000
2021-05-11,13115.849609375,13423.3095703125,13107.669921875,13389.4296875,4738390000
2021-05-12,13215.490234375,13288.6103515625,13002.5400390625,13031.6796875,4752930000
2021-05-13,13150.9404296875,13247.8701171875,13007.240234375,13124.990234375,4698110000
2021-05-14,13255.650390625,13460.8798828125,13242.9697265625,13429.98046875,4022610000
2021-05-17,13368.7998046875,13399.169921875,13265.400390625,13379.0498046875,3997780000
2021-05-18,13416.900390625,13485.33984375,13299.9296875,13303.6396484375,4301300000
2021-05-19,13078.1904296875,13304.6103515625,13072.23046875,13299.740234375,4333520000
2021-05-20,13356.6298828125,13563.51953125,13355.7099609375,13535.740234375,3990760000
2021-05-21,13616.1904296875,13616.580078125,13463.259765625,13470.990234375,3733940000
2021-05-24,13557.2099609375,13708.849609375,13551.009765625,13661.169921875,3509470000
2021-05-25,13721.5400390625,13751.1396484375,13631.7998046875,13657.169921875,4128990000
2021-05-26,13693.9404296875,13750.16015625,13679.58984375,13738.0,4264500000
2021-05-27,13742.58984375,13776.51953125,13701.6298828125,13736.2802734375,5087180000
2021-05-28,13792.0498046875,13820.8701171875,13747.6103515625,13748.740234375,4447940000
2021-06-01,13829.0595703125,13836.169921875,13678.76953125,13736.48046875,4186280000
2021-06-02,13743.240234375,13775.8896484375,13689.740234375,13756.330078125,5097630000
2021-06-03,13655.75,13684.1298828125,13548.9296875,13614.509765625,5396250000
2021-06-04,13697.25,13826.8203125,13692.009765625,13814.490234375,4360710000
2021-06-07,13802.8203125,13889.1103515625,13784.8896484375,13881.7197265625,4639210000
2021-06-08,13946.3203125,13981.7197265625,13831.98046875,13924.91015625,5958410000
2021-06-09,13980.23046875,14003.5,13906.4501953125,13911.75,5640490000
2021-06-10,13933.8798828125,14031.1904296875,13904.400390625,14020.330078125,4919880000
2021-06-11,14030.849609375,14069.419921875,14006.58984375,14069.419921875,4157580000
2021-06-14,14083.4697265625,14175.4501953125,14056.669921875,14174.1396484375,4415160000
2021-06-15,14166.6396484375,14171.01953125,14052.16015625,14072.8603515625,4554580000
2021-06-16,14085.5498046875,14129.6904296875,13903.73046875,14039.6796875,4683030000
2021-06-17,13999.1298828125,14196.2099609375,13998.9296875,14161.349609375,4558280000
2021-06-18,14096.9296875,14129.2197265625,14009.0400390625,14030.3798828125,6126070000
2021-06-21,14047.419921875,14150.7802734375,13960.0400390625,14141.48046875,4562010000
2021-06-22,14138.2900390625,14269.76953125,14121.0,14253.26953125,4433140000
2021-06-23,14263.3798828125,14317.66015625,14246.2998046875,14271.73046875,4417470000
2021-06-24,14357.26953125,14414.4599609375,14333.7001953125,14369.7099609375,4324620000
2021-06-25,14400.8095703125,14409.080078125,14337.650390625,14360.3896484375,7468090000
2021-06-28,14417.8095703125,14505.1904296875,14417.2001953125,14500.509765625,4283000000
2021-06-29,14509.1904296875,14535.9697265625,14471.3798828125,14528.330078125,4901300000
2021-06-30,14509.849609375,14526.8095703125,14478.0595703125,14503.9501953125,5293810000
2021-07-01,14493.6904296875,14533.5498046875,14439.400390625,14522.3798828125,4410470000
2021-07-02,14582.98046875,14649.1103515625,14555.33984375,14639.330078125,3751420000
2021-07-06,14661.5498046875,14687.0,14529.7998046875,14663.6396484375,4489540000
2021-07-07,14753.41015625,14755.330078125,14580.7900390625,14665.0595703125,4605630000
2021-07-08,14409.2001953125,14610.0595703125,14371.58984375,14559.7802734375,4575010000
2021-07-09,14578.4296875,14710.2001953125,14552.259765625,14701.919921875,3826500000
2021-07-12,14743.8603515625,14761.080078125,14672.6298828125,14733.240234375,3897090000
2021-07-13,14715.1298828125,14803.6796875,14660.1904296875,14677.650390625,4583460000
2021-07-14,14780.900390625,14790.5498046875,14632.9501953125,14644.9501953125,4496220000
2021-07-15,14635.7802734375,14650.3701171875,14451.7998046875,14543.1298828125,4512550000
2021-07-16,14597.509765625,14623.01953125,14413.3203125,14427.240234375,4069530000
2021-07-19,14235.98046875,14313.599609375,14178.66015625,14274.98046875,4537130000
2021-07-20,14330.4599609375,14555.75,14271.23046875,14498.8798828125,4652450000
2021-07-21,14508.75,14633.1396484375,14498.650390625,14631.9501953125,4098520000
2021-07-22,14652.7197265625,14694.1904296875,14617.8701171875,14684.599609375,3597540000
2021-07-23,14753.0595703125,14846.0595703125,14698.76953125,14836.990234375,3997250000
2021-07-26,14821.0302734375,14863.650390625,14790.490234375,14840.7099609375,4437090000
2021-07-27,14807.9501953125,14811.080078125,14503.759765625,14660.580078125,4329230000
2021-07-28,14715.66015625,14798.8798828125,14645.6298828125,14762.580078125,4268210000
2021-07-29,14771.169921875,14833.740234375,14761.3798828125,14778.259765625,3928640000
2021-07-30,14615.849609375,14728.7802734375,14615.849609375,14672.6796875,3645050000
2021-08-02,14758.599609375,14770.41015625,14665.669921875,14681.0703125,3746130000
2021-08-03,14713.990234375,14762.599609375,14584.08984375,14761.2900390625,4141370000
2021-08-04,14747.2099609375,14812.3701171875,14734.1201171875,14780.5302734375,4337330000
2021-08-05,14794.080078125,14896.4697265625,14776.0302734375,14895.1201171875,4107300000
2021-08-06,14864.2197265625,14890.1796875,14788.58984375,14835.759765625,4173090000
2021-08-09,14855.759765625,14883.8095703125,14802.6904296875,14860.1796875,4111640000
2021-08-10,14887.75,14894.6103515625,14754.48046875,14788.08984375,3991770000
2021-08-11,14834.3798828125,14842.5,14692.41015625,14765.1396484375,4002340000
2021-08-12,14751.3603515625,14824.3095703125,14698.9404296875,14816.259765625,4049000000
2021-08-13,14825.0703125,14850.6103515625,14797.2197265625,14822.900390625,4061070000
2021-08-16,14771.5302734375,14794.6796875,14610.01953125,14793.759765625,3973920000
2021-08-17,14670.5595703125,14716.9501953125,14550.8798828125,14656.1796875,4168880000
2021-08-18,14636.240234375,14697.25,14516.2998046875,14525.91015625,3841840000
2021-08-19,14423.16015625,14610.759765625,14423.16015625,14541.7900390625,4191490000
2021-08-20,14571.5302734375,14722.16015625,14571.5302734375,14714.66015625,3886340000
2021-08-23,14776.98046875,14963.4697265625,14776.98046875,14942.650390625,3906780000
2021-08-24,14978.1396484375,15034.8896484375,14965.5400390625,15019.7998046875,3809750000
2021-08-25,15039.0302734375,15059.4296875,15011.580078125,15041.8603515625,3654150000
2021-08-26,15025.169921875,15059.6298828125,14939.5595703125,14945.8095703125,3630900000
2021-08-27,14969.76953125,15144.48046875,14966.51953125,15129.5,4048610000
2021-08-30,15165.9404296875,15288.080078125,15165.1201171875,15265.8896484375,4061760000
2021-08-31,15262.8798828125,15278.9599609375,15202.669921875,15259.240234375,4188020000
2021-09-01,15308.98046875,15379.5,15302.1103515625,15309.3798828125,4271690000
2021-09-02,15358.4697265625,15380.0703125,15285.349609375,15331.1796875,4050510000
2021-09-03,15313.41015625,15375.5595703125,15283.669921875,15363.51953125,3706990000
2021-09-07,15375.98046875,15403.4404296875,15343.2802734375,15374.330078125,4014250000
2021-09-08,15360.349609375,15360.349609375,15206.6103515625,15286.6396484375,4131560000
2021-09-09,15296.0595703125,15352.3798828125,15245.169921875,15248.25,4031140000
2021-09-10,15332.919921875,15349.4697265625,15111.3095703125,15115.490234375,4587150000
2021-09-13,15211.4296875,15215.4404296875,15030.849609375,15105.580078125,4723370000
2021-09-14,15168.4501953125,15181.1904296875,15008.2998046875,15037.759765625,4593140000
2021-09-15,15071.33984375,15174.3798828125,14984.6796875,15161.5302734375,4465140000
2021-09-16,15120.08984375,15205.5,15047.1396484375,15181.919921875,3701500000
2021-09-17,15163.3603515625,15166.5595703125,14998.73046875,15043.9697265625,6709540000
2021-09-20,14758.1396484375,14841.8203125,14530.0703125,14713.900390625,4879490000
2021-09-21,14803.3603515625,14847.0302734375,14696.4697265625,14746.400390625,4083010000
2021-09-22,14800.58984375,14950.1201171875,14767.009765625,14896.849609375,4252490000
2021-09-23,14960.0,15085.4404296875,14932.509765625,15052.240234375,4196130000
2021-09-24,14961.6103515625,15067.5595703125,14946.5703125,15047.7001953125,3992150000
2021-09-27,14954.1796875,15003.16015625,14864.9599609375,14969.9697265625,4650790000
2021-09-28,14787.2099609375,14817.740234375,14539.8798828125,14546.6796875,4989510000
2021-09-29,14614.8798828125,14676.6201171875,14493.669921875,14512.4404296875,5294600000
2021-09-30,14582.599609375,14632.3603515625,14444.2998046875,14448.580078125,5950950000
2021-10-01,14494.9296875,14606.8203125,14324.009765625,14566.7001953125,4710720000
2021-10-04,14493.1201171875,14499.740234375,14181.6904296875,14255.48046875,4557110000
2021-10-05,14312.8603515625,14508.650390625,14299.7802734375,14433.830078125,4176390000
2021-10-06,14289.4501953125,14509.5498046875,14259.0703125,14501.91015625,4465910000
2021-10-07,14631.7998046875,14755.7197265625,14615.1396484375,14654.01953125,3984180000
2021-10-08,14694.7197265625,14699.91015625,14569.6796875,14579.5400390625,3571380000
2021-10-11,14540.080078125,14665.990234375,14482.6201171875,14486.2001953125,3539540000
2021-10-12,14539.08984375,14552.7099609375,14441.599609375,14465.919921875,4063830000
2021-10-13,14537.169921875,14589.2802734375,14471.8798828125,14571.6396484375,4053580000
2021-10-14,14717.5,14827.5595703125,14699.51953125,14823.4296875,4262400000
2021-10-15,14891.240234375,14904.98046875,14847.9599609375,14897.33984375,4494440000
2021-10-18,14839.740234375,15026.6796875,14833.2802734375,15021.8095703125,4167740000
2021-10-19,15073.1298828125,15137.849609375,15049.73046875,15129.08984375,4483400000
2021-10-20,15160.0,15178.3896484375,15071.150390625,15121.6796875,4117050000
2021-10-21,15104.7998046875,15222.25,15094.1396484375,15215.7001953125,4961860000
2021-10-22,15158.0703125,15193.009765625,15021.01953125,15090.2001953125,5775770000
2021-10-25,15142.919921875,15259.6298828125,15070.75,15226.7099609375,5750200000
2021-10-26,15317.5,15384.0,15198.23046875,15235.7099609375,7173230000
2021-10-27,15276.0,15364.5400390625,15235.83984375,15235.83984375,6130110000
2021-10-28,15304.740234375,15452.2998046875,15290.3095703125,15448.1201171875,5714890000
2021-10-29,15323.2900390625,15504.1201171875,15323.2900390625,15498.3896484375,5338290000
2021-11-01,15541.259765625,15598.9501953125,15470.8203125,15595.919921875,5273950000
2021-11-02,15583.98046875,15656.599609375,15569.26953125,15649.599609375,5129370000
2021-11-03,15658.51953125,15821.5703125,15616.4404296875,15811.580078125,5325110000
2021-11-04,15849.740234375,15966.08984375,15827.66015625,15940.3095703125,5297250000
2021-11-05,16003.5595703125,16053.3896484375,15900.7802734375,15971.58984375,5566400000
2021-11-08,15995.7197265625,16038.23046875,15961.8095703125,15982.3603515625,5723650000
2021-11-09,16024.1298828125,16035.2099609375,15836.6796875,15886.5400390625,5574660000
2021-11-10,15753.83984375,15867.240234375,15543.6796875,15622.7099609375,5369110000
2021-11-11,15752.080078125,15768.0302734375,15695.76953125,15704.2802734375,4570460000
2021-11-12,15752.6201171875,15874.5703125,15705.3798828125,15860.9599609375,5446540000
2021-11-15,15894.8203125,15918.4501953125,15778.3095703125,15853.849609375,5020180000
2021-11-16,15840.3203125,15989.6103515625,15825.0,15973.8603515625,5533020000
2021-11-17,15973.6201171875,15998.5703125,15909.3896484375,15921.5703125,5049320000
2021-11-18,15973.3896484375,16010.8798828125,15848.830078125,15993.7099609375,5391360000
2021-11-19,16042.16015625,16121.1201171875,16017.23046875,16057.4404296875,4875310000
2021-11-22,16120.919921875,16212.23046875,15851.0400390625,15854.759765625,5567830000
2021-11-23,15809.5,15895.8603515625,15601.4599609375,15775.1396484375,5434380000
2021-11-24,15677.8798828125,15848.5595703125,15591.3603515625,15845.23046875,4197090000
2021-11-26,15664.3798828125,15731.5400390625,15456.08984375,15491.66015625,3502170000
2021-11-29,15719.419921875,15833.1103515625,15644.6103515625,15782.830078125,4836230000
2021-11-30,15716.5,15828.2001953125,15451.3896484375,15537.6904296875,6631470000
2021-12-01,15752.26953125,15816.8203125,15243.9296875,15254.0498046875,6320260000
2021-12-02,15181.8203125,15444.5400390625,15150.1201171875,15381.3203125,5418340000
2021-12-03,15428.7099609375,15470.3603515625,14931.0595703125,15085.4697265625,5900290000
2021-12-06,15117.6298828125,15281.990234375,14931.6103515625,15225.150390625,5115230000
2021-12-07,15510.91015625,15720.08984375,15507.66015625,15686.919921875,5116490000
2021-12-08,15690.650390625,15792.6396484375,15618.8798828125,15786.990234375,4615390000
2021-12-09,15720.5400390625,15796.0498046875,15511.1201171875,15517.3701171875,4515600000
2021-12-10,15629.58984375,15677.599609375,15477.849609375,15630.599609375,4426210000
2021-12-13,15621.26953125,15637.0595703125,15408.25,15413.2802734375,4573920000
2021-12-14,15215.9599609375,15317.5498046875,15097.349609375,15237.6396484375,4865990000
2021-12-15,15230.7099609375,15575.759765625,15055.23046875,15565.580078125,5343920000
2021-12-16,15629.080078125,15633.1904296875,15119.490234375,15180.4296875,4906480000
2021-12-17,15036.76953125,15288.7802734375,14960.3701171875,15169.6796875,7668770000
2021-12-20,14933.0,15007.2998046875,14860.0400390625,14980.9404296875,4602640000
2021-12-21,15140.4296875,15349.0595703125,15015.0302734375,15341.08984375,4581720000
2021-12-22,15319.16015625,15525.9697265625,15303.0595703125,15521.8896484375,4107900000
2021-12-23,15544.7900390625,15697.98046875,15528.91015625,15653.3701171875,3935010000
2021-12-27,15696.830078125,15871.400390625,15696.830078125,15871.259765625,3743920000
2021-12-28,15895.2001953125,15901.4697265625,15757.0703125,15781.7197265625,3648500000
2021-12-29,15794.919921875,15821.8095703125,15679.849609375,15766.2197265625,3714380000
2021-12-30,15758.98046875,15868.08984375,15729.16015625,15741.5595703125,3750920000
2021-12-31,15722.91015625,15777.4296875,15643.9404296875,15644.9697265625,3392580000
2022-01-03,15732.5,15832.7998046875,15644.08984375,15832.7998046875,4429960000
2022-01-04,15852.1396484375,15852.1396484375,15512.41015625,15622.7197265625,5131110000
2022-01-05,15547.16015625,15586.2998046875,15095.1796875,15100.169921875,5031850000
2022-01-06,15024.150390625,15198.4501953125,14914.8701171875,15080.8603515625,4790820000
2022-01-07,15095.7197265625,15171.01953125,14877.6298828125,14935.900390625,4238070000
2022-01-10,14751.7802734375,14953.849609375,14530.23046875,14942.830078125,5317180000
2022-01-11,14919.259765625,15158.7099609375,14837.6298828125,15153.4501953125,4390710000
2022-01-12,15263.099609375,15319.0302734375,15117.2900390625,15188.3896484375,4338530000
2022-01-13,15245.0400390625,15259.7099609375,14782.240234375,14806.8095703125,4302020000
2022-01-14,14708.01953125,14897.6796875,14689.4296875,14893.75,4374020000
2022-01-18,14681.830078125,14740.5400390625,14482.9404296875,14506.900390625,5060790000
2022-01-19,14582.2197265625,14658.8896484375,14331.650390625,14340.259765625,4665340000
2022-01-20,14462.849609375,14642.0302734375,14140.7802734375,14154.01953125,5102050000
2022-01-21,14046.2197265625,14171.7197265625,13764.240234375,13768.919921875,5870830000
2022-01-24,13481.5,13876.6103515625,13094.650390625,13855.1298828125,6998770000
2022-01-25,13610.8701171875,13781.6201171875,13414.1396484375,13539.2900390625,5019380000
2022-01-26,13871.76953125,14002.650390625,13392.1904296875,13542.1201171875,5771140000
2022-01-27,13710.990234375,13765.91015625,13322.66015625,13352.7802734375,5177380000
2022-01-28,13436.7099609375,13771.91015625,13236.5595703125,13770.5703125,4971930000
2022-01-31,13812.1904296875,14242.900390625,13767.7099609375,14239.8798828125,5124940000
2022-02-01,14277.4296875,14358.6904296875,14070.76953125,14346.0,4671850000
2022-02-02,14494.4697265625,14504.8203125,14264.650390625,14417.5498046875,4673140000
2022-02-03,14045.830078125,14207.8896484375,13851.740234375,13878.8203125,4326300000
2022-02-04,13958.48046875,14222.759765625,13850.3896484375,14098.009765625,4121340000
2022-02-07,14118.7900390625,14236.3095703125,13974.099609375,14015.669921875,4268730000
2022-02-08,13984.4296875,14226.48046875,13934.7802734375,14194.4501953125,4293770000
2022-02-09,14368.16015625,14490.7197265625,14330.8701171875,14490.3701171875,4729730000
2022-02-10,14228.6796875,14509.5595703125,14118.2001953125,14185.6396484375,5212510000
2022-02-11,14213.6201171875,14246.7001953125,13733.16015625,13791.150390625,5237320000
2022-02-14,13768.9697265625,13921.7099609375,13664.759765625,13790.919921875,4347350000
2022-02-15,13997.1796875,14142.490234375,13976.2900390625,14139.759765625,4416840000
2022-02-16,14038.919921875,14163.73046875,13931.990234375,14124.08984375,4238560000
2022-02-17,14004.1904296875,14020.8203125,13704.7001953125,13716.7197265625,4278370000
2022-02-18,13735.400390625,13762.400390625,13465.5595703125,13548.0703125,4501940000
2022-02-22,13424.3603515625,13618.7197265625,13249.650390625,13381.51953125,4849170000
2022-02-23,13511.75,13533.7802734375,13032.169921875,13037.490234375,4639330000
2022-02-24,12587.8798828125,13486.1103515625,12587.8798828125,13473.58984375,6180200000
2022-02-25,13485.259765625,13696.8603515625,13358.2900390625,13694.6201171875,4628720000
2022-02-28,13570.830078125,13810.6396484375,13549.900390625,13751.400390625,5928130000
2022-03-01,13716.7001953125,13777.0400390625,13441.3203125,13532.4599609375,6131350000
2022-03-02,13597.5302734375,13796.5498046875,13493.91015625,13752.01953125,5246390000
2022-03-03,13837.58984375,13837.58984375,13472.6396484375,13537.9404296875,5092580000
2022-03-04,13455.23046875,13486.7099609375,13224.98046875,13313.4404296875,5343900000
2022-03-07,13328.3603515625,13353.2802734375,12828.01953125,12830.9599609375,6195370000
2022-03-08,12800.0400390625,13159.4404296875,12670.080078125,12795.5498046875,6683960000
2022-03-09,13113.7001953125,13301.16015625,13039.7900390625,13255.5498046875,5396550000
2022-03-10,13098.349609375,13163.5,12946.2802734375,13129.9599609375,5071250000
2022-03-11,13229.76953125,13239.349609375,12830.3701171875,12843.8095703125,5288210000
2022-03-14,12795.1201171875,12918.009765625,12555.349609375,12581.2197265625,5876710000
2022-03-15,12685.23046875,12973.8798828125,12616.58984375,12948.6201171875,5440100000
2022-03-16,13119.3701171875,13440.1201171875,12992.2001953125,13436.5498046875,6552210000
2022-03-17,13360.7197265625,13620.7998046875,13317.1396484375,13614.7802734375,5612090000
2022-03-18,13564.6298828125,13899.2802734375,13528.0595703125,13893.83984375,8149290000
2022-03-21,13860.3896484375,13945.8095703125,13682.5498046875,13838.4599609375,5673940000
2022-03-22,13866.4296875,14141.0703125,13857.2900390625,14108.8203125,5445100000
2022-03-23,13990.349609375,14152.1396484375,13921.650390625,13922.599609375,5024230000
2022-03-24,14001.3203125,14193.5498046875,13897.2001953125,14191.83984375,5149520000
2022-03-25,14194.7197265625,14218.759765625,14010.7900390625,14169.2998046875,5585100000
2022-03-28,14177.2099609375,14356.0,14101.33984375,14354.900390625,5129500000
2022-03-29,14500.3896484375,14646.900390625,14419.400390625,14619.6396484375,6060890000
2022-03-30,14558.58984375,14609.25,14383.4501953125,14442.26953125,5479200000
2022-03-31,14444.7802734375,14456.740234375,14217.7197265625,14220.51953125,5453890000
2022-04-01,14269.5302734375,14306.9404296875,14131.8095703125,14261.5,5002790000
2022-04-04,14304.349609375,14534.3798828125,14286.4501953125,14532.5498046875,4630100000
2022-04-05,14490.259765625,14500.2900390625,14169.1201171875,14204.169921875,4727710000
2022-04-06,14002.580078125,14032.83984375,13788.900390625,13888.8203125,5360420000
2022-04-07,13861.490234375,13978.25,13689.23046875,13897.2998046875,4856090000
2022-04-08,13830.4697265625,13866.0595703125,13693.6904296875,13711.0,4574080000
2022-04-11,13547.2900390625,13585.080078125,13401.3896484375,13411.9599609375,4946680000
2022-04-12,13584.6904296875,13685.9501953125,13317.740234375,13371.5703125,4991720000
2022-04-13,13373.1201171875,13679.4296875,13353.66015625,13643.58984375,4909720000
2022-04-14,13647.4296875,13662.9296875,13345.2197265625,13351.080078125,4642240000
2022-04-18,13319.3896484375,13414.26953125,13222.0302734375,13332.3603515625,4365230000
2022-04-19,13312.4404296875,13643.9697265625,13281.2197265625,13619.66015625,4562840000
2022-04-20,13665.3798828125,13678.5498046875,13426.1298828125,13453.0703125,4678930000
2022-04-21,13623.7001953125,13710.7001953125,13140.830078125,13174.650390625,5233110000
2022-04-22,13168.7998046875,13212.599609375,12828.01953125,12839.2900390625,4475090000
2022-04-25,12749.169921875,13011.4501953125,12722.58984375,13004.849609375,4845160000
2022-04-26,12918.0400390625,12918.0400390625,12490.740234375,12490.740234375,5168160000
2022-04-27,12500.8798828125,12703.7900390625,12430.900390625,12488.9296875,4810720000
2022-04-28,12712.8603515625,12948.51953125,12487.8603515625,12871.5302734375,5067150000
2022-04-29,12710.419921875,12861.830078125,12315.740234375,12334.6396484375,4733070000
2022-05-02,12331.6904296875,12542.5400390625,12202.41015625,12536.01953125,4918240000
2022-05-03,12511.4599609375,12645.830078125,12460.990234375,12563.759765625,4547280000
2022-05-04,12574.73046875,12985.009765625,12367.01953125,12964.8603515625,5498050000
2022-05-05,12787.51953125,12787.51953125,12183.5595703125,12317.6904296875,5308920000
2022-05-06,12246.830078125,12358.419921875,11990.150390625,12144.66015625,5324480000
2022-05-09,11923.0302734375,11990.6103515625,11574.9404296875,11623.25,5939140000
2022-05-10,11900.33984375,11944.9404296875,11566.2802734375,11737.669921875,6218260000
2022-05-11,11645.5703125,11844.509765625,11339.1796875,11364.240234375,6152370000
2022-05-12,11199.25,11547.330078125,11108.759765625,11370.9599609375,6679470000
2022-05-13,11555.9697265625,11856.7099609375,11510.259765625,11805.0,5894020000
2022-05-16,11727.1396484375,11804.58984375,11627.5302734375,11662.7900390625,4930250000
2022-05-17,11905.5703125,11988.4296875,11754.2802734375,11984.51953125,5093960000
2022-05-18,11790.6796875,11826.2197265625,11381.6904296875,11418.150390625,5064120000
2022-05-19,11364.400390625,11562.8203125,11313.3095703125,11388.5,5154410000
2022-05-20,11542.669921875,11552.2099609375,11035.6904296875,11354.6201171875,5434370000
2022-05-23,11396.2802734375,11552.0703125,11304.5595703125,11535.26953125,4552200000
2022-05-24,11326.4404296875,11351.6103515625,11092.48046875,11264.4501953125,4724430000
2022-05-25,11225.0302734375,11511.900390625,11211.849609375,11434.740234375,4519690000
2022-05-26,11409.83984375,11796.9697265625,11406.16015625,11740.650390625,4672620000
2022-05-27,11869.6904296875,12131.66015625,11856.8203125,12131.1298828125,4793900000
2022-05-31,12137.5400390625,12190.080078125,11942.5,12081.3896484375,6045500000
2022-06-01,12176.8896484375,12237.9404296875,11901.4296875,11994.4599609375,4719900000
2022-06-02,11945.5703125,12320.1201171875,11901.4501953125,12316.900390625,4445840000
2022-06-03,12097.1201171875,12167.4404296875,11966.6201171875,12012.73046875,4130040000
2022-06-06,12200.330078125,12245.400390625,12004.2001953125,12061.3701171875,4647010000
2022-06-07,11925.8095703125,12194.8603515625,11888.6103515625,12175.23046875,4411240000
2022-06-08,12147.2802734375,12235.7802734375,12052.7001953125,12086.26953125,4708980000
2022-06-09,12016.4697265625,12115.0595703125,11751.98046875,11754.23046875,5408460000
2022-06-10,11543.8798828125,11569.150390625,11328.26953125,11340.01953125,5152020000
2022-06-13,10986.849609375,11071.48046875,10775.1396484375,10809.23046875,5937320000
2022-06-14,10897.4296875,10926.8095703125,10733.0400390625,10828.349609375,4819890000
2022-06-15,10968.400390625,11244.259765625,10866.3896484375,11099.150390625,5368500000
2022-06-16,10806.01953125,10831.0703125,10565.1396484375,10646.099609375,5696630000
2022-06-17,10697.5498046875,10884.7099609375,10638.7197265625,10798.349609375,7452830000
2022-06-21,10974.0498046875,11164.990234375,10974.0498046875,11069.2998046875,5226260000
2022-06-22,10941.9501953125,11216.76953125,10938.0595703125,11053.080078125,5238180000
2022-06-23,11137.6796875,11260.26953125,11046.2802734375,11232.1904296875,5258200000
2022-06-24,11351.3095703125,11613.23046875,11337.7802734375,11607.6201171875,9468130000
2022-06-27,11661.01953125,11677.490234375,11487.0703125,11524.5498046875,5047860000
2022-06-28,11542.240234375,11635.849609375,11177.6796875,11181.5400390625,5433220000
2022-06-29,11160.2197265625,11226.330078125,11072.1904296875,11177.8896484375,5650860000
2022-06-30,11048.25,11160.919921875,10850.009765625,11028.740234375,5654520000
2022-07-01,11006.830078125,11132.5498046875,10922.7099609375,11127.849609375,4865730000
2022-07-05,10964.1796875,11323.8896484375,10911.4501953125,11322.240234375,5053570000
2022-07-06,11337.900390625,11443.150390625,11250.3203125,11361.849609375,4851170000
2022-07-07,11422.599609375,11644.4697265625,11412.8798828125,11621.349609375,4685050000
2022-07-08,11503.6103515625,11689.7001953125,11479.76953125,11635.3095703125,4526570000
2022-07-11,11524.490234375,11541.099609375,11348.0595703125,11372.599609375,4362910000
2022-07-12,11420.8896484375,11483.169921875,11207.080078125,11264.73046875,4317860000
2022-07-13,11056.5498046875,11325.669921875,11031.26953125,11247.580078125,4433060000
2022-07-14,11151.2099609375,11279.9697265625,11005.9296875,11251.1904296875,4481070000
2022-07-15,11379.3603515625,11454.6904296875,11295.330078125,11452.419921875,4369060000
2022-07-18,11561.6396484375,11629.0302734375,11322.83984375,11360.0498046875,5057920000
2022-07-19,11515.0,11721.2197265625,11448.9697265625,11713.150390625,5302740000
2022-07-20,11726.08984375,11939.9599609375,11703.3603515625,11897.650390625,5467080000
2022-07-21,11914.150390625,12060.58984375,11812.7197265625,12059.6103515625,4680930000
2022-07-22,12025.3701171875,12093.01953125,11767.1904296875,11834.1103515625,4721880000
2022-07-25,11837.9599609375,11855.1103515625,11707.5302734375,11782.669921875,4346520000
2022-07-26,11701.5302734375,11711.3095703125,11533.3701171875,11562.5703125,4349760000
2022-07-27,11756.1904296875,12081.73046875,11718.3798828125,12032.419921875,4588480000
2022-07-28,12036.48046875,12179.08984375,11886.669921875,12162.58984375,4924950000
2022-07-29,12239.6904296875,12426.259765625,12181.1298828125,12390.6904296875,4907410000
2022-08-01,12317.9599609375,12499.7197265625,12271.98046875,12368.98046875,4396390000
2022-08-02,12287.669921875,12503.33984375,12260.48046875,12348.759765625,4792140000
2022-08-03,12433.8701171875,12699.6396484375,12425.2099609375,12668.16015625,5667990000
2022-08-04,12675.0400390625,12736.1904296875,12600.7802734375,12720.580078125,5451470000
2022-08-05,12538.7998046875,12720.4404296875,12525.76953125,12657.5498046875,4911300000
2022-08-08,12703.7197265625,12855.150390625,12597.75,12644.4599609375,5238600000
2022-08-09,12557.490234375,12582.91015625,12438.8603515625,12493.9296875,5307340000
2022-08-10,12793.4404296875,12861.4404296875,12698.6103515625,12854.7998046875,5196210000
2022-08-11,12944.8203125,13026.240234375,12760.08984375,12779.91015625,5815960000
2022-08-12,12866.3095703125,13047.1904296875,12821.2197265625,13047.1904296875,4782610000
2022-08-15,12996.6298828125,13146.0595703125,12993.7802734375,13128.0498046875,4476040000
2022-08-16,13082.6396484375,13181.08984375,12979.240234375,13102.5498046875,5028410000
2022-08-17,12968.6298828125,13053.509765625,12863.009765625,12938.1201171875,5229520000
2022-08-18,12937.7900390625,13002.66015625,12873.490234375,12965.33984375,4724350000
2022-08-19,12832.26953125,12859.009765625,12674.8701171875,12705.2197265625,4628170000
2022-08-22,12523.16015625,12538.5498046875,12353.73046875,12381.5703125,4270980000
2022-08-23,12380.3701171875,12490.849609375,12352.0302734375,12381.2998046875,3836180000
2022-08-24,12375.150390625,12504.330078125,12350.16015625,12431.5302734375,3917170000
2022-08-25,12506.3701171875,12641.259765625,12471.98046875,12639.26953125,4323470000
2022-08-26,12630.580078125,12655.83984375,12141.51953125,12141.7099609375,4530000000
2022-08-29,12021.0498046875,12124.8701171875,11981.419921875,12017.669921875,4209850000
2022-08-30,12093.0595703125,12101.849609375,11790.01953125,11883.1396484375,4681520000
2022-08-31,11972.5595703125,12027.4296875,11814.169921875,11816.2001953125,4952010000
2022-09-01,11707.4404296875,11798.3701171875,11546.51953125,11785.1298828125,4792890000
2022-09-02,11899.1396484375,11945.91015625,11573.509765625,11630.8603515625,4257410000
2022-09-06,11643.0302734375,11679.4296875,11471.5,11544.91015625,4622940000
2022-09-07,11559.3798828125,11819.0703125,11555.080078125,11791.900390625,4445640000
2022-09-08,11679.8603515625,11896.73046875,11660.5302734375,11862.1298828125,4329910000
2022-09-09,11958.6103515625,12132.669921875,11958.6103515625,12112.3095703125,4401590000
2022-09-12,12174.9404296875,12270.1904296875,12169.2802734375,12266.41015625,4146680000
2022-09-13,11908.8095703125,11957.9697265625,11604.4296875,11633.5703125,5188380000
2022-09-14,11680.41015625,11746.830078125,11602.759765625,11719.6796875,4861530000
2022-09-15,11633.240234375,11760.73046875,11497.1103515625,11552.3603515625,4805910000
2022-09-16,11401.2099609375,11460.4296875,11316.919921875,11448.400390625,7451840000
2022-09-19,11338.5703125,11538.1298828125,11337.830078125,11535.01953125,4168670000
2022-09-20,11440.1396484375,11520.990234375,11343.7197265625,11425.0498046875,4028100000
2022-09-21,11466.2099609375,11613.5703125,11218.990234375,11220.1904296875,4471000000
2022-09-22,11167.3798828125,11203.76953125,11024.6396484375,11066.8095703125,4916470000
2022-09-23,10952.6904296875,10958.2900390625,10732.7197265625,10867.9296875,5134350000
2022-09-26,10833.3798828125,11024.0,10789.0498046875,10802.919921875,4697730000
2022-09-27,10955.2900390625,11040.98046875,10741.01953125,10829.5,4445050000
2022-09-28,10817.51953125,11101.5,10776.33984375,11051.6396484375,4556100000
2022-09-29,10894.4404296875,10899.4697265625,10623.2197265625,10737.509765625,4516630000
2022-09-30,10697.7099609375,10883.0400390625,10572.330078125,10575.6201171875,4649710000
2022-10-03,10659.009765625,10875.4599609375,10577.8896484375,10815.4296875,4415440000
2022-10-04,11054.7197265625,11189.9599609375,11044.0400390625,11176.41015625,5004780000
2022-10-05,11022.669921875,11210.3203125,10910.759765625,11148.6396484375,4091860000
2022-10-06,11129.0400390625,11230.4404296875,11051.26953125,11073.3095703125,4423320000
2022-10-07,10877.2802734375,10891.9296875,10608.51953125,10652.400390625,4634190000
2022-10-10,10659.9501953125,10669.9296875,10449.0400390625,10542.099609375,3989640000
2022-10-11,10484.3701171875,10608.83984375,10351.98046875,10426.1904296875,4738840000
2022-10-12,10437.0,10494.5302734375,10372.2099609375,10417.099609375,4091030000
2022-10-13,10131.8203125,10697.7099609375,10088.830078125,10649.150390625,5300080000
2022-10-14,10742.8095703125,10766.6904296875,10308.8095703125,10321.3896484375,4393000000
2022-10-17,10575.650390625,10696.58984375,10569.6904296875,10675.7998046875,4439190000
2022-10-18,10963.990234375,10972.9697265625,10670.1201171875,10772.400390625,5047360000
2022-10-19,10689.3095703125,10808.0400390625,10592.8798828125,10680.509765625,4955090000
2022-10-20,10657.41015625,10837.2998046875,10574.5498046875,10614.83984375,4628010000
2022-10-21,10576.0400390625,10875.7197265625,10542.4296875,10859.7197265625,4706440000
2022-10-24,10867.0703125,10983.51953125,10713.330078125,10952.6103515625,4808710000
2022-10-25,10996.9697265625,11210.3798828125,10996.9697265625,11199.1201171875,5141760000
2022-10-26,10969.01953125,11205.83984375,10948.3798828125,10970.990234375,5224440000
2022-10-27,10971.9501953125,10998.73046875,10780.5,10792.669921875,4773520000
2022-10-28,10766.2001953125,11117.0400390625,10766.2001953125,11102.4501953125,4731940000
2022-10-31,11028.4296875,11047.9404296875,10914.009765625,10988.150390625,4753740000
2022-11-01,11154.740234375,11156.349609375,10881.1904296875,10890.849609375,4677520000
2022-11-02,10885.009765625,10993.240234375,10522.900390625,10524.7998046875,5436420000
2022-11-03,10399.4501953125,10486.009765625,10319.5400390625,10342.9404296875,5102190000
2022-11-04,10548.1396484375,10553.6298828125,10262.9296875,10475.25,5453750000
2022-11-07,10516.9404296875,10587.9599609375,10428.91015625,10564.51953125,4456690000
2022-11-08,10611.5302734375,10745.6396484375,10472.73046875,10616.2001953125,5134500000
2022-11-09,10528.4501953125,10564.9697265625,10344.009765625,10353.169921875,4977460000
2022-11-10,10869.169921875,11119.1201171875,10779.9501953125,11114.150390625,6433000000
2022-11-11,11124.75,11352.4296875,11069.830078125,11323.330078125,5867750000
2022-11-14,11233.900390625,11350.1201171875,11167.169921875,11196.2197265625,5004060000
2022-11-15,11474.8203125,11492.6201171875,11241.150390625,11358.41015625,5617310000
2022-11-16,11260.099609375,11286.099609375,11162.919921875,11183.66015625,4585190000
2022-11-17,11008.669921875,11198.83984375,11006.2099609375,11144.9599609375,4354360000
2022-11-18,11257.009765625,11259.4404296875,11059.16015625,11146.0595703125,4175420000
2022-11-21,11091.009765625,11128.7802734375,10999.75,11024.509765625,3977130000
2022-11-22,11058.5595703125,11179.8701171875,10975.66015625,11174.41015625,4186360000
2022-11-23,11174.6103515625,11310.8203125,11174.6103515625,11285.3203125,4431530000
2022-11-25,11231.0,11261.5703125,11206.3798828125,11226.3603515625,2184080000
2022-11-28,11147.5703125,11217.75,11020.6904296875,11049.5,4271360000
2022-11-29,11060.01953125,11086.01953125,10944.3701171875,10983.7802734375,4592830000
2022-11-30,10995.2001953125,11468.4697265625,10966.5302734375,11468.0,6653460000
2022-12-01,11475.169921875,11546.76953125,11378.75,11482.4501953125,5158120000
2022-12-02,11308.3798828125,11492.3203125,11296.7197265625,11461.5,4523010000
2022-12-05,11380.990234375,11425.509765625,11193.01953125,11239.9404296875,4510030000
2022-12-06,11228.419921875,11241.419921875,10956.2001953125,11014.8896484375,4713330000
2022-12-07,10963.9501953125,11039.8095703125,10910.6201171875,10958.5498046875,4343860000
2022-12-08,11011.330078125,11119.16015625,10939.4697265625,11082.0,4281800000
2022-12-09,11038.169921875,11138.7001953125,10999.259765625,11004.6201171875,4337440000
2022-12-12,11015.48046875,11144.669921875,10984.8203125,11143.740234375,4829990000
2022-12-13,11542.83984375,11571.6396484375,11160.5400390625,11256.8095703125,6126890000
2022-12-14,11248.08984375,11352.08984375,11065.240234375,11170.8896484375,5485150000
2022-12-15,11012.6201171875,11029.5703125,10775.6103515625,10810.5302734375,5536070000
2022-12-16,10767.6298828125,10833.240234375,10642.099609375,10705.41015625,7968170000
2022-12-19,10707.4404296875,10713.9697265625,10497.5498046875,10546.0302734375,4631820000
2022-12-20,10490.8896484375,10609.4599609375,10446.8203125,10547.1103515625,4707190000
2022-12-21,10592.0,10753.5703125,10569.2001953125,10709.3701171875,4401420000
2022-12-22,10586.4599609375,10599.33984375,10313.3203125,10476.1201171875,5125070000
2022-12-23,10437.75,10514.759765625,10361.8203125,10497.8603515625,3544680000
2022-12-27,10462.1904296875,10472.3203125,10340.73046875,10353.23046875,3827290000
2022-12-28,10339.2001953125,10414.8203125,10207.4697265625,10213.2900390625,3842970000
2022-12-29,10321.4599609375,10502.080078125,10301.0595703125,10478.08984375,4154100000
2022-12-30,10368.3701171875,10468.3095703125,10324.7001953125,10466.48046875,3959030000
2023-01-03,10562.0595703125,10613.0595703125,10309.16015625,10386.98046875,4780650000
2023-01-04,10467.8203125,10515.2197265625,10337.6396484375,10458.759765625,5085380000
2023-01-05,10390.3095703125,10393.2197265625,10295.25,10305.240234375,4764270000
2023-01-06,10363.9599609375,10604.1396484375,10265.0400390625,10569.2900390625,5199780000
2023-01-09,10662.099609375,10807.259765625,10619.1201171875,10635.650390625,5132190000
2023-01-10,10607.7197265625,10743.669921875,10589.58984375,10742.6298828125,4710680000
2023-01-11,10794.990234375,10932.4404296875,10762.73046875,10931.669921875,5284390000
2023-01-12,10969.259765625,11027.75,10797.1201171875,11001.099609375,5681240000
2023-01-13,10906.3701171875,11084.009765625,10900.16015625,11079.16015625,5077990000
2023-01-17,11070.0,11145.4404296875,11024.7197265625,11095.1103515625,5138410000
2023-01-18,11170.9501953125,11223.41015625,10952.0498046875,10957.009765625,5288630000
2023-01-19,10890.400390625,10932.51953125,10804.5703125,10852.26953125,4660800000
2023-01-20,10924.66015625,11143.169921875,10885.650390625,11140.4296875,5980110000
2023-01-23,11171.9404296875,11405.5,11144.0302734375,11364.41015625,5997810000
2023-01-24,11302.9296875,11378.150390625,11282.650390625,11334.26953125,5670860000
2023-01-25,11146.5302734375,11334.2197265625,11069.1796875,11313.3603515625,5485570000
2023-01-26,11458.400390625,11516.0498046875,11341.1904296875,11512.41015625,5732890000
2023-01-27,11470.4697265625,11691.8896484375,11470.26953125,11621.7099609375,6243800000
2023-01-30,11512.33984375,11553.3095703125,11388.5400390625,11393.8095703125,5122320000
2023-01-31,11398.580078125,11586.009765625,11398.3701171875,11584.5498046875,5695150000
2023-02-01,11573.1396484375,11904.01953125,11500.330078125,11816.3203125,6336040000
2023-02-02,12065.150390625,12269.5498046875,12024.1396484375,12200.8203125,7038210000
2023-02-03,11946.8603515625,12231.3095703125,11946.8603515625,12006.9501953125,5954490000
2023-02-06,11904.41015625,11973.41015625,11843.490234375,11887.4501953125,5538350000
2023-02-07,11891.25,12150.2197265625,11836.7802734375,12113.7900390625,5720240000
2023-02-08,12069.1201171875,12096.3896484375,11890.08984375,11910.51953125,5052870000
2023-02-09,12069.099609375,12070.9599609375,11745.1103515625,11789.580078125,5536290000
2023-02-10,11714.599609375,11775.7998046875,11630.5400390625,11718.1201171875,4885030000
2023-02-13,11759.08984375,11910.919921875,11719.73046875,11891.7900390625,4752880000
2023-02-14,11808.2001953125,11999.849609375,11760.5595703125,11960.150390625,5032430000
2023-02-15,11905.1201171875,12071.2900390625,11876.8203125,12070.58984375,5056640000
2023-02-16,11896.3095703125,12040.33984375,11853.3603515625,11855.830078125,5159410000
2023-02-17,11777.5,11803.2197265625,11673.2099609375,11787.26953125,4925230000
2023-02-21,11640.3701171875,11684.1396484375,11491.1796875,11492.2998046875,5002540000
2023-02-22,11517.2001953125,11582.51953125,11445.169921875,11507.0703125,4671270000
2023-02-23,11636.9296875,11638.98046875,11432.580078125,11590.400390625,4714580000
2023-02-24,11404.1796875,11434.3603515625,11334.4697265625,11394.9404296875,4432650000
2023-02-27,11517.1904296875,11565.23046875,11444.599609375,11466.98046875,4494000000
2023-02-28,11451.0498046875,11548.23046875,11435.3896484375,11455.5400390625,5340950000
2023-03-01,11447.580078125,11479.0,11349.8701171875,11379.48046875,4927530000
2023-03-02,11273.76953125,11487.58984375,11273.6103515625,11462.98046875,5313760000
2023-03-03,11524.650390625,11699.6298828125,11514.740234375,11689.009765625,5102210000
2023-03-06,11736.8701171875,11827.919921875,11667.48046875,11675.740234375,4982880000
2023-03-07,11670.98046875,11705.9599609375,11512.0302734375,11530.330078125,5422820000
2023-03-08,11553.08984375,11601.23046875,11487.75,11576.0,5085970000
2023-03-09,11578.3095703125,11667.1201171875,11319.98046875,11338.349609375,5061790000
2023-03-10,11325.3603515625,11373.8095703125,11093.8603515625,11138.8896484375,6193500000
2023-03-13,11041.4599609375,11326.73046875,10982.7998046875,11188.83984375,6201490000
2023-03-14,11357.73046875,11467.01953125,11284.9296875,11428.150390625,5533120000
2023-03-15,11291.169921875,11447.900390625,11238.4404296875,11434.0498046875,5912430000
2023-03-16,11384.8701171875,11733.7998046875,11365.490234375,11717.2802734375,5498920000
2023-03-17,11696.33984375,11773.1103515625,11562.6298828125,11630.509765625,7903090000
2023-03-20,11614.3896484375,11695.5498046875,11550.6904296875,11675.5400390625,4970630000
2023-03-21,11764.7900390625,11879.16015625,11724.91015625,11860.1103515625,4829870000
2023-03-22,11857.5,12013.990234375,11666.849609375,11669.9599609375,4981590000
2023-03-23,11811.3203125,11962.6904296875,11684.51953125,11787.400390625,4917460000
2023-03-24,11747.6201171875,11826.23046875,11670.669921875,11823.9599609375,4363650000
2023-03-27,11868.5400390625,11903.2099609375,11739.0498046875,11768.83984375,4330320000
2023-03-28,11752.759765625,11752.759765625,11635.0302734375,11716.080078125,4036910000
2023-03-29,11855.58984375,11941.599609375,11823.349609375,11926.240234375,4493540000
2023-03-30,12010.4501953125,12044.7900390625,11953.3701171875,12013.4697265625,4738880000
2023-03-31,12031.5400390625,12227.9296875,12030.4404296875,12221.91015625,5521150000
2023-04-03,12146.08984375,12196.33984375,12086.51953125,12189.4501953125,4816440000
2023-04-04,12208.490234375,12224.6796875,12081.8095703125,12126.330078125,4298760000
2023-04-05,12081.759765625,12086.75,11931.849609375,11996.8603515625,4378590000
2023-04-06,11939.080078125,12098.5,11898.3603515625,12087.9599609375,3862800000
2023-04-10,11975.1298828125,12084.9501953125,11924.2001953125,12084.3603515625,4334070000
2023-04-11,12080.240234375,12091.26953125,12011.400390625,12031.8798828125,4676960000
2023-04-12,12110.8701171875,12134.5,11916.5400390625,11929.33984375,4909770000
2023-04-13,11997.419921875,12178.7998046875,11995.9404296875,12166.26953125,4942990000
2023-04-14,12117.91015625,12205.7197265625,12026.5498046875,12123.4697265625,4655740000
2023-04-17,12108.23046875,12159.01953125,12064.099609375,12157.7197265625,4823180000
2023-04-18,12234.5595703125,12245.4296875,12110.23046875,12153.41015625,4851810000
2023-04-19,12063.6796875,12191.099609375,12060.169921875,12157.23046875,4972700000
2023-04-20,12039.080078125,12155.9599609375,12011.9501953125,12059.5595703125,4590530000
2023-04-21,12046.0302734375,12097.150390625,11986.8203125,12072.4599609375,4868050000
2023-04-24,12053.4697265625,12103.580078125,11960.2998046875,12037.2001953125,4854050000
2023-04-25,11968.8095703125,11990.4599609375,11798.76953125,11799.16015625,4806020000
2023-04-26,11913.23046875,11967.990234375,11833.0703125,11854.349609375,5281970000
2023-04-27,11972.150390625,12154.009765625,11950.919921875,12142.240234375,5253710000
2023-04-28,12117.5400390625,12227.7197265625,12082.5703125,12226.580078125,5331380000
2023-05-01,12210.0498046875,12261.3203125,12181.080078125,12212.599609375,5168430000
2023-05-02,12198.01953125,12206.580078125,12015.23046875,12080.509765625,5501410000
2023-05-03,12097.0400390625,12212.5498046875,12022.4599609375,12025.330078125,5782160000
2023-05-04,11997.33984375,12033.150390625,11925.3701171875,11966.400390625,4745780000
2023-05-05,12073.0302734375,12264.830078125,12065.7197265625,12235.41015625,4574790000
2023-05-08,12231.6796875,12264.990234375,12178.259765625,12256.919921875,4216360000
2023-05-09,12195.7802734375,12216.1298828125,12174.0595703125,12179.5498046875,4126780000
2023-05-10,12286.66015625,12337.6904296875,12180.8603515625,12306.4404296875,4948260000
2023-05-11,12321.259765625,12347.3798828125,12255.4404296875,12328.509765625,4489490000
2023-05-12,12350.51953125,12364.650390625,12209.580078125,12284.740234375,4170000000
2023-05-15,12301.169921875,12376.400390625,12263.349609375,12365.2099609375,3979290000
2023-05-16,12327.0498046875,12403.8095703125,12324.51953125,12343.0498046875,4067510000
2023-05-17,12388.580078125,12514.0703125,12335.01953125,12500.5703125,4501820000
2023-05-18,12513.8701171875,12698.5,12512.259765625,12688.83984375,4532890000
2023-05-19,12709.4599609375,12731.73046875,12624.0595703125,12657.900390625,3935780000
2023-05-22,12664.4404296875,12756.23046875,12655.259765625,12720.7802734375,4278920000
2023-05-23,12652.8798828125,12709.740234375,12554.4296875,12560.25,4347440000
2023-05-24,12481.8896484375,12529.6298828125,12415.849609375,12484.16015625,4088270000
2023-05-25,12706.4404296875,12736.919921875,12604.8896484375,12698.08984375,4651640000
2023-05-26,12736.419921875,13001.91015625,12729.740234375,12975.6904296875,4434070000
2023-05-30,13109.099609375,13154.2900390625,12968.1201171875,13017.4296875,4843470000
2023-05-31,12968.3798828125,13029.080078125,12889.3701171875,12935.2900390625,5905760000
2023-06-01,12944.4599609375,13141.830078125,12903.6298828125,13100.98046875,4610310000
2023-06-02,13190.48046875,13256.2099609375,13125.8603515625,13240.76953125,4426760000
2023-06-05,13238.48046875,13330.650390625,13194.9501953125,13229.4296875,4344280000
2023-06-06,13199.58984375,13306.2099609375,13165.650390625,13276.419921875,4810910000
2023-06-07,13295.259765625,13361.900390625,13089.48046875,13104.900390625,5270600000
2023-06-08,13113.26953125,13248.599609375,13101.1796875,13238.51953125,4280160000
2023-06-09,13312.3896484375,13385.9501953125,13229.330078125,13259.1396484375,4412710000
2023-06-12,13326.3701171875,13465.91015625,13302.580078125,13461.919921875,4722680000
2023-06-13,13566.5302734375,13594.400390625,13473.1904296875,13573.3203125,5522100000
2023-06-14,13570.5595703125,13661.740234375,13455.990234375,13626.48046875,5772550000
2023-06-15,13572.8798828125,13828.169921875,13561.3701171875,13782.8203125,5667520000
2023-06-16,13859.0703125,13864.0595703125,13680.9501953125,13689.5703125,8076530000
2023-06-20,13642.2900390625,13711.1796875,13561.83984375,13667.2900390625,5237710000
2023-06-21,13620.8701171875,13638.5703125,13460.9404296875,13502.2001953125,5194640000
2023-06-22,13443.41015625,13631.849609375,13441.5595703125,13630.6103515625,4499550000
2023-06-23,13484.099609375,13572.1904296875,13442.650390625,13492.51953125,7734500000
2023-06-26,13468.740234375,13573.5703125,13334.419921875,13335.7802734375,4430600000
2023-06-27,13389.25,13578.7998046875,13366.9697265625,13555.669921875,5053660000
2023-06-28,13506.01953125,13654.1396484375,13495.73046875,13591.75,4533270000
2023-06-29,13592.3603515625,13618.5302734375,13540.259765625,13591.330078125,4388140000
2023-06-30,13719.98046875,13816.6796875,13716.16015625,13787.919921875,4661120000
2023-07-03,13798.7001953125,13839.08984375,13773.41015625,13816.76953125,2902300000
2023-07-05,13772.099609375,13844.5,13764.25,13791.650390625,5339340000
2023-07-06,13653.169921875,13689.51953125,13567.25,13679.0400390625,6113080000
2023-07-07,13668.0703125,13804.509765625,13656.73046875,13660.7197265625,5098120000
2023-07-10,13645.3701171875,13692.41015625,13584.8701171875,13685.48046875,5275390000
2023-07-11,13709.8095703125,13774.830078125,13643.3203125,13760.7001953125,4840950000
2023-07-12,13915.6396484375,13963.4501953125,13842.1298828125,13918.9599609375,5230620000
2023-07-13,14021.150390625,14163.7998046875,14012.240234375,14138.5703125,5183560000
2023-07-14,14166.66015625,14232.1103515625,14081.9599609375,14113.7001953125,5366890000
2023-07-17,14149.919921875,14274.41015625,14138.009765625,14244.9501953125,4593160000
2023-07-18,14212.25,14396.6904296875,14176.1103515625,14353.6396484375,4824070000
2023-07-19,14398.5302734375,14446.5498046875,14317.08984375,14358.01953125,5112420000
2023-07-20,14273.2900390625,14309.919921875,14030.6201171875,14063.3095703125,5128020000
2023-07-21,14148.1796875,14179.009765625,14020.4501953125,14032.8095703125,5254180000
2023-07-24,14081.6298828125,14110.150390625,13997.1298828125,14058.8701171875,4083070000
2023-07-25,14093.240234375,14201.91015625,14092.51953125,14144.5595703125,3812470000
2023-07-26,14123.51953125,14187.349609375,14041.9501953125,14127.2802734375,4322000000
2023-07-27,14319.16015625,14360.2001953125,14006.9296875,14050.1103515625,5115840000
2023-07-28,14199.830078125,14344.349609375,14188.099609375,14316.66015625,4453520000
2023-07-31,14337.900390625,14370.91015625,14292.75,14346.01953125,4934440000
2023-08-01,14274.9296875,14309.2099609375,14215.6396484375,14283.91015625,4633770000
2023-08-02,14132.73046875,14133.849609375,13914.8095703125,13973.4501953125,5481960000
2023-08-03,13899.759765625,14032.2802734375,13881.349609375,13959.7197265625,6036970000
2023-08-04,14025.9599609375,14119.2197265625,13897.9296875,13909.240234375,5349450000
2023-08-07,13972.4501953125,13997.150390625,13864.919921875,13994.400390625,4892330000
2023-08-08,13875.4501953125,13899.740234375,13769.33984375,13884.3203125,5284550000
2023-08-09,13897.6103515625,13898.5400390625,13698.3896484375,13722.01953125,5591360000
2023-08-10,13818.25,13947.16015625,13686.509765625,13737.990234375,5299080000
2023-08-11,13633.650390625,13720.330078125,13609.98046875,13644.849609375,4638880000
2023-08-14,13599.0,13789.16015625,13582.490234375,13788.330078125,4272020000
2023-08-15,13760.48046875,13774.98046875,13611.9404296875,13631.0498046875,4473320000
2023-08-16,13593.169921875,13644.3203125,13473.0302734375,13474.6298828125,6243760000
2023-08-17,13527.2998046875,13535.08984375,13303.4501953125,13316.9296875,5280180000
2023-08-18,13190.01953125,13335.8701171875,13161.759765625,13290.7802734375,4801910000
2023-08-21,13347.259765625,13516.8603515625,13325.58984375,13497.58984375,4363070000
2023-08-22,13593.9501953125,13598.76953125,13484.3798828125,13505.8701171875,4282430000
2023-08-23,13532.4296875,13757.0,13532.4296875,13721.0302734375,4127850000
2023-08-24,13834.3095703125,13834.6904296875,13462.83984375,13463.9697265625,4383820000
2023-08-25,13514.3701171875,13633.419921875,13376.349609375,13590.650390625,3970060000
2023-08-28,13695.3603515625,13735.98046875,13626.6396484375,13705.1298828125,3666680000
2023-08-29,13687.23046875,13959.8095703125,13677.0595703125,13943.759765625,4748180000
2023-08-30,13961.76953125,14050.8203125,13924.2001953125,14019.3095703125,4364600000
2023-08-31,14041.5400390625,14114.669921875,14010.48046875,14034.9697265625,4568610000
2023-09-01,14129.9599609375,14149.6201171875,13982.419921875,14031.8095703125,4033960000
2023-09-05,13994.5400390625,14060.849609375,13945.650390625,14020.9501953125,4379790000
2023-09-06,13988.8095703125,14001.9501953125,13802.419921875,13872.4697265625,4215320000
2023-09-07,13675.1103515625,13774.6298828125,13642.4697265625,13748.830078125,4320830000
2023-09-08,13754.7099609375,13843.3701171875,13733.1796875,13761.5302734375,4160360000
2023-09-11,13884.0302734375,13937.4697265625,13805.1298828125,13917.8896484375,4538870000
2023-09-12,13858.9404296875,13913.599609375,13763.6904296875,13773.6103515625,4595490000
2023-09-13,13773.669921875,13868.5703125,13733.8203125,13813.58984375,4840310000
2023-09-14,13889.759765625,13957.5703125,13810.66015625,13926.0498046875,4649010000
2023-09-15,13889.2001953125,13895.75,13684.240234375,13708.330078125,8162210000
2023-09-18,13669.9599609375,13751.2802734375,13663.4599609375,13710.240234375,4855880000
2023-09-19,13649.4404296875,13705.150390625,13578.8701171875,13678.1904296875,4453460000
2023-09-20,13710.259765625,13727.8095703125,13467.2802734375,13469.1298828125,4782440000
2023-09-21,13328.0595703125,13362.23046875,13222.5595703125,13223.98046875,5014890000
2023-09-22,13287.169921875,13353.2197265625,13200.6396484375,13211.8095703125,4302700000
2023-09-25,13172.5400390625,13277.830078125,13132.0,13271.3203125,4100290000
2023-09-26,13180.9599609375,13199.1298828125,13033.400390625,13063.6103515625,4693540000
2023-09-27,13115.3603515625,13156.3701171875,12963.16015625,13092.849609375,4841410000
2023-09-28,13043.3701171875,13270.9697265625,13025.1103515625,13201.2802734375,4648390000
2023-09-29,13337.7099609375,13382.98046875,13177.08984375,13219.3203125,5138500000
2023-10-02,13217.98046875,13364.0302734375,13204.080078125,13307.76953125,4554700000
2023-10-03,13229.6796875,13280.0400390625,13008.599609375,13059.4697265625,4684310000
2023-10-04,13092.919921875,13258.759765625,13072.509765625,13236.009765625,4308070000
2023-10-05,13228.1201171875,13251.1796875,13087.5703125,13219.830078125,4167470000
2023-10-06,13127.6796875,13472.26953125,13099.0302734375,13431.33984375,4309420000
2023-10-09,13326.2197265625,13509.2998046875,13277.48046875,13484.240234375,3835930000
2023-10-10,13505.8095703125,13659.6298828125,13491.8095703125,13562.83984375,4301350000
2023-10-11,13619.2099609375,13671.1103515625,13549.2900390625,13659.6796875,4160440000
2023-10-12,13672.4697265625,13714.1396484375,13491.5595703125,13574.2197265625,4858620000
2023-10-13,13613.58984375,13619.5400390625,13361.849609375,13407.23046875,4251550000
2023-10-16,13453.8095703125,13598.0498046875,13447.169921875,13567.98046875,4308690000
2023-10-17,13419.8701171875,13602.25,13364.740234375,13533.75,4417640000
2023-10-18,13439.6796875,13499.740234375,13275.2998046875,13314.2998046875,4617140000
2023-10-19,13354.7998046875,13404.73046875,13157.330078125,13186.1796875,5014790000
2023-10-20,13157.76953125,13177.349609375,12977.4296875,12983.8095703125,4622840000
2023-10-23,12930.849609375,13143.2197265625,12848.830078125,13018.330078125,4669060000
2023-10-24,13084.990234375,13170.3896484375,13022.849609375,13139.8701171875,4604720000
2023-10-25,13039.8603515625,13042.51953125,12804.2998046875,12821.2197265625,4599850000
2023-10-26,12768.9697265625,12818.1396484375,12543.8603515625,12595.6103515625,4894900000
2023-10-27,12718.6904296875,12772.4296875,12600.5703125,12643.009765625,4172100000
2023-10-30,12750.4697265625,12842.9599609375,12691.5595703125,12789.48046875,4149320000
2023-10-31,12786.6201171875,12859.400390625,12697.0400390625,12851.240234375,4315630000
2023-11-01,12887.0595703125,13072.419921875,12875.2001953125,13061.4697265625,4545120000
2023-11-02,13230.490234375,13302.1796875,13177.6396484375,13294.1904296875,4962950000
2023-11-03,13362.849609375,13520.2802734375,13344.73046875,13478.2802734375,4918750000
2023-11-06,13514.080078125,13551.6201171875,13435.990234375,13518.7802734375,4345850000
2023-11-07,13555.7900390625,13675.4599609375,13516.5595703125,13639.8603515625,4354460000
2023-11-08,13660.2197265625,13684.8701171875,13573.580078125,13650.41015625,4685550000
2023-11-09,13693.7001953125,13697.8203125,13506.01953125,13521.4501953125,5313970000
2023-11-10,13571.1904296875,13802.5302734375,13556.349609375,13798.1103515625,4722140000
2023-11-13,13745.9599609375,13805.1103515625,13687.7802734375,13767.740234375,4349590000
2023-11-14,14015.3701171875,14124.0595703125,14003.1396484375,14094.3798828125,5332490000
2023-11-15,14147.26953125,14194.3603515625,14060.7001953125,14103.83984375,5063830000
2023-11-16,14066.8798828125,14130.4501953125,14033.7900390625,14113.669921875,4545180000
2023-11-17,14101.4404296875,14154.3203125,14063.9296875,14125.48046875,4408640000
2023-11-20,14134.75,14309.7998046875,14134.2001953125,14284.5302734375,4561810000
2023-11-21,14217.23046875,14237.5,14146.3095703125,14199.98046875,4128600000
2023-11-22,14283.8203125,14359.6103515625,14226.6298828125,14265.8603515625,3855240000
2023-11-24,14238.0400390625,14270.2802734375,14214.1298828125,14250.849609375,2541840000
2023-11-27,14239.3095703125,14305.7099609375,14205.240234375,14241.01953125,4205880000
2023-11-28,14224.6298828125,14303.66015625,14195.7197265625,14281.759765625,4474400000
2023-11-29,14367.1103515625,14423.2197265625,14247.8896484375,14258.490234375,4890220000
2023-11-30,14265.0498046875,14289.2001953125,14127.0498046875,14226.2197265625,5678070000
2023-12-01,14181.349609375,14311.9501953125,14135.0,14305.0302734375,5607000000
2023-12-04,14168.66015625,14197.51953125,14058.51953125,14185.490234375,6270020000
2023-12-05,14126.400390625,14285.66015625,14121.759765625,14229.91015625,6179120000
2023-12-06,14325.6201171875,14327.6298828125,14138.509765625,14146.7099609375,5167030000
2023-12-07,14230.4296875,14353.1103515625,14220.8701171875,14339.990234375,5694310000
2023-12-08,14279.4599609375,14416.919921875,14264.9599609375,14403.9697265625,5430840000
2023-12-11,14340.1298828125,14436.080078125,14324.5703125,14432.490234375,5607820000
2023-12-12,14423.009765625,14533.400390625,14385.3896484375,14533.400390625,4950100000
2023-12-13,14555.6796875,14743.5498046875,14517.51953125,14733.9599609375,6732040000
2023-12-14,14798.7197265625,14855.6201171875,14642.23046875,14761.5595703125,8033170000
2023-12-15,14797.4599609375,14848.400390625,14753.16015625,14813.919921875,8377630000
2023-12-18,14814.01953125,14938.0400390625,14811.8203125,14904.8095703125,5866080000
2023-12-19,14923.01953125,15003.7998046875,14921.599609375,15003.2197265625,5757180000
2023-12-20,14973.3603515625,15069.2900390625,14776.2900390625,14777.9404296875,6294700000
2023-12-21,14923.1396484375,14970.8095703125,14837.4697265625,14963.8701171875,5465640000
2023-12-22,15006.1796875,15047.1904296875,14927.1201171875,14992.9697265625,4796600000
2023-12-26,15028.6904296875,15101.1796875,15024.0595703125,15074.5703125,6120600000
2023-12-27,15089.66015625,15114.080078125,15051.669921875,15099.1796875,7480170000
2023-12-28,15142.08984375,15150.0703125,15087.2197265625,15095.1396484375,5090570000
2023-12-29,15099.2001953125,15111.41015625,14955.3701171875,15011.349609375,5441060000
2024-01-02,14873.7001953125,14887.7998046875,14682.3798828125,14765.9404296875,5791170000
2024-01-03,14641.4697265625,14694.580078125,14577.4404296875,14592.2099609375,5449950000
2024-01-04,14532.23046875,14632.76953125,14504.7802734375,14510.2998046875,5289220000
2024-01-05,14500.1103515625,14625.1904296875,14477.5703125,14524.0703125,5232820000
2024-01-08,14564.4697265625,14846.900390625,14560.2001953125,14843.76953125,6337770000
2024-01-09,14744.1298828125,14894.3203125,14716.7099609375,14857.7099609375,5068410000
2024-01-10,14877.7001953125,14998.2001953125,14842.7001953125,14969.650390625,4404590000
2024-01-11,15020.9501953125,15063.6103515625,14800.3798828125,14970.1904296875,5044690000
2024-01-12,15001.009765625,15047.25,14931.8798828125,14972.759765625,4958940000
2024-01-16,14908.259765625,15004.349609375,14863.8095703125,14944.349609375,6386180000
2024-01-17,14814.76953125,14865.759765625,14706.23046875,14855.6201171875,5181740000
2024-01-18,14994.51953125,15066.8095703125,14911.1103515625,15055.650390625,5587440000
2024-01-19,15122.3798828125,15310.9697265625,15087.2001953125,15310.9697265625,5604950000
2024-01-22,15393.0498046875,15438.849609375,15333.6298828125,15360.2900390625,5456240000
2024-01-23,15391.41015625,15432.349609375,15337.23046875,15425.9404296875,5207680000
2024-01-24,15560.6103515625,15629.0703125,15468.91015625,15481.919921875,4983210000
2024-01-25,15555.6201171875,15597.25,15430.6796875,15510.5,5281570000
2024-01-26,15474.849609375,15538.83984375,15433.0400390625,15455.3603515625,4510530000
2024-01-29,15470.66015625,15630.580078125,15449.8701171875,15628.0400390625,4979310000
2024-01-30,15604.080078125,15619.23046875,15484.669921875,15509.900390625,4719240000
2024-01-31,15324.1904296875,15405.5595703125,15158.490234375,15164.009765625,5875610000
2024-02-01,15254.01953125,15372.1298828125,15208.8798828125,15361.6396484375,5046920000
2024-02-02,15403.16015625,15664.2099609375,15366.7802734375,15628.9501953125,4800690000
2024-02-05,15613.990234375,15637.8798828125,15471.6796875,15597.6796875,4831020000
2024-02-06,15638.1904296875,15652.75,15515.25,15609.0,4759640000
2024-02-07,15690.349609375,15770.6796875,15645.8095703125,15756.6396484375,4567580000
2024-02-08,15762.23046875,15813.26953125,15739.1796875,15793.7099609375,5675850000
2024-02-09,15842.3798828125,16007.2900390625,15831.759765625,15990.66015625,5797260000
2024-02-12,15980.6201171875,16080.0703125,15917.8701171875,15942.5498046875,5458490000
2024-02-13,15598.8798828125,15770.419921875,15551.4404296875,15655.599609375,5599860000
2024-02-14,15781.7099609375,15865.509765625,15683.9404296875,15859.150390625,5092660000
2024-02-15,15865.2998046875,15911.2197265625,15779.7197265625,15906.169921875,6049100000
2024-02-16,15910.4296875,15917.41015625,15752.01953125,15775.650390625,5223800000
2024-02-20,15679.83984375,15730.4697265625,15508.5,15630.7802734375,5595700000
2024-02-21,15532.1201171875,15583.6796875,15451.650390625,15580.8701171875,4845740000
2024-02-22,15904.48046875,16061.8203125,15869.240234375,16041.6201171875,5653930000
2024-02-23,16094.7998046875,16134.2197265625,15954.5,15996.8203125,5077910000
2024-02-26,16014.4501953125,16054.900390625,15973.900390625,15976.25,5417630000
2024-02-27,16013.98046875,16046.099609375,15940.509765625,16035.2998046875,5423020000
2024-02-28,15969.1396484375,16003.5595703125,15924.7197265625,15947.740234375,5581690000
2024-02-29,16059.33984375,16115.9599609375,15931.7001953125,16091.919921875,6265340000
2024-03-01,16109.830078125,16302.240234375,16096.599609375,16274.9404296875,5457910000
2024-03-04,16264.2099609375,16289.0595703125,16199.0595703125,16207.509765625,5725470000
2024-03-05,16077.740234375,16087.5703125,15862.6298828125,15939.58984375,6356800000
2024-03-06,16092.0,16128.5595703125,15956.66015625,16031.5400390625,5511370000
2024-03-07,16147.3203125,16309.01953125,16096.009765625,16273.3798828125,5072790000
2024-03-08,16322.099609375,16449.69921875,16059.5,16085.1103515625,5411790000
2024-03-11,16052.6298828125,16085.9501953125,15978.0400390625,16019.26953125,4917620000
2024-03-12,16116.98046875,16275.4501953125,15992.98046875,16265.6396484375,5100330000
2024-03-13,16220.1103515625,16233.2998046875,16143.33984375,16177.76953125,4839000000
2024-03-14,16209.1904296875,16245.3203125,16039.6796875,16128.5302734375,5450980000
2024-03-15,16043.580078125,16055.330078125,15925.91015625,15973.169921875,8261950000
2024-03-18,16154.919921875,16247.58984375,16094.169921875,16103.4501953125,5025040000
2024-03-19,16031.9296875,16175.58984375,15951.8603515625,16166.7900390625,4758740000
2024-03-20,16185.759765625,16377.4404296875,16127.48046875,16369.41015625,5298380000
2024-03-21,16517.240234375,16538.859375,16393.900390625,16401.83984375,5134740000
2024-03-22,16387.830078125,16467.619140625,16361.0,16428.8203125,4339930000
2024-03-25,16335.2998046875,16441.169921875,16315.7197265625,16384.470703125,4636940000
2024-03-26,16446.849609375,16476.380859375,16312.9501953125,16315.7001953125,5144260000
2024-03-27,16424.759765625,16431.8203125,16279.169921875,16399.51953125,4768930000
2024-03-28,16377.23046875,16420.919921875,16347.3798828125,16379.4599609375,5174450000
2024-04-01,16397.05078125,16490.650390625,16327.8896484375,16396.830078125,4798390000
2024-04-02,16199.240234375,16251.41015625,16137.240234375,16240.4501953125,4710280000
2024-04-03,16178.7998046875,16340.740234375,16169.3095703125,16277.4599609375,5151500000
2024-04-04,16418.5703125,16468.0390625,16046.5595703125,16049.080078125,5368700000
2024-04-05,16095.400390625,16326.5,16080.48046875,16248.51953125,4578130000
2024-04-08,16285.1796875,16323.599609375,16220.7197265625,16253.9599609375,4386700000
2024-04-09,16328.759765625,16348.1796875,16141.150390625,16306.6396484375,4869190000
2024-04-10,16104.009765625,16200.099609375,16092.01953125,16170.3603515625,5308250000
2024-04-11,16236.2001953125,16464.599609375,16154.650390625,16442.19921875,4714750000
2024-04-12,16293.0302734375,16341.4599609375,16125.330078125,16175.08984375,4552740000
2024-04-15,16276.4697265625,16295.26953125,15863.8798828125,15885.01953125,4910550000
2024-04-16,15856.3798828125,15965.7900390625,15822.01953125,15865.25,5001860000
2024-04-17,15942.2900390625,15957.0302734375,15654.509765625,15683.3701171875,4991470000
2024-04-18,15705.6904296875,15786.1201171875,15587.5,15601.5,4932540000
2024-04-19,15547.099609375,15576.7001953125,15222.7802734375,15282.009765625,5316010000
2024-04-22,15396.1298828125,15539.0,15265.66015625,15451.3095703125,4616730000
2024-04-23,15525.5498046875,15730.349609375,15510.58984375,15696.6396484375,4951670000
2024-04-24,15805.599609375,15839.0,15634.4404296875,15712.75,4735870000
2024-04-25,15375.259765625,15644.509765625,15343.91015625,15611.759765625,4743640000
2024-04-26,15821.33984375,15981.0,15770.7197265625,15927.900390625,4694400000
2024-04-29,16007.0,16021.490234375,15885.8896484375,15983.080078125,4972520000
2024-04-30,15920.8896484375,15979.3603515625,15655.669921875,15657.8203125,5229400000
2024-05-01,15646.08984375,15926.2197265625,15557.6396484375,15605.48046875,5277790000
2024-05-02,15758.1103515625,15862.7900390625,15604.73046875,15840.9599609375,4901610000
2024-05-03,16147.48046875,16204.7099609375,16068.33984375,16156.330078125,4887310000
2024-05-06,16208.5400390625,16350.080078125,16197.8603515625,16349.25,4460130000
2024-05-07,16358.33984375,16397.390625,16303.83984375,16332.5595703125,5041870000
2024-05-08,16226.0703125,16341.650390625,16226.0703125,16302.759765625,4530190000
2024-05-09,16323.740234375,16362.7900390625,16241.98046875,16346.259765625,4505120000
2024-05-10,16389.01953125,16437.390625,16293.51953125,16340.8701171875,4402110000
2024-05-13,16400.310546875,16407.05078125,16334.8603515625,16388.240234375,4452750000
2024-05-14,16391.16015625,16526.26953125,16386.4296875,16511.1796875,7270240000
2024-05-15,16601.140625,16749.740234375,16544.08984375,16742.390625,8538990000
2024-05-16,16738.109375,16797.830078125,16693.44921875,16698.3203125,11932600000
2024-05-17,16708.490234375,16726.41015625,16613.83984375,16685.970703125,9587280000
2024-05-20,16702.01953125,16823.830078125,16695.689453125,16794.869140625,6861320000
2024-05-21,16736.099609375,16839.01953125,16719.970703125,16832.619140625,6245090000
2024-05-22,16839.01953125,16855.26953125,16712.08984375,16801.5390625,7277340000
2024-05-23,16996.390625,16996.390625,16678.369140625,16736.029296875,7752800000
2024-05-24,16786.7890625,16947.80078125,16771.580078125,16920.7890625,5836040000
2024-05-28,16988.310546875,17032.66015625,16917.509765625,17019.880859375,6293380000
2024-05-29,16879.349609375,16989.599609375,16873.970703125,16920.580078125,6652480000
2024-05-30,16878.630859375,16900.4609375,16690.359375,16737.080078125,6659290000
2024-05-31,16771.900390625,16789.26953125,16445.5390625,16735.01953125,6674090000
2024-06-03,16865.69921875,16909.890625,16646.4296875,16828.669921875,5422040000
2024-06-04,16823.880859375,16891.869140625,16750.390625,16857.05078125,4917350000
2024-06-05,16974.48046875,17187.919921875,16955.560546875,17187.900390625,5325000000
2024-06-06,17204.869140625,17235.73046875,17123.58984375,17173.119140625,4960580000
2024-06-07,17124.140625,17229.310546875,17090.0390625,17133.130859375,4755650000
2024-06-10,17083.44921875,17213.44921875,17057.33984375,17192.529296875,5207110000
2024-06-11,17160.419921875,17345.05078125,17107.990234375,17343.55078125,5009220000
2024-06-12,17502.150390625,17725.390625,17490.640625,17608.439453125,5560630000
2024-06-13,17715.26953125,17741.80078125,17566.3203125,17667.560546875,4916020000
2024-06-14,17621.1796875,17693.4296875,17590.80078125,17688.880859375,4973820000
2024-06-17,17697.30078125,17935.990234375,17636.359375,17857.01953125,6061200000
2024-06-18,17856.759765625,17890.51953125,17796.880859375,17862.23046875,5796180000
2024-06-20,17913.939453125,17936.7890625,17650.689453125,17721.58984375,6289300000
2024-06-21,17681.009765625,17787.33984375,17620.5703125,17689.359375,8589160000
2024-06-24,17640.259765625,17730.119140625,17494.01953125,17496.8203125,5503210000
2024-06-25,17572.16015625,17734.33984375,17546.630859375,17717.650390625,4848280000
2024-06-26,17697.26953125,17813.55078125,17687.0703125,17805.16015625,5294310000
2024-06-27,17793.94921875,17892.779296875,17765.419921875,17858.6796875,5382060000
2024-06-28,17891.099609375,18035.0,17723.830078125,17732.599609375,8960940000
2024-07-01,17773.900390625,17894.279296875,17657.640625,17879.30078125,5189990000
2024-07-02,17808.0390625,18031.2890625,17802.240234375,18028.759765625,4526550000
2024-07-03,18016.119140625,18188.30078125,18016.119140625,18188.30078125,3713960000
2024-07-05,18200.599609375,18366.310546875,18197.140625,18352.759765625,4851000000
2024-07-08,18371.859375,18416.939453125,18342.599609375,18403.740234375,5286260000
2024-07-09,18465.01953125,18511.890625,18381.599609375,18429.2890625,4839140000
2024-07-10,18512.08984375,18655.189453125,18467.580078125,18647.44921875,5228240000
2024-07-11,18659.25,18671.0703125,18238.779296875,18283.41015625,6366620000
2024-07-12,18303.640625,18556.73046875,18293.599609375,18398.44921875,5845930000
2024-07-15,18485.91015625,18641.529296875,18397.830078125,18472.5703125,5450350000
2024-07-16,18534.26953125,18576.830078125,18386.0703125,18509.33984375,5812930000
2024-07-17,18188.189453125,18223.240234375,17972.869140625,17996.919921875,6007280000
2024-07-18,18119.150390625,18130.869140625,17759.5390625,17871.220703125,5977260000
2024-07-19,17835.58984375,17935.140625,17691.4296875,17726.939453125,4992930000
2024-07-22,17923.650390625,18040.990234375,17839.759765625,18007.5703125,5093620000
2024-07-23,17982.740234375,18128.380859375,17968.099609375,17997.349609375,4938000000
2024-07-24,17733.91015625,17747.060546875,17313.51953125,17342.41015625,6735560000
2024-07-25,17352.640625,17544.4609375,17033.9609375,17181.720703125,6114350000
2024-07-26,17331.94921875,17454.5703125,17239.990234375,17357.880859375,5281560000
2024-07-29,17444.390625,17535.3203125,17299.830078125,17370.19921875,4897230000
2024-07-30,17424.099609375,17468.560546875,17015.380859375,17147.419921875,5564310000
2024-07-31,17499.23046875,17693.98046875,17438.599609375,17599.400390625,6292560000
2024-08-01,17647.029296875,17791.580078125,17051.419921875,17194.150390625,6664550000
2024-08-02,16780.44921875,16920.630859375,16582.7890625,16776.16015625,6313870000
2024-08-05,15712.5302734375,16453.4609375,15708.5400390625,16200.080078125,6852190000
2024-08-06,16261.3603515625,16620.310546875,16137.650390625,16366.849609375,5908930000
2024-08-07,16622.310546875,16709.810546875,16179.5302734375,16195.8095703125,5913620000
2024-08-08,16408.26953125,16694.25,16262.9296875,16660.01953125,5815880000
2024-08-09,16636.51953125,16789.220703125,16574.5703125,16745.30078125,5783410000
2024-08-12,16793.640625,16895.7890625,16699.390625,16780.609375,4890850000
2024-08-13,16944.740234375,17192.7890625,16943.94921875,17187.609375,5469160000
2024-08-14,17227.640625,17260.73046875,17032.169921875,17192.599609375,4985480000
2024-08-15,17394.5390625,17602.720703125,17375.41015625,17594.5,5478170000
2024-08-16,17516.400390625,17674.650390625,17502.830078125,17631.720703125,5138150000
2024-08-19,17649.740234375,17877.439453125,17585.580078125,17876.76953125,5564300000
2024-08-20,17849.08984375,17932.529296875,17758.19921875,17816.939453125,5305260000
2024-08-21,17840.509765625,17963.0703125,17790.98046875,17918.990234375,4765150000
2024-08-22,17993.720703125,18017.689453125,17589.150390625,17619.349609375,5065360000
2024-08-23,17772.73046875,17941.26953125,17700.26953125,17877.7890625,5380810000
2024-08-26,17867.849609375,17909.08984375,17645.689453125,17725.76953125,5110940000
2024-08-27,17655.51953125,17789.720703125,17573.369140625,17754.8203125,4362380000
2024-08-28,17738.80078125,17759.939453125,17439.400390625,17556.029296875,5211920000
2024-08-29,17610.5703125,17789.2109375,17482.599609375,17516.4296875,5727780000
2024-08-30,17650.490234375,17720.380859375,17498.7890625,17713.619140625,5531150000
2024-09-03,17585.44921875,17585.44921875,17057.7890625,17136.30078125,5813970000
2024-09-04,17015.7109375,17232.650390625,16984.669921875,17084.30078125,5011820000
2024-09-05,17063.240234375,17295.580078125,17035.0703125,17127.66015625,4983030000
2024-09-06,17137.619140625,17166.5390625,16668.5703125,16690.830078125,5549030000
2024-09-09,16835.669921875,16923.279296875,16732.83984375,16884.599609375,5132150000
2024-09-10,16949.640625,17036.0703125,16801.130859375,17025.880859375,4963740000
2024-09-11,17061.41015625,17420.23046875,16787.83984375,17395.529296875,6086930000
2024-09-12,17413.890625,17605.720703125,17338.3203125,17569.6796875,4983120000
2024-09-13,17575.259765625,17719.140625,17564.609375,17683.98046875,4802880000
2024-09-16,17573.69921875,17618.400390625,17480.66015625,17592.130859375,4675530000
2024-09-17,17707.01953125,17781.740234375,17544.640625,17628.060546875,4959520000
2024-09-18,17663.380859375,17832.69921875,17556.4296875,17573.30078125,5611630000
2024-09-19,17980.890625,18099.9296875,17909.75,18013.98046875,5574650000
2024-09-20,17999.349609375,18024.33984375,17835.640625,17948.3203125,9914480000
2024-09-23,17994.91015625,18021.580078125,17936.369140625,17974.26953125,5237310000
2024-09-24,18046.439453125,18091.9609375,17863.380859375,18074.51953125,5347580000
2024-09-25,18050.359375,18155.0390625,18040.619140625,18082.2109375,4858060000
2024-09-26,18327.33984375,18327.33984375,18071.740234375,18190.2890625,5669210000
2024-09-27,18228.779296875,18238.279296875,18069.1796875,18119.58984375,5367890000
2024-09-30,18069.830078125,18198.16015625,17997.560546875,18189.169921875,5846150000
2024-10-01,18154.939453125,18162.720703125,17779.76953125,17910.359375,5879980000
2024-10-02,17867.119140625,17978.580078125,17767.7890625,17925.119140625,5489040000
2024-10-03,17859.490234375,18011.25,17826.419921875,17918.48046875,5208990000
2024-10-04,18130.419921875,18145.279296875,17952.30078125,18137.849609375,5136070000
2024-10-07,18080.119140625,18096.330078125,17900.0390625,17923.900390625,5240320000
2024-10-08,18017.9296875,18203.0390625,17989.69921875,18182.919921875,5566510000
2024-10-09,18179.220703125,18302.05078125,18133.01953125,18291.619140625,5228670000
2024-10-10,18200.619140625,18333.390625,18154.1796875,18282.05078125,5855390000
2024-10-11,18217.73046875,18375.529296875,18208.439453125,18342.939453125,5140440000
2024-10-14,18426.66015625,18547.919921875,18423.599609375,18502.689453125,4894710000
2024-10-15,18515.970703125,18564.25,18252.51953125,18315.58984375,6522700000
2024-10-16,18333.2890625,18383.109375,18214.9609375,18367.080078125,5257570000
2024-10-17,18537.2109375,18541.4609375,18368.7890625,18373.609375,5806860000
2024-10-18,18466.009765625,18524.330078125,18452.580078125,18489.55078125,5090190000
2024-10-21,18456.48046875,18543.580078125,18377.630859375,18540.009765625,6092180000
2024-10-22,18451.859375,18620.7109375,18413.470703125,18579.76953125,6407180000
2024-10-23,18502.060546875,18509.189453125,18146.609375,18276.650390625,6245610000
2024-10-24,18384.16015625,18435.369140625,18305.419921875,18415.490234375,5761280000
2024-10-25,18512.580078125,18690.009765625,18487.060546875,18518.609375,6100040000
2024-10-28,18648.25,18671.009765625,18563.01953125,18567.189453125,5641660000
2024-10-29,18576.08984375,18753.189453125,18509.58984375,18712.75,6881170000
2024-10-30,18731.689453125,18785.5,18598.240234375,18607.9296875,6514690000
2024-10-31,18427.310546875,18427.310546875,18083.94921875,18095.150390625,6411940000
2024-11-01,18189.669921875,18363.939453125,18181.529296875,18239.919921875,5896470000
2024-11-04,18220.4296875,18308.30078125,18112.830078125,18179.98046875,5762320000
2024-11-05,18250.7109375,18449.6796875,18250.7109375,18439.169921875,7060340000
2024-11-06,18772.759765625,19000.5,18730.2109375,18983.470703125,8138050000
2024-11-07,19084.4296875,19301.69921875,19084.4296875,19269.4609375,9232670000
2024-11-08,19255.140625,19318.560546875,19224.4296875,19286.779296875,7316010000
2024-11-11,19355.33984375,19366.0703125,19193.2890625,19298.759765625,8087930000
2024-11-12,19289.810546875,19343.05078125,19168.51953125,19281.400390625,7816410000
2024-11-13,19286.4609375,19358.48046875,19191.130859375,19230.720703125,9623670000
2024-11-14,19256.08984375,19275.80078125,19073.390625,19107.650390625,8680480000
2024-11-15,18929.919921875,18936.75,18598.869140625,18680.119140625,8002270000
2024-11-18,18717.9296875,18865.279296875,18672.30078125,18791.810546875,8455360000
2024-11-19,18699.7109375,18992.080078125,18689.830078125,18987.470703125,7246610000
2024-11-20,18971.310546875,18974.91015625,18724.390625,18966.140625,7121670000
2024-11-21,19072.779296875,19110.890625,18714.060546875,18972.419921875,7492540000
2024-11-22,18966.3203125,19025.76953125,18899.48046875,19003.650390625,6575820000
2024-11-25,19140.58984375,19208.6796875,18969.349609375,19054.83984375,7932980000
2024-11-26,19109.080078125,19184.400390625,19100.73046875,19174.30078125,6411770000
2024-11-27,19132.990234375,19133.109375,18937.19921875,19060.48046875,5619090000
2024-11-29,19087.470703125,19245.490234375,19066.51953125,19218.169921875,4042550000
2024-12-02,19255.4296875,19436.919921875,19255.4296875,19403.94921875,6370530000
2024-12-03,19364.33984375,19486.150390625,19340.41015625,19480.91015625,6005160000
2024-12-04,19587.48046875,19741.759765625,19575.400390625,19735.119140625,7870030000
2024-12-05,19756.400390625,19790.029296875,19688.58984375,19700.259765625,7229510000
2024-12-06,19743.9609375,19863.150390625,19734.419921875,19859.76953125,6787610000
2024-12-09,19824.08984375,19872.7890625,19698.05078125,19736.689453125,7884620000
2024-12-10,19796.390625,19887.080078125,19641.33984375,19687.240234375,6843850000
2024-12-11,19832.9609375,20055.9296875,19830.640625,20034.890625,6639720000
2024-12-12,19947.33984375,20018.240234375,19897.380859375,19902.83984375,7047550000
2024-12-13,19995.1796875,20061.650390625,19817.470703125,19926.720703125,6028250000
2024-12-16,20016.119140625,20204.580078125,19988.119140625,20173.890625,8855040000
2024-12-17,20095.619140625,20148.830078125,20004.73046875,20109.060546875,9534350000
2024-12-18,20114.98046875,20179.76953125,19336.58984375,19392.689453125,9996120000
2024-12-19,19565.66015625,19623.01953125,19357.759765625,19372.76953125,8029590000
2024-12-20,19190.0390625,19758.609375,19168.380859375,19572.599609375,10962450000
2024-12-23,19641.05078125,19772.099609375,19504.6796875,19764.880859375,6820720000
2024-12-24,19818.48046875,20031.130859375,19813.759765625,20031.130859375,4739190000
2024-12-26,19979.25,20070.080078125,19888.109375,20020.359375,6467910000
2024-12-27,19896.76953125,19904.76953125,19553.400390625,19722.029296875,7765120000
2024-12-30,19460.41015625,19622.9296875,19342.509765625,19486.7890625,8384090000
2024-12-31,19551.359375,19563.720703125,19283.41015625,19310.7890625,8873030000
2025-01-02,19403.900390625,19517.869140625,19117.58984375,19280.7890625,8737550000
2025-01-03,19395.509765625,19638.66015625,19379.5703125,19621.6796875,8214050000
2025-01-06,19851.990234375,20007.94921875,19785.0,19864.98046875,9586840000
2025-01-07,19938.080078125,19940.2109375,19421.01953125,19489.6796875,13371130000
2025-01-08,19469.369140625,19544.509765625,19308.5390625,19478.880859375,8851720000
2025-01-10,19312.259765625,19315.109375,19018.75,19161.630859375,8608880000
2025-01-13,18903.66015625,19099.970703125,18831.91015625,19088.099609375,7830760000
2025-01-14,19207.75,19273.140625,18926.599609375,19044.390625,7168110000
2025-01-15,19350.310546875,19548.900390625,19299.3203125,19511.23046875,7260250000
2025-01-16,19573.869140625,19579.849609375,19335.6796875,19338.2890625,7085990000
2025-01-17,19655.55078125,19709.640625,19543.3203125,19630.19921875,7996360000
2025-01-21,19734.390625,19789.630859375,19551.169921875,19756.779296875,8015780000
2025-01-22,19903.05078125,20068.51953125,19903.05078125,20009.33984375,7219060000
2025-01-23,19906.990234375,20053.6796875,19892.55078125,20053.6796875,6837700000
2025-01-24,20087.109375,20118.609375,19897.130859375,19954.30078125,7708150000
2025-01-27,19234.0390625,19514.349609375,19204.94921875,19341.830078125,8870200000
2025-01-28,19418.220703125,19759.4296875,19294.619140625,19733.58984375,7121740000
2025-01-29,19695.6796875,19699.8203125,19479.509765625,19632.3203125,6497710000
2025-01-30,19697.529296875,19785.7890625,19483.830078125,19681.75,6679500000
2025-01-31,19832.330078125,19969.169921875,19575.2109375,19627.439453125,7947370000
2025-02-03,19215.380859375,19502.130859375,19141.150390625,19391.9609375,8272460000
2025-02-04,19422.169921875,19666.439453125,19408.1796875,19654.01953125,6477050000
2025-02-05,19533.05078125,19696.939453125,19498.900390625,19692.330078125,6712220000
2025-02-06,19725.830078125,19793.359375,19654.109375,19791.990234375,6642100000
2025-02-07,19774.869140625,19862.5390625,19489.359375,19523.400390625,7748940000
2025-02-10,19668.1796875,19772.0390625,19650.7890625,19714.26953125,9535440000
2025-02-11,19602.109375,19731.9296875,19579.76953125,19643.859375,9269380000
2025-02-12,19436.509765625,19682.509765625,19415.48046875,19649.94921875,7946550000
2025-02-13,19696.919921875,19952.169921875,19675.869140625,19945.640625,8414510000
2025-02-14,19956.8203125,20045.759765625,19932.150390625,20026.76953125,7995720000
2025-02-18,20090.55078125,20110.119140625,19909.740234375,20041.259765625,8683170000
2025-02-19,19994.5,20099.390625,19928.890625,20056.25,8171530000
2025-02-20,20029.189453125,20041.150390625,19795.01953125,19962.359375,7329270000
2025-02-21,20006.689453125,20016.66015625,19510.91015625,19524.009765625,8461020000
2025-02-24,19590.849609375,19644.23046875,19275.4609375,19286.9296875,7414760000
2025-02-25,19242.609375,19256.349609375,18871.51953125,19026.390625,7991440000
2025-02-26,19109.3203125,19286.01953125,18966.4609375,19075.259765625,7034450000
2025-02-27,19212.359375,19242.689453125,18535.220703125,18544.419921875,7700290000
2025-02-28,18477.169921875,18861.330078125,18372.990234375,18847.279296875,8247520000
2025-03-03,18923.359375,18992.30078125,18216.630859375,18350.189453125,8170140000
2025-03-04,18176.4296875,18589.490234375,17956.599609375,18285.16015625,8469180000
2025-03-05,18312.970703125,18604.470703125,18144.73046875,18552.73046875,7048430000
2025-03-06,18204.529296875,18439.240234375,17980.390625,18069.259765625,7686200000
2025-03-07,18029.849609375,18243.580078125,17768.58984375,18196.220703125,8135420000
2025-03-10,17840.3203125,17868.080078125,17291.8203125,17468.3203125,8636040000
2025-03-11,17443.08984375,17687.400390625,17238.240234375,17436.099609375,9177320000
2025-03-12,17711.41015625,17800.099609375,17436.26953125,17648.44921875,7746430000
2025-03-13,17598.560546875,17621.91015625,17239.439453125,17303.009765625,7147050000
2025-03-14,17523.30078125,17773.48046875,17491.080078125,17754.08984375,7093850000
2025-03-17,17722.5390625,17925.939453125,17645.869140625,17808.66015625,6306340000
2025-03-18,17662.5703125,17682.919921875,17431.669921875,17504.119140625,6450530000
2025-03-19,17590.119140625,17917.5390625,17533.939453125,17750.7890625,6302310000
2025-03-20,17586.060546875,17903.19921875,17576.8203125,17691.630859375,6098330000
2025-03-21,17519.83984375,17798.060546875,17474.810546875,17784.05078125,8837930000
2025-03-24,18046.189453125,18210.05078125,18030.6796875,18188.58984375,6787790000
2025-03-25,18207.970703125,18281.130859375,18170.419921875,18271.859375,6475790000
2025-03-26,18217.330078125,18236.55078125,17837.259765625,17899.01953125,9091510000
2025-03-27,17811.240234375,17988.01953125,17743.80078125,17804.029296875,8002470000
2025-03-28,17722.08984375,17763.279296875,17283.060546875,17322.990234375,7015410000
2025-03-31,17045.439453125,17334.98046875,16854.369140625,17299.2890625,8122180000
2025-04-01,17221.55078125,17506.58984375,17149.359375,17449.890625,7756540000
2025-04-02,17207.009765625,17716.51953125,17181.26953125,17601.05078125,9126630000
2025-04-03,16790.529296875,16889.33984375,16533.0390625,16550.609375,9461330000
2025-04-04,16045.599609375,16128.16015625,15575.6796875,15587.7900390625,11038180000
2025-04-07,14978.0302734375,16292.2802734375,14784.0302734375,15603.259765625,12483580000
2025-04-08,16181.0400390625,16316.509765625,15053.3896484375,15267.91015625,10496650000
2025-04-09,15295.4404296875,17202.939453125,15270.2802734375,17124.970703125,13479740000
2025-04-10,16635.44921875,16712.369140625,15894.26953125,16387.310546875,11861670000
2025-04-11,16358.5302734375,16753.41015625,16228.0400390625,16724.4609375,9444890000
2025-04-14,17120.439453125,17136.560546875,16661.259765625,16831.48046875,9667260000
2025-04-15,16842.390625,16979.9609375,16753.220703125,16823.169921875,7483050000
2025-04-16,16499.689453125,16600.369140625,16066.4599609375,16307.16015625,7909190000
2025-04-17,16399.970703125,16408.509765625,16181.169921875,16286.4501953125,7046290000
2025-04-21,16052.759765625,16066.7900390625,15685.330078125,15870.900390625,6678730000
2025-04-22,16079.9404296875,16410.560546875,16038.73046875,16300.419921875,6981900000
2025-04-23,16880.2890625,17029.859375,16642.66015625,16708.05078125,8564870000
2025-04-24,16754.759765625,17174.349609375,16744.970703125,17166.0390625,7607400000
2025-04-25,17182.109375,17404.490234375,17110.720703125,17382.939453125,7412930000
2025-04-28,17390.9296875,17467.349609375,17128.7109375,17366.130859375,10313290000
2025-04-29,17270.759765625,17500.419921875,17256.19921875,17461.3203125,13001930000
2025-04-30,17099.98046875,17483.8203125,16959.529296875,17446.33984375,8595330000
2025-05-01,17793.140625,17922.830078125,17688.109375,17710.740234375,8409690000
2025-05-02,17868.759765625,18048.830078125,17812.0390625,17977.73046875,8180190000
2025-05-05,17817.009765625,17965.640625,17792.080078125,17844.240234375,7075320000
2025-05-06,17623.2109375,17830.349609375,17592.880859375,17689.66015625,6958220000
2025-05-07,17706.830078125,17820.2890625,17503.009765625,17738.16015625,7977870000
2025-05-08,17920.150390625,18096.0,17776.0,17928.140625,8500390000
2025-05-09,18022.55078125,18068.900390625,17853.83984375,17928.919921875,8835140000
2025-05-12,18674.560546875,18710.220703125,18472.7109375,18708.33984375,10717670000
2025-05-13,18761.23046875,19065.9609375,18745.5,19010.08984375,9242230000
2025-05-14,19074.720703125,19174.55078125,19023.609375,19146.810546875,11744820000
2025-05-15,19031.240234375,19207.220703125,18967.779296875,19112.3203125,10546350000
2025-05-16,19151.5390625,19213.419921875,19038.48046875,19211.099609375,10509820000
2025-05-19,18937.419921875,19227.220703125,18937.419921875,19215.4609375,13080030000
2025-05-20,19132.060546875,19186.689453125,19015.630859375,19142.7109375,9047100000
2025-05-21,19002.939453125,19241.41015625,18799.19921875,18872.640625,11112460000
2025-05-22,18888.05078125,19061.109375,18840.33984375,18925.740234375,8289710000
2025-05-23,18622.380859375,18841.51953125,18599.689453125,18737.2109375,8730370000
2025-05-27,19014.439453125,19210.94921875,18961.689453125,19199.16015625,8927760000
2025-05-28,19232.619140625,19276.830078125,19084.380859375,19100.939453125,8087530000
2025-05-29,19389.390625,19389.390625,19091.5390625,19175.869140625,11016850000
2025-05-30,19131.220703125,19157.779296875,18847.740234375,19113.76953125,9042260000
2025-06-02,19063.060546875,19252.7109375,18985.30078125,19242.609375,7779940000
2025-06-03,19288.66015625,19459.279296875,19224.69921875,19398.9609375,7990230000
2025-06-04,19434.939453125,19493.44921875,19359.08984375,19460.490234375,7695660000
2025-06-05,19518.19921875,19610.509765625,19226.220703125,19298.44921875,8782360000
2025-06-06,19526.990234375,19593.1796875,19464.83984375,19529.94921875,7291590000
2025-06-09,19573.140625,19637.560546875,19531.099609375,19591.240234375,9538700000
2025-06-10,19620.109375,19730.380859375,19539.08984375,19714.990234375,11221560000
2025-06-11,19779.359375,19800.4609375,19551.349609375,19615.880859375,10214190000
2025-06-12,19578.869140625,19690.609375,19553.560546875,19662.490234375,16308730000
2025-06-13,19450.9296875,19591.869140625,19367.419921875,19406.830078125,9001850000
2025-06-16,19550.75,19733.310546875,19550.75,19701.2109375,9619130000
2025-06-17,19627.080078125,19666.560546875,19485.439453125,19521.08984375,8519930000
2025-06-18,19526.919921875,19660.76953125,19489.560546875,19546.26953125,7818790000
2025-06-20,19639.41015625,19696.109375,19380.580078125,19447.41015625,9969140000
2025-06-23,19427.009765625,19643.69921875,19334.98046875,19630.970703125,9088000000
2025-06-24,19809.619140625,19946.720703125,19795.2890625,19912.529296875,8330090000
2025-06-25,20013.94921875,20052.779296875,19918.080078125,19973.55078125,8256120000
2025-06-26,20062.189453125,20187.150390625,19982.48046875,20167.91015625,8383380000
2025-06-27,20217.259765625,20311.509765625,20095.05078125,20273.4609375,10951070000
2025-06-30,20360.150390625,20418.310546875,20266.359375,20369.73046875,8220420000
2025-07-01,20290.609375,20339.05078125,20105.41015625,20202.890625,8631710000
2025-07-02,20184.369140625,20397.220703125,20181.740234375,20393.130859375,8378750000
2025-07-03,20497.66015625,20624.509765625,20480.220703125,20601.099609375,6177910000
2025-07-07,20490.55078125,20511.8203125,20323.01953125,20412.51953125,8345710000
2025-07-08,20466.9296875,20480.890625,20377.359375,20418.4609375,8437480000
2025-07-09,20522.08984375,20645.41015625,20486.380859375,20611.33984375,9978310000
2025-07-10,20636.48046875,20655.390625,20495.140625,20630.66015625,9781380000
2025-07-11,20562.880859375,20647.970703125,20509.75,20585.529296875,8135800000
2025-07-14,20592.560546875,20672.33984375,20492.630859375,20640.330078125,8010060000
2025-07-15,20822.759765625,20836.0390625,20670.580078125,20677.80078125,8399060000
2025-07-16,20717.810546875,20751.05078125,20507.060546875,20730.490234375,9056640000
2025-07-17,20760.3203125,20911.830078125,20735.55078125,20885.650390625,9994550000
2025-07-18,20959.5703125,20980.560546875,20846.119140625,20895.650390625,9354580000
2025-07-21,20960.330078125,21077.369140625,20957.439453125,20974.1796875,12046970000
2025-07-22,20982.2109375,20985.33984375,20750.900390625,20892.689453125,10583710000
2025-07-23,20966.470703125,21023.849609375,20870.669921875,21020.01953125,10972770000
2025-07-24,21083.8203125,21113.099609375,21001.6796875,21057.9609375,12741070000
2025-07-25,21059.939453125,21159.80078125,21036.849609375,21108.3203125,11028310000
2025-07-28,21176.400390625,21202.1796875,21122.119140625,21178.580078125,10612580000
2025-07-29,21286.720703125,21303.9609375,21081.689453125,21098.2890625,10040610000
2025-07-30,21140.400390625,21230.880859375,21016.919921875,21129.669921875,9311770000
2025-07-31,21457.48046875,21457.48046875,21078.669921875,21122.44921875,9917220000
2025-08-01,20830.640625,20865.630859375,20560.169921875,20650.130859375,9667420000
2025-08-04,20853.91015625,21055.240234375,20833.859375,21053.580078125,7355970000
2025-08-05,21092.099609375,21138.720703125,20893.2890625,20916.55078125,7982940000
2025-08-06,20955.220703125,21183.880859375,20937.490234375,21169.419921875,8580020000
2025-08-07,21325.009765625,21408.150390625,21090.05078125,21242.69921875,8979190000
2025-08-08,21316.369140625,21464.529296875,21284.970703125,21450.01953125,8669200000
2025-08-11,21459.650390625,21549.73046875,21346.619140625,21385.400390625,9099730000
2025-08-12,21507.439453125,21689.6796875,21386.25,21681.900390625,8382820000
2025-08-13,21764.55078125,21803.75,21645.140625,21713.140625,8763080000
2025-08-14,21649.2109375,21766.2890625,21627.130859375,21710.669921875,9110860000
2025-08-15,21709.33984375,21716.1796875,21567.4609375,21622.98046875,8158830000
2025-08-18,21616.8203125,21651.5,21559.330078125,21629.76953125,8260970000
2025-08-19,21607.44921875,21610.240234375,21277.7109375,21314.94921875,8461660000
2025-08-20,21269.669921875,21269.669921875,20905.990234375,21172.859375,7810310000
2025-08-21,21112.51953125,21198.759765625,21013.529296875,21100.310546875,6530580000
2025-08-22,21139.830078125,21545.4296875,21092.359375,21496.5390625,9401300000
2025-08-25,21466.470703125,21572.1796875,21400.08984375,21449.2890625,8443200000
2025-08-26,21443.630859375,21550.9296875,21389.099609375,21544.26953125,9087930000
2025-08-27,21526.330078125,21616.169921875,21476.30078125,21590.140625,8040510000
2025-08-28,21619.26953125,21742.4609375,21534.939453125,21705.16015625,7807080000
2025-08-29,21630.330078125,21631.150390625,21397.98046875,21455.55078125,7715430000
2025-09-02,21086.5703125,21293.689453125,21033.05078125,21279.630859375,8183410000
2025-09-03,21461.630859375,21553.98046875,21370.98046875,21497.73046875,7488290000
2025-09-04,21539.91015625,21711.9609375,21469.400390625,21707.689453125,7282150000
2025-09-05,21860.439453125,21878.810546875,21534.720703125,21700.390625,8413730000
2025-09-08,21806.220703125,21885.619140625,21776.240234375,21798.69921875,8435850000
2025-09-09,21858.169921875,21891.419921875,21731.48046875,21879.490234375,7877410000
2025-09-10,21980.599609375,22000.970703125,21810.83984375,21886.060546875,9090550000
2025-09-11,21977.51953125,22059.7109375,21908.810546875,22043.0703125,10025020000
2025-09-12,22078.630859375,22182.33984375,22031.619140625,22141.099609375,9023140000
2025-09-15,22243.19921875,22352.25,22233.0,22348.75,8904030000
2025-09-16,22397.5,22397.5,22308.779296875,22333.9609375,8592240000
2025-09-17,22333.01953125,22339.5390625,22058.919921875,22261.330078125,9325980000
2025-09-18,22439.109375,22540.9296875,22358.48046875,22470.720703125,10478450000
2025-09-19,22554.310546875,22645.109375,22497.7109375,22631.48046875,14632360000
2025-09-22,22606.58984375,22801.900390625,22590.859375,22788.98046875,9736270000
2025-09-23,22782.720703125,22785.130859375,22539.0390625,22573.470703125,9822620000
2025-09-24,22656.01953125,22657.44921875,22397.0,22497.859375,9184030000
2025-09-25,22318.76953125,22456.779296875,22185.869140625,22384.69921875,9960330000
2025-09-26,22403.26953125,22488.1796875,22285.439453125,22484.0703125,8488400000
2025-09-29,22605.30078125,22704.900390625,22536.05078125,22591.150390625,9046720000
2025-09-30,22580.359375,22671.390625,22493.9609375,22660.009765625,8928070000
2025-10-01,22530.94921875,22782.580078125,22516.740234375,22755.16015625,10043980000
2025-10-02,22885.900390625,22900.599609375,22729.75,22844.05078125,9633200000
2025-10-03,22886.16015625,22925.4296875,22695.8203125,22780.509765625,10515730000
2025-10-06,22894.349609375,22991.720703125,22827.560546875,22941.669921875,10468830000
2025-10-07,22972.369140625,23006.0703125,22718.759765625,22788.359375,10375920000
2025-10-08,22852.3203125,23045.140625,22845.419921875,23043.380859375,10925520000
2025-10-09,23045.330078125,23062.619140625,22899.16015625,23024.630859375,10713200000
2025-10-10,23043.51953125,23119.91015625,22193.0703125,22204.4296875,11635030000
2025-10-13,22578.669921875,22718.75,22499.490234375,22694.609375,9018770000
2025-10-14,22388.0390625,22691.0703125,22213.73046875,22521.69921875,9776720000
2025-10-15,22738.5,22841.689453125,22427.7890625,22670.080078125,11374850000
2025-10-16,22764.400390625,22886.869140625,22404.689453125,22562.5390625,11343620000
2025-10-17,22489.810546875,22736.009765625,22396.650390625,22679.970703125,9552150000
2025-10-20,22844.8203125,23031.869140625,22841.0,22990.5390625,9440620000
2025-10-21,22984.55078125,23010.349609375,22894.419921875,22953.669921875,10845130000
2025-10-22,22940.7890625,22978.400390625,22514.080078125,22740.400390625,14361150000
2025-10-23,22751.330078125,22983.4609375,22732.1796875,22941.80078125,10363600000
2025-10-24,23143.23046875,23261.259765625,23127.9609375,23204.869140625,10308620000
2025-10-27,23537.3203125,23658.66015625,23493.9609375,23637.4609375,10757830000
2025-10-28,23766.4609375,23901.359375,23675.189453125,23827.490234375,10640830000
2025-10-29,23987.2890625,24019.990234375,23763.990234375,23958.470703125,10089540000
2025-10-30,23793.080078125,23846.130859375,23578.470703125,23581.140625,10564160000
2025-10-31,23941.779296875,23946.23046875,23628.8203125,23724.9609375,10909250000
2025-11-03,23951.91015625,23976.83984375,23764.869140625,23834.720703125,10360170000
2025-11-04,23458.2109375,23644.150390625,23333.3203125,23348.640625,10227700000
2025-11-05,23358.0703125,23636.529296875,23286.869140625,23499.80078125,10026890000
2025-11-06,23461.2890625,23469.55078125,23011.060546875,23053.990234375,11085130000
2025-11-07,22892.919921875,23009.91015625,22563.419921875,23004.5390625,10141910000
2025-11-10,23354.849609375,23569.619140625,23290.05078125,23527.169921875,9297320000
2025-11-11,23407.720703125,23508.439453125,23315.279296875,23468.30078125,7756810000
2025-11-12,23563.83984375,23564.08984375,23278.30078125,23406.4609375,8449920000
2025-11-13,23262.640625,23264.26953125,22796.0703125,22870.359375,11351410000
2025-11-14,22544.720703125,23073.1796875,22436.7890625,22900.58984375,10841540000
2025-11-17,22788.3203125,23044.55078125,22559.509765625,22708.0703125,9744800000
2025-11-18,22565.900390625,22643.009765625,22231.150390625,22432.849609375,8606260000
2025-11-19,22459.26953125,22821.240234375,22385.220703125,22564.23046875,8434200000
2025-11-20,23057.0,23147.330078125,22043.19921875,22078.05078125,10548620000
2025-11-21,22162.830078125,22531.83984375,21898.2890625,22273.080078125,9931240000
2025-11-24,22482.16015625,22916.400390625,22478.26953125,22872.009765625,9232160000
2025-11-25,22802.849609375,23070.08984375,22587.109375,23025.58984375,8498500000
2025-11-26,23163.189453125,23280.580078125,23074.390625,23214.689453125,7291400000
2025-11-28,23291.58984375,23365.7890625,23250.509765625,23365.689453125,4541070000
2025-12-01,23172.33984375,23363.849609375,23110.2109375,23275.919921875,7859560000
2025-12-02,23379.75,23526.23046875,23286.4609375,23413.669921875,7588580000
2025-12-03,23315.580078125,23499.9296875,23271.830078125,23454.08984375,7962730000
2025-12-04,23527.30078125,23528.529296875,23372.330078125,23505.140625,7456860000
2025-12-05,23567.76953125,23680.029296875,23506.0,23578.130859375,8248280000
2025-12-08,23638.220703125,23698.9296875,23455.05078125,23545.900390625,8533670000
2025-12-09,23504.609375,23616.4609375,23449.73046875,23576.490234375,7192600000
2025-12-10,23536.0,23704.080078125,23435.169921875,23654.150390625,7987900000
2025-12-11,23509.220703125,23606.69921875,23308.94921875,23593.859375,8337770000
2025-12-12,23488.869140625,23554.890625,23094.509765625,23195.169921875,8724070000
2025-12-15,23330.0390625,23345.560546875,23012.0,23057.41015625,8649240000
2025-12-16,22981.8203125,23162.599609375,22920.66015625,23111.4609375,7759960000
2025-12-17,23135.609375,23159.19921875,22692.0,22693.3203125,8616140000
2025-12-18,23012.060546875,23149.609375,22906.23046875,23006.359375,7977920000
2025-12-19,23121.900390625,23307.91015625,23106.189453125,23307.619140625,12874560000
2025-12-22,23450.529296875,23476.5,23362.9296875,23428.830078125,7244910000
2025-12-23,23407.69921875,23563.4609375,23377.490234375,23561.83984375,7518190000
2025-12-24,23555.94921875,23621.720703125,23527.970703125,23613.310546875,3885190000
2025-12-26,23645.91015625,23665.150390625,23567.859375,23593.099609375,5170300000
2025-12-29,23414.6796875,23531.01953125,23397.51953125,23474.349609375,6527530000
2025-12-30,23465.669921875,23521.05078125,23414.830078125,23419.080078125,6769300000
2025-12-31,23420.849609375,23445.259765625,23237.779296875,23241.990234375,5895130000
2026-01-02,23481.490234375,23585.9609375,23119.490234375,23235.630859375,7331460000
2026-01-05,23449.669921875,23476.509765625,23332.23046875,23395.8203125,8737320000
2026-01-06,23446.9609375,23559.150390625,23389.5703125,23547.169921875,9012640000
2026-01-07,23544.890625,23723.369140625,23504.2109375,23584.279296875,8396920000
2026-01-08,23548.880859375,23558.169921875,23353.4609375,23480.01953125,7723140000
2026-01-09,23496.2109375,23721.150390625,23426.48046875,23671.349609375,8124420000
2026-01-12,23576.880859375,23804.0390625,23562.970703125,23733.900390625,8707170000
2026-01-13,23735.119140625,23813.30078125,23607.58984375,23709.869140625,9416400000
2026-01-14,23563.919921875,23590.19921875,23306.66015625,23471.75,12165220000
2026-01-15,23693.970703125,23721.109375,23502.1796875,23530.01953125,9740630000
2026-01-16,23639.689453125,23664.259765625,23446.810546875,23515.390625,9514500000
2026-01-20,23142.689453125,23236.05078125,22916.830078125,22954.3203125,9469480000
2026-01-21,23017.6796875,23383.240234375,22927.880859375,23224.8203125,9162740000
2026-01-22,23440.7109375,23503.16015625,23335.150390625,23436.01953125,9034850000
2026-01-23,23440.919921875,23610.740234375,23374.259765625,23501.240234375,8228760000
2026-01-26,23529.279296875,23688.939453125,23486.080078125,23601.359375,7505250000
2026-01-27,23734.75,23865.259765625,23694.380859375,23817.099609375,8026050000
2026-01-28,23965.109375,23988.26953125,23775.490234375,23857.44921875,8151580000
2026-01-29,23830.919921875,23840.55078125,23232.779296875,23685.119140625,8782210000
2026-01-30,23578.9609375,23662.25,23351.55078125,23461.8203125,9255930000
2026-02-02,23370.5390625,23686.830078125,23356.400390625,23592.109375,8882530000
2026-02-03,23667.439453125,23691.599609375,23027.2109375,23255.189453125,10306320000
2026-02-04,23217.01953125,23270.0703125,22684.509765625,22904.580078125,10862000000
2026-02-05,22604.01953125,22841.279296875,22461.140625,22540.58984375,10109230000
2026-02-06,22625.30078125,23088.4609375,22586.400390625,23031.2109375,9054400000
2026-02-09,22952.240234375,23314.669921875,22878.369140625,23238.669921875,8174050000
2026-02-10,23271.220703125,23310.73046875,23089.099609375,23102.470703125,8513440000
2026-02-11,23278.2890625,23320.619140625,22902.009765625,23066.470703125,9927010000
2026-02-12,23142.869140625,23161.599609375,22548.01953125,22597.150390625,8855290000
2026-02-13,22561.4609375,22742.060546875,22402.380859375,22546.669921875,7964830000
2026-02-17,22394.759765625,22690.830078125,22256.759765625,22578.380859375,7654300000
2026-02-18,22629.849609375,22895.9609375,22597.76953125,22753.630859375,7705590000
2026-02-19,22639.880859375,22768.830078125,22583.609375,22682.73046875,6984780000
2026-02-20,22542.279296875,22948.869140625,22539.05078125,22886.0703125,8063070000
2026-02-23,22840.970703125,22893.220703125,22547.119140625,22627.26953125,8263920000
2026-02-24,22641.599609375,22895.48046875,22528.259765625,22863.6796875,7932270000
2026-02-25,23005.009765625,23169.6796875,23004.689453125,23152.080078125,8427450000
2026-02-26,23100.580078125,23109.4609375,22670.80078125,22878.380859375,9033470000
2026-02-27,22615.4296875,22735.779296875,22538.30078125,22668.2109375,9552610000
2026-03-02,22322.119140625,22802.80078125,22306.080078125,22748.859375,8303030000
2026-03-03,22292.369140625,22601.58984375,22124.779296875,22516.689453125,9705500000
2026-03-04,22620.890625,22891.880859375,22570.669921875,22807.48046875,10918410000
2026-03-05,22707.470703125,22877.01953125,22500.2890625,22748.990234375,10994660000
2026-03-06,22421.169921875,22614.41015625,22328.130859375,22387.6796875,9300220000
2026-03-09,22184.05078125,22741.029296875,22061.970703125,22695.94921875,9797740000
2026-03-10,22722.939453125,22906.720703125,22608.23046875,22697.099609375,8800580000
2026-03-11,22771.26953125,22877.7109375,22602.330078125,22716.130859375,8348570000
2026-03-12,22526.58984375,22550.75,22290.48046875,22311.98046875,8490850000
2026-03-13,22425.69921875,22521.380859375,22069.240234375,22105.359375,8278740000
2026-03-16,22340.390625,22521.58984375,22316.630859375,22374.1796875,8208800000
2026-03-17,22458.029296875,22569.640625,22409.0703125,22479.529296875,8505210000
2026-03-18,22421.9609375,22461.759765625,22144.759765625,22152.419921875,9325170000
2026-03-19,21871.0390625,22187.060546875,21851.05078125,22090.689453125,8547870000
2026-03-20,21989.330078125,21997.08984375,21522.75,21647.609375,11743490000
2026-03-23,21995.779296875,22189.33984375,21865.80078125,21946.759765625,8895880000
2026-03-24,21807.599609375,21916.16015625,21712.0390625,21761.890625,8488380000
2026-03-25,22006.4296875,22093.1796875,21865.4609375,21929.8203125,8056920000
2026-03-26,21693.1796875,21823.580078125,21395.76953125,21408.080078125,7726590000
2026-03-27,21287.189453125,21293.5,20909.9296875,20948.359375,8713310000
2026-03-30,21096.240234375,21139.720703125,20690.25,20794.640625,9234380000
2026-03-31,21064.330078125,21642.619140625,21063.380859375,21590.630859375,10645070000
2026-04-01,21742.7890625,21983.0703125,21723.720703125,21840.94921875,8801740000
2026-04-02,21472.51953125,21906.48046875,21371.3203125,21879.1796875,8134780000
2026-04-06,21939.80078125,22052.41015625,21864.5,21996.33984375,7907270000
2026-04-07,21927.08984375,22024.900390625,21611.0,22017.849609375,10796020000
2026-04-08,22821.2109375,22821.2109375,22501.279296875,22634.990234375,10411670000
2026-04-09,22646.349609375,22836.75,22529.2109375,22822.419921875,8662470000
2026-04-10,22913.91015625,23011.76953125,22845.05078125,22902.890625,8700640000
2026-04-13,22849.23046875,23187.9609375,22795.8203125,23183.740234375,7925320000
2026-04-14,23331.5,23639.080078125,23331.5,23639.080078125,9105660000
2026-04-15,23688.119140625,24026.560546875,23672.259765625,24016.01953125,10206480000
2026-04-16,24062.44921875,24156.1796875,23894.91015625,24102.69921875,9963610000
2026-04-17,24338.009765625,24519.509765625,24286.470703125,24468.48046875,10159120000
2026-04-20,24417.529296875,24435.919921875,24221.529296875,24404.390625,8379940000
2026-04-21,24465.33984375,24537.580078125,24198.990234375,24259.9609375,9309940000
2026-04-22,24462.310546875,24660.109375,24421.400390625,24657.5703125,8080930000
2026-04-23,24553.75,24664.869140625,24209.740234375,24438.5,7956600000
2026-04-24,24616.560546875,24854.0390625,24524.369140625,24836.599609375,10203070000
2026-04-27,24799.640625,24899.369140625,24694.8203125,24887.099609375,8126500000
2026-04-28,24609.5703125,24724.69921875,24524.23046875,24663.80078125,7441950000
2026-04-29,24606.529296875,24724.109375,24532.69921875,24673.240234375,8147470000
2026-04-30,24859.939453125,24935.599609375,24491.830078125,24892.310546875,8139190000
2026-05-01,24977.7890625,25223.119140625,24967.08984375,25114.439453125,7534290000
2026-05-04,25112.1796875,25210.470703125,24913.119140625,25067.80078125,7849180000
2026-05-05,25258.880859375,25361.05078125,25217.16015625,25326.130859375,8090030000
2026-05-06,25495.169921875,25850.189453125,25464.439453125,25838.939453125,8864150000
2026-05-07,25881.30078125,26036.380859375,25713.650390625,25806.19921875,9118880000
2026-05-08,25958.119140625,26248.619140625,25944.779296875,26247.080078125,9577150000
2026-05-11,26135.630859375,26359.310546875,26129.830078125,26274.130859375,11989910000
2026-05-12,26087.009765625,26190.48046875,25739.220703125,26088.19921875,9631840000
2026-05-13,26147.650390625,26474.1796875,25990.16015625,26402.33984375,9734720000
2026-05-14,26425.470703125,26707.140625,26423.2109375,26635.220703125,9860060000
2026-05-15,26288.919921875,26460.759765625,26097.5390625,26225.140625,9584430000
2026-05-18,26289.490234375,26310.83984375,25867.30078125,26090.73046875,10327940000
2026-05-19,25923.490234375,26050.2890625,25701.439453125,25870.7109375,9895620000
2026-05-20,25991.509765625,26273.759765625,25928.330078125,26270.359375,9268370000
2026-05-21,26143.619140625,26403.5703125,26039.369140625,26293.099609375,8627780000
2026-05-22,26381.560546875,26504.55078125,26309.80078125,26343.970703125,9265090000
2026-05-26,26590.5,26725.2890625,26520.30078125,26656.1796875,9718120000
2026-05-27,26695.439453125,26715.310546875,26538.310546875,26674.73046875,9240640000
2026-05-28,26686.529296875,26934.83984375,26588.51953125,26917.470703125,9224620000
2026-05-29,26960.83984375,27094.80078125,26859.26953125,26972.619140625,11906000000
2026-06-01,26952.580078125,27190.2109375,26913.119140625,27086.810546875,10199240000
2026-06-02,27030.0703125,27171.2890625,26932.76953125,27093.900390625,9675650000
2026-06-03,27092.849609375,27130.880859375,26769.150390625,26853.98046875,9267670000
2026-06-04,26579.30078125,26923.69921875,26554.240234375,26830.9609375,8999970000
2026-06-05,26536.58984375,26572.25,25648.470703125,25709.4296875,11550140000
2026-06-08,26065.0703125,26179.650390625,25872.6796875,25929.66015625,10077650000
2026-06-09,26110.310546875,26259.919921875,24980.380859375,25678.8203125,12106940000
2026-06-10,25512.0703125,25726.0,25145.30078125,25169.5,9519620000
2026-06-11,25309.779296875,25846.560546875,25109.390625,25809.66015625,10101910000
2026-06-12,25783.359375,26010.310546875,25599.939453125,25888.83984375,10337400000
2026-06-15,26447.23046875,26687.560546875,26438.76953125,26683.939453125,10590270000
2026-06-16,26649.970703125,26788.619140625,26369.390625,26376.33984375,11132830000
2026-06-17,26493.8203125,26511.55078125,25960.41015625,26021.66015625,11443600000
2026-06-18,26410.619140625,26559.740234375,26188.689453125,26517.9296875,18286150000
2026-06-22,26483.310546875,26561.119140625,26125.48046875,26166.599609375,12844290000
2026-06-23,25549.759765625,25882.5703125,25513.259765625,25587.0390625,14631520000
2026-06-24,25578.619140625,25840.560546875,25354.66015625,25476.640625,14936190000
2026-06-25,25724.779296875,25724.779296875,25123.4296875,25358.599609375,9870860000
2026-06-26,25105.41015625,25491.380859375,25014.9609375,25297.619140625,16594580000
2026-06-29,25502.08984375,25834.349609375,25289.759765625,25820.140625,9776230000
2026-06-30,25824.470703125,26253.0390625,25808.060546875,26213.720703125,9809990000
2026-07-01,26039.509765625,26238.060546875,25954.4609375,26040.029296875,9094410000
2026-07-02,26047.380859375,26261.08984375,25630.509765625,25832.669921875,9529580000
2026-07-06,25999.609375,26209.759765625,25963.439453125,26121.16015625,7827050000
2026-07-07,25960.130859375,26010.01953125,25684.150390625,25818.689453125,8244680000
2026-07-08,25704.66015625,25896.0703125,25526.4609375,25870.650390625,7935740000
2026-07-09,25918.310546875,26215.8203125,25825.849609375,26206.890625,7312220000
2026-07-10,26175.5390625,26301.5390625,26009.490234375,26281.609375,7094480000
2026-07-13,26088.310546875,26139.369140625,25822.099609375,25873.1796875,7231310000
2026-07-14,26015.490234375,26168.80078125,25912.400390625,26107.009765625,7397960000
2026-07-15,26261.1796875,26316.810546875,26041.130859375,26269.23046875,7379560000
2026-07-16,26155.400390625,26165.369140625,25765.44921875,25881.94921875,8294880000
2026-07-17,25412.259765625,25703.009765625,25250.630859375,25520.240234375,7820470000
2026-07-20,25720.869140625,25815.599609375,25501.099609375,25508.0703125,7184070000
2026-07-21,25772.55078125,25880.33984375,25672.830078125,25837.2109375,8001540000
2026-07-22,25693.720703125,25841.310546875,25681.3203125,25690.900390625,7473050000
2026-07-23,25245.5390625,25358.279296875,24954.76953125,25137.689453125,7655810000
2026-07-24,25107.380859375,25222.140625,24918.08984375,24975.8203125,7266300000
2026-07-27,25236.189453125,25261.91015625,24774.869140625,24932.080078125,7797890000
2026-07-28,24825.0703125,24984.5,24581.009765625,24876.91015625,8584960000
2026-07-29,24863.48046875,25054.529296875,24425.33984375,24442.939453125,8276280000
2026-07-30,24852.05078125,25171.439453125,24813.83984375,25122.1796875,9048570000
2026-07-31,25340.7109375,25460.859375,25004.330078125,25373.849609375,11942500000
2026-08-03,25452.66015625,25967.439453125,25420.349609375,25913.900390625,11118460000
2026-08-04,26088.0390625,26679.91015625,26088.0390625,26584.990234375,9717920000
2026-08-05,26698.01953125,26739.0,26348.509765625,26363.439453125,9116070000
2026-08-06,26268.83984375,26499.419921875,26208.4296875,26348.349609375,8936850000
2026-08-07,26534.66015625,26712.619140625,26478.009765625,26690.619140625,8183970000
2026-08-10,26680.439453125,26724.630859375,26548.259765625,26605.359375,7675200000
2026-08-11,26672.1796875,26679.259765625,26372.310546875,26445.44921875,7684920000
2026-08-12,26680.470703125,26688.240234375,26531.9296875,26588.490234375,7873190000
2026-08-13,26631.33984375,26875.51953125,26612.849609375,26803.029296875,8380820000
2026-08-14,26851.150390625,26862.169921875,26661.94921875,26729.16015625,7212180000
2026-08-17,26784.650390625,26798.400390625,26626.380859375,26644.91015625,7644090000
2026-08-18,26346.880859375,26422.5,26266.6796875,26289.7109375,7360790000
2026-08-19,26393.890625,26456.779296875,26185.130859375,26331.08984375,8173140000
2026-08-20,26211.51953125,26263.470703125,26023.119140625,26067.169921875,8244680000
2026-08-21,26198.83984375,26269.849609375,26049.2890625,26180.4609375,7410100000
2026-08-24,26065.3203125,26109.9609375,25910.8203125,25980.189453125,7318150000
2026-08-25,26148.7109375,26225.830078125,26034.349609375,26151.30078125,7483990000
2026-08-26,26099.580078125,26189.810546875,26021.630859375,26130.19921875,7065320000
2026-08-27,26356.98046875,26553.900390625,26273.869140625,26541.349609375,7448410000
2026-08-28,26515.990234375,26700.6796875,26359.26953125,26402.419921875,8457870000
2026-08-31,26358.560546875,26398.330078125,26249.76953125,26370.890625,7679730000
2026-09-01,26031.669921875,26260.6796875,25995.529296875,26099.76953125,6750660000
2026-09-02,26094.0,26245.0390625,26062.6796875,26217.830078125,7442550000
2026-09-03,26336.3203125,26644.5703125,26325.060546875,26584.060546875,7600140000
2026-09-04,26587.900390625,26628.580078125,26444.83984375,26506.990234375,6529110000
2026-09-08,26528.5703125,26542.140625,26341.169921875,26421.41015625,7714560000
2026-09-09,26325.060546875,26366.560546875,26184.2109375,26253.33984375,7379700000
2026-09-10,26021.05078125,26178.25,25979.5390625,26081.720703125,7174170000
2026-09-11,26289.41015625,26431.220703125,26283.109375,26333.0390625,6587900000
2026-09-14,26018.5,26329.98046875,25992.55078125,26186.41015625,7179780000
2026-09-15,26140.23046875,26172.119140625,25943.310546875,25981.5703125,7934200000
2026-09-16,26108.4609375,26225.08984375,25802.9609375,25978.4296875,9968640000
2026-09-17,26377.859375,26460.640625,26289.939453125,26418.30078125,9884890000
